SL NO,BRANDS,PRODUCTS,TOP NOTE,MIDDLE NOTE,BASE NOTE,DESCRIPTION
1,ABDUL SAMAD AL QURASHI,SAFARI EXTREME,"Lemon, Pink Pepper","Jasmine, Cardamom","Patchouli, Vetiver, Amber","Discover Safari Extreme by Abdul Samad Al Qurashi, a refined fragrance crafted to make a lasting impression. It opens with lemon and fresh accords, develops into a smooth heart of jasmine and elegant spices, then settles into a rich base of patchouli and warm woods. Perfect for daily wear or special occasions with long-lasting appeal."
2,ABDUL SAMAD AL QURASHI,MUSK AL AROOS,"Bergamot, Aldehydes","White Floral, Powdery Notes","Musk, Sandalwood, Amber","Discover Musk Al Aroos by Abdul Samad Al Qurashi, a refined fragrance crafted to make a lasting impression. It opens with bergamot and fresh accords, develops into a smooth heart of white floral and elegant spices, then settles into a rich base of musk and warm woods. Perfect for daily wear or special occasions with long-lasting appeal."
3,ABDUL SAMAD AL QURASHI,SAFARI,"Mandarin, Pear","Rose, Orange Blossom","Vanilla, Musk, Sandalwood","Discover Safari by Abdul Samad Al Qurashi, a refined fragrance crafted to make a lasting impression. It opens with mandarin and fresh accords, develops into a smooth heart of rose and elegant spices, then settles into a rich base of vanilla and warm woods. Perfect for daily wear or special occasions with long-lasting appeal."
4,ABERCROMBIE & FITCH,FIERCE,"Lemon, Pink Pepper","Jasmine, Cardamom","Patchouli, Vetiver, Amber","Discover Fierce by Abercrombie & Fitch, a refined fragrance crafted to make a lasting impression. It opens with lemon and fresh accords, develops into a smooth heart of jasmine and elegant spices, then settles into a rich base of patchouli and warm woods. Perfect for daily wear or special occasions with long-lasting appeal."
5,AFNAN,9 PM ELIXIR,"Mandarin, Pear","Rose, Orange Blossom","Vanilla, Musk, Sandalwood","Discover 9 Pm Elixir by Afnan, a refined fragrance crafted to make a lasting impression. It opens with mandarin and fresh accords, develops into a smooth heart of rose and elegant spices, then settles into a rich base of vanilla and warm woods. Perfect for daily wear or special occasions with long-lasting appeal."
6,AFNAN,TURATHI BLUE ELECTRIC,"Lemon, Mint","Lavender, Geranium","Amberwood, Musk, Cedar","Discover Turathi Blue Electric by Afnan, a refined fragrance crafted to make a lasting impression. It opens with lemon and fresh accords, develops into a smooth heart of lavender and elegant spices, then settles into a rich base of amberwood and warm woods. Perfect for daily wear or special occasions with long-lasting appeal."
7,AHMED AL MAGHRIBI,SUMMER OUD,"Saffron, Bergamot","Rose, Jasmine","Oud, Amber, Musk","Discover Summer Oud by Ahmed Al Maghribi, a refined fragrance crafted to make a lasting impression. It opens with saffron and fresh accords, develops into a smooth heart of rose and elegant spices, then settles into a rich base of oud and warm woods. Perfect for daily wear or special occasions with long-lasting appeal."
8,AHMED AL MAGHRIBI,KAAF,"Mandarin, Pear","Rose, Orange Blossom","Vanilla, Musk, Sandalwood","Discover Kaaf by Ahmed Al Maghribi, a refined fragrance crafted to make a lasting impression. It opens with mandarin and fresh accords, develops into a smooth heart of rose and elegant spices, then settles into a rich base of vanilla and warm woods. Perfect for daily wear or special occasions with long-lasting appeal."
9,AHMED AL MAGHRIBI,BIN SHAIKH,"Apple, Bergamot","Lavender, Geranium","Cedarwood, Musk, Amber","Discover Bin Shaikh by Ahmed Al Maghribi, a refined fragrance crafted to make a lasting impression. It opens with apple and fresh accords, develops into a smooth heart of lavender and elegant spices, then settles into a rich base of cedarwood and warm woods. Perfect for daily wear or special occasions with long-lasting appeal."
10,AHMED AL MAGHRIBI,AHL,"Grapefruit, Mint","Lavender, Sage","Tonka Bean, Cedar, Musk","Discover Ahl by Ahmed Al Maghribi, a refined fragrance crafted to make a lasting impression. It opens with grapefruit and fresh accords, develops into a smooth heart of lavender and elegant spices, then settles into a rich base of tonka bean and warm woods. Perfect for daily wear or special occasions with long-lasting appeal."
11,AHMED AL MAGHRIBI,ASWAD,"Lemon, Pink Pepper","Jasmine, Cardamom","Patchouli, Vetiver, Amber","Discover Aswad by Ahmed Al Maghribi, a refined fragrance crafted to make a lasting impression. It opens with lemon and fresh accords, develops into a smooth heart of jasmine and elegant spices, then settles into a rich base of patchouli and warm woods. Perfect for daily wear or special occasions with long-lasting appeal."
12,AHMED AL MAGHRIBl,MARJ,"Grapefruit, Mint","Lavender, Sage","Tonka Bean, Cedar, Musk","Discover Marj by Ahmed Al Maghribl, a refined fragrance crafted to make a lasting impression. It opens with grapefruit and fresh accords, develops into a smooth heart of lavender and elegant spices, then settles into a rich base of tonka bean and warm woods. Perfect for daily wear or special occasions with long-lasting appeal."
13,AJMAL,WISAL LAYL.,"Grapefruit, Mint","Lavender, Sage","Tonka Bean, Cedar, Musk","Discover Wisal Layl. by Ajmal, a refined fragrance crafted to make a lasting impression. It opens with grapefruit and fresh accords, develops into a smooth heart of lavender and elegant spices, then settles into a rich base of tonka bean and warm woods. Perfect for daily wear or special occasions with long-lasting appeal."
14,AJMAL,MUKHALLAT KUWAITI,"Apple, Bergamot","Lavender, Geranium","Cedarwood, Musk, Amber","Discover Mukhallat Kuwaiti by Ajmal, a refined fragrance crafted to make a lasting impression. It opens with apple and fresh accords, develops into a smooth heart of lavender and elegant spices, then settles into a rich base of cedarwood and warm woods. Perfect for daily wear or special occasions with long-lasting appeal."
15,AJMAL,DEHNAL OUDH SHAMS -,"Saffron, Bergamot","Rose, Jasmine","Oud, Amber, Musk","Discover Dehnal Oudh Shams - by Ajmal, a refined fragrance crafted to make a lasting impression. It opens with saffron and fresh accords, develops into a smooth heart of rose and elegant spices, then settles into a rich base of oud and warm woods. Perfect for daily wear or special occasions with long-lasting appeal."
16,AJMAL,OUD DESIRE,"Saffron, Bergamot","Rose, Jasmine","Oud, Amber, Musk","Discover Oud Desire by Ajmal, a refined fragrance crafted to make a lasting impression. It opens with saffron and fresh accords, develops into a smooth heart of rose and elegant spices, then settles into a rich base of oud and warm woods. Perfect for daily wear or special occasions with long-lasting appeal."
17,AJMAL,BLU,"Apple, Bergamot","Lavender, Geranium","Cedarwood, Musk, Amber","Discover Blu by Ajmal, a refined fragrance crafted to make a lasting impression. It opens with apple and fresh accords, develops into a smooth heart of lavender and elegant spices, then settles into a rich base of cedarwood and warm woods. Perfect for daily wear or special occasions with long-lasting appeal."
18,AJMAL,AURUM,"Apple, Bergamot","Lavender, Geranium","Cedarwood, Musk, Amber","Discover Aurum by Ajmal, a refined fragrance crafted to make a lasting impression. It opens with apple and fresh accords, develops into a smooth heart of lavender and elegant spices, then settles into a rich base of cedarwood and warm woods. Perfect for daily wear or special occasions with long-lasting appeal."
19,AJMAL,HATKORA WOOD,"Grapefruit, Mint","Lavender, Sage","Tonka Bean, Cedar, Musk","Discover Hatkora Wood by Ajmal, a refined fragrance crafted to make a lasting impression. It opens with grapefruit and fresh accords, develops into a smooth heart of lavender and elegant spices, then settles into a rich base of tonka bean and warm woods. Perfect for daily wear or special occasions with long-lasting appeal."
20,AJMAL,AMBER WOOD,"Grapefruit, Mint","Lavender, Sage","Tonka Bean, Cedar, Musk","Discover Amber Wood by Ajmal, a refined fragrance crafted to make a lasting impression. It opens with grapefruit and fresh accords, develops into a smooth heart of lavender and elegant spices, then settles into a rich base of tonka bean and warm woods. Perfect for daily wear or special occasions with long-lasting appeal."
21,AJMAL,RAINDROP,"Lemon, Pink Pepper","Jasmine, Cardamom","Patchouli, Vetiver, Amber","Discover Raindrop by Ajmal, a refined fragrance crafted to make a lasting impression. It opens with lemon and fresh accords, develops into a smooth heart of jasmine and elegant spices, then settles into a rich base of patchouli and warm woods. Perfect for daily wear or special occasions with long-lasting appeal."
22,AJMAL,SACRIFICE,"Grapefruit, Mint","Lavender, Sage","Tonka Bean, Cedar, Musk","Discover Sacrifice by Ajmal, a refined fragrance crafted to make a lasting impression. It opens with grapefruit and fresh accords, develops into a smooth heart of lavender and elegant spices, then settles into a rich base of tonka bean and warm woods. Perfect for daily wear or special occasions with long-lasting appeal."
23,AJMAL,MIZYAAN,"Mandarin, Pear","Rose, Orange Blossom","Vanilla, Musk, Sandalwood","Discover Mizyaan by Ajmal, a refined fragrance crafted to make a lasting impression. It opens with mandarin and fresh accords, develops into a smooth heart of rose and elegant spices, then settles into a rich base of vanilla and warm woods. Perfect for daily wear or special occasions with long-lasting appeal."
24,AJMAL,AMIR ONE,"Grapefruit, Mint","Lavender, Sage","Tonka Bean, Cedar, Musk","Discover Amir One by Ajmal, a refined fragrance crafted to make a lasting impression. It opens with grapefruit and fresh accords, develops into a smooth heart of lavender and elegant spices, then settles into a rich base of tonka bean and warm woods. Perfect for daily wear or special occasions with long-lasting appeal."
25,AJMAL,KHOFOOQ,"Mandarin, Pear","Rose, Orange Blossom","Vanilla, Musk, Sandalwood","Discover Khofooq by Ajmal, a refined fragrance crafted to make a lasting impression. It opens with mandarin and fresh accords, develops into a smooth heart of rose and elegant spices, then settles into a rich base of vanilla and warm woods. Perfect for daily wear or special occasions with long-lasting appeal."
26,AJMAL,BLUE MOON,"Lemon, Mint","Lavender, Geranium","Amberwood, Musk, Cedar","Discover Blue Moon by Ajmal, a refined fragrance crafted to make a lasting impression. It opens with lemon and fresh accords, develops into a smooth heart of lavender and elegant spices, then settles into a rich base of amberwood and warm woods. Perfect for daily wear or special occasions with long-lasting appeal."
27,AJMAL,DUBAI OUD,"Saffron, Bergamot","Rose, Jasmine","Oud, Amber, Musk","Discover Dubai Oud by Ajmal, a refined fragrance crafted to make a lasting impression. It opens with saffron and fresh accords, develops into a smooth heart of rose and elegant spices, then settles into a rich base of oud and warm woods. Perfect for daily wear or special occasions with long-lasting appeal."
28,AJMAL,QASIDA,"Grapefruit, Mint","Lavender, Sage","Tonka Bean, Cedar, Musk","Discover Qasida by Ajmal, a refined fragrance crafted to make a lasting impression. It opens with grapefruit and fresh accords, develops into a smooth heart of lavender and elegant spices, then settles into a rich base of tonka bean and warm woods. Perfect for daily wear or special occasions with long-lasting appeal."
29,ALEXANDRE.J,IRIS VIOLET,"Lemon, Pink Pepper","Jasmine, Cardamom","Patchouli, Vetiver, Amber","Discover Iris Violet by Alexandre.J, a refined fragrance crafted to make a lasting impression. It opens with lemon and fresh accords, develops into a smooth heart of jasmine and elegant spices, then settles into a rich base of patchouli and warm woods. Perfect for daily wear or special occasions with long-lasting appeal."
30,AMOUAGE,INTERLUDE,"Mandarin, Pear","Rose, Orange Blossom","Vanilla, Musk, Sandalwood","Discover Interlude by Amouage, a refined fragrance crafted to make a lasting impression. It opens with mandarin and fresh accords, develops into a smooth heart of rose and elegant spices, then settles into a rich base of vanilla and warm woods. Perfect for daily wear or special occasions with long-lasting appeal."
31,AMOUAGE,INTERLUDE BLACK IRIS,"Apple, Bergamot","Lavender, Geranium","Cedarwood, Musk, Amber","Discover Interlude Black Iris by Amouage, a refined fragrance crafted to make a lasting impression. It opens with apple and fresh accords, develops into a smooth heart of lavender and elegant spices, then settles into a rich base of cedarwood and warm woods. Perfect for daily wear or special occasions with long-lasting appeal."
32,AMOUAGE,BRACKEN,"Mandarin, Pear","Rose, Orange Blossom","Vanilla, Musk, Sandalwood","Discover Bracken by Amouage, a refined fragrance crafted to make a lasting impression. It opens with mandarin and fresh accords, develops into a smooth heart of rose and elegant spices, then settles into a rich base of vanilla and warm woods. Perfect for daily wear or special occasions with long-lasting appeal."
33,AMOUAGE,EPIC,"Grapefruit, Mint","Lavender, Sage","Tonka Bean, Cedar, Musk","Discover Epic by Amouage, a refined fragrance crafted to make a lasting impression. It opens with grapefruit and fresh accords, develops into a smooth heart of lavender and elegant spices, then settles into a rich base of tonka bean and warm woods. Perfect for daily wear or special occasions with long-lasting appeal."
34,AMOUAGE,OVERTURE,"Lemon, Pink Pepper","Jasmine, Cardamom","Patchouli, Vetiver, Amber","Discover Overture by Amouage, a refined fragrance crafted to make a lasting impression. It opens with lemon and fresh accords, develops into a smooth heart of jasmine and elegant spices, then settles into a rich base of patchouli and warm woods. Perfect for daily wear or special occasions with long-lasting appeal."
35,AMOUAGE,POTRAYAL WOMEN,"Lemon, Pink Pepper","Jasmine, Cardamom","Patchouli, Vetiver, Amber","Discover Potrayal Women by Amouage, a refined fragrance crafted to make a lasting impression. It opens with lemon and fresh accords, develops into a smooth heart of jasmine and elegant spices, then settles into a rich base of patchouli and warm woods. Perfect for daily wear or special occasions with long-lasting appeal."
36,AMOUAGE,THE LIBRARY COLLECTION OPUS,"Apple, Bergamot","Lavender, Geranium","Cedarwood, Musk, Amber","Discover The Library Collection Opus by Amouage, a refined fragrance crafted to make a lasting impression. It opens with apple and fresh accords, develops into a smooth heart of lavender and elegant spices, then settles into a rich base of cedarwood and warm woods. Perfect for daily wear or special occasions with long-lasting appeal."
37,AMOUAGE,JUBILATION 25,"Grapefruit, Mint","Lavender, Sage","Tonka Bean, Cedar, Musk","Discover Jubilation 25 by Amouage, a refined fragrance crafted to make a lasting impression. It opens with grapefruit and fresh accords, develops into a smooth heart of lavender and elegant spices, then settles into a rich base of tonka bean and warm woods. Perfect for daily wear or special occasions with long-lasting appeal."
38,AMOUAGE,REFLECTION MEN,"Mandarin, Pear","Rose, Orange Blossom","Vanilla, Musk, Sandalwood","Discover Reflection Men by Amouage, a refined fragrance crafted to make a lasting impression. It opens with mandarin and fresh accords, develops into a smooth heart of rose and elegant spices, then settles into a rich base of vanilla and warm woods. Perfect for daily wear or special occasions with long-lasting appeal."
39,AMOUAGE,MATERIAL,"Grapefruit, Mint","Lavender, Sage","Tonka Bean, Cedar, Musk","Discover Material by Amouage, a refined fragrance crafted to make a lasting impression. It opens with grapefruit and fresh accords, develops into a smooth heart of lavender and elegant spices, then settles into a rich base of tonka bean and warm woods. Perfect for daily wear or special occasions with long-lasting appeal."
40,AMOUAGE,HONOR MEN,"Lemon, Pink Pepper","Jasmine, Cardamom","Patchouli, Vetiver, Amber","Discover Honor Men by Amouage, a refined fragrance crafted to make a lasting impression. It opens with lemon and fresh accords, develops into a smooth heart of jasmine and elegant spices, then settles into a rich base of patchouli and warm woods. Perfect for daily wear or special occasions with long-lasting appeal."
41,AMOUAGE,JOURNEY MAN,"Grapefruit, Mint","Lavender, Sage","Tonka Bean, Cedar, Musk","Discover Journey Man by Amouage, a refined fragrance crafted to make a lasting impression. It opens with grapefruit and fresh accords, develops into a smooth heart of lavender and elegant spices, then settles into a rich base of tonka bean and warm woods. Perfect for daily wear or special occasions with long-lasting appeal."
42,AMOUAGE,GUIDANCE MEN,"Lemon, Pink Pepper","Jasmine, Cardamom","Patchouli, Vetiver, Amber","Discover Guidance Men by Amouage, a refined fragrance crafted to make a lasting impression. It opens with lemon and fresh accords, develops into a smooth heart of jasmine and elegant spices, then settles into a rich base of patchouli and warm woods. Perfect for daily wear or special occasions with long-lasting appeal."
43,AMOUAGE,OUTLANDS MAN,"Lemon, Pink Pepper","Jasmine, Cardamom","Patchouli, Vetiver, Amber","Discover Outlands Man by Amouage, a refined fragrance crafted to make a lasting impression. It opens with lemon and fresh accords, develops into a smooth heart of jasmine and elegant spices, then settles into a rich base of patchouli and warm woods. Perfect for daily wear or special occasions with long-lasting appeal."
44,AMOUAGE,PURPOSE 50,"Lemon, Pink Pepper","Jasmine, Cardamom","Patchouli, Vetiver, Amber","Discover Purpose 50 by Amouage, a refined fragrance crafted to make a lasting impression. It opens with lemon and fresh accords, develops into a smooth heart of jasmine and elegant spices, then settles into a rich base of patchouli and warm woods. Perfect for daily wear or special occasions with long-lasting appeal."
45,AMOUAGE,HONOUR MAN,"Mandarin, Pear","Rose, Orange Blossom","Vanilla, Musk, Sandalwood","Discover Honour Man by Amouage, a refined fragrance crafted to make a lasting impression. It opens with mandarin and fresh accords, develops into a smooth heart of rose and elegant spices, then settles into a rich base of vanilla and warm woods. Perfect for daily wear or special occasions with long-lasting appeal."
46,AMOUAGE,OPUS XVII TIMBER,"Grapefruit, Mint","Lavender, Sage","Tonka Bean, Cedar, Musk","Discover Opus Xvii Timber by Amouage, a refined fragrance crafted to make a lasting impression. It opens with grapefruit and fresh accords, develops into a smooth heart of lavender and elegant spices, then settles into a rich base of tonka bean and warm woods. Perfect for daily wear or special occasions with long-lasting appeal."
47,AMOUAGE,HONOUR WOMAN,"Grapefruit, Mint","Lavender, Sage","Tonka Bean, Cedar, Musk","Discover Honour Woman by Amouage, a refined fragrance crafted to make a lasting impression. It opens with grapefruit and fresh accords, develops into a smooth heart of lavender and elegant spices, then settles into a rich base of tonka bean and warm woods. Perfect for daily wear or special occasions with long-lasting appeal."
48,AMOUROUD,OUD AFTER DARK,"Saffron, Bergamot","Rose, Jasmine","Oud, Amber, Musk","Discover Oud After Dark by Amouroud, a refined fragrance crafted to make a lasting impression. It opens with saffron and fresh accords, develops into a smooth heart of rose and elegant spices, then settles into a rich base of oud and warm woods. Perfect for daily wear or special occasions with long-lasting appeal."
49,ARABIAN OUD,KASHMIRI MUSK,"Bergamot, Aldehydes","White Floral, Powdery Notes","Musk, Sandalwood, Amber","Discover Kashmiri Musk by Arabian Oud, a refined fragrance crafted to make a lasting impression. It opens with bergamot and fresh accords, develops into a smooth heart of white floral and elegant spices, then settles into a rich base of musk and warm woods. Perfect for daily wear or special occasions with long-lasting appeal."
50,ARD AL ZAAFARAN,MOUSOUF BROWN,"Mandarin, Pear","Rose, Orange Blossom","Vanilla, Musk, Sandalwood","Discover Mousouf Brown by Ard Al Zaafaran, a refined fragrance crafted to make a lasting impression. It opens with mandarin and fresh accords, develops into a smooth heart of rose and elegant spices, then settles into a rich base of vanilla and warm woods. Perfect for daily wear or special occasions with long-lasting appeal."
51,ARD AL ZAAFARAN,DIRHAM,"Grapefruit, Mint","Lavender, Sage","Tonka Bean, Cedar, Musk","Discover Dirham by Ard Al Zaafaran, a refined fragrance crafted to make a lasting impression. It opens with grapefruit and fresh accords, develops into a smooth heart of lavender and elegant spices, then settles into a rich base of tonka bean and warm woods. Perfect for daily wear or special occasions with long-lasting appeal."
52,ARMAF,HIGH STREET,"Lemon, Pink Pepper","Jasmine, Cardamom","Patchouli, Vetiver, Amber","Discover High Street by Armaf, a refined fragrance crafted to make a lasting impression. It opens with lemon and fresh accords, develops into a smooth heart of jasmine and elegant spices, then settles into a rich base of patchouli and warm woods. Perfect for daily wear or special occasions with long-lasting appeal."
53,ARMANI,AQUA DI GIO PARFUM,"Marine Notes, Lemon","Lavender, Neroli","Musk, Cedarwood, Amber","Discover Aqua Di Gio Parfum by Armani, a refined fragrance crafted to make a lasting impression. It opens with marine notes and fresh accords, develops into a smooth heart of lavender and elegant spices, then settles into a rich base of musk and warm woods. Perfect for daily wear or special occasions with long-lasting appeal."
54,ARMANI,CODE PURFUMO,"Lemon, Pink Pepper","Jasmine, Cardamom","Patchouli, Vetiver, Amber","Discover Code Purfumo by Armani, a refined fragrance crafted to make a lasting impression. It opens with lemon and fresh accords, develops into a smooth heart of jasmine and elegant spices, then settles into a rich base of patchouli and warm woods. Perfect for daily wear or special occasions with long-lasting appeal."
55,ARMANI,CODE WOMEN,"Apple, Bergamot","Lavender, Geranium","Cedarwood, Musk, Amber","Discover Code Women by Armani, a refined fragrance crafted to make a lasting impression. It opens with apple and fresh accords, develops into a smooth heart of lavender and elegant spices, then settles into a rich base of cedarwood and warm woods. Perfect for daily wear or special occasions with long-lasting appeal."
56,ARMANI,CODE MEN,"Apple, Bergamot","Lavender, Geranium","Cedarwood, Musk, Amber","Discover Code Men by Armani, a refined fragrance crafted to make a lasting impression. It opens with apple and fresh accords, develops into a smooth heart of lavender and elegant spices, then settles into a rich base of cedarwood and warm woods. Perfect for daily wear or special occasions with long-lasting appeal."
57,ARMANI,AQUA DI GIO POUR HOMME,"Marine Notes, Lemon","Lavender, Neroli","Musk, Cedarwood, Amber","Discover Aqua Di Gio Pour Homme by Armani, a refined fragrance crafted to make a lasting impression. It opens with marine notes and fresh accords, develops into a smooth heart of lavender and elegant spices, then settles into a rich base of musk and warm woods. Perfect for daily wear or special occasions with long-lasting appeal."
58,ARMANI,AQUA DI GIO PROFUMO,"Marine Notes, Lemon","Lavender, Neroli","Musk, Cedarwood, Amber","Discover Aqua Di Gio Profumo by Armani, a refined fragrance crafted to make a lasting impression. It opens with marine notes and fresh accords, develops into a smooth heart of lavender and elegant spices, then settles into a rich base of musk and warm woods. Perfect for daily wear or special occasions with long-lasting appeal."
59,ARMANI,AQUA DI GIO PROFONDO,"Marine Notes, Lemon","Lavender, Neroli","Musk, Cedarwood, Amber","Discover Aqua Di Gio Profondo by Armani, a refined fragrance crafted to make a lasting impression. It opens with marine notes and fresh accords, develops into a smooth heart of lavender and elegant spices, then settles into a rich base of musk and warm woods. Perfect for daily wear or special occasions with long-lasting appeal."
60,ARMANI,AQUA DI GIO ABSOLU,"Marine Notes, Lemon","Lavender, Neroli","Musk, Cedarwood, Amber","Discover Aqua Di Gio Absolu by Armani, a refined fragrance crafted to make a lasting impression. It opens with marine notes and fresh accords, develops into a smooth heart of lavender and elegant spices, then settles into a rich base of musk and warm woods. Perfect for daily wear or special occasions with long-lasting appeal."
61,ARMANI,IKAT ROUGE,"Lemon, Pink Pepper","Jasmine, Cardamom","Patchouli, Vetiver, Amber","Discover Ikat Rouge by Armani, a refined fragrance crafted to make a lasting impression. It opens with lemon and fresh accords, develops into a smooth heart of jasmine and elegant spices, then settles into a rich base of patchouli and warm woods. Perfect for daily wear or special occasions with long-lasting appeal."
62,ARMANI,STRONGER WITH YOU,"Mandarin, Pear","Rose, Orange Blossom","Vanilla, Musk, Sandalwood","Discover Stronger With You by Armani, a refined fragrance crafted to make a lasting impression. It opens with mandarin and fresh accords, develops into a smooth heart of rose and elegant spices, then settles into a rich base of vanilla and warm woods. Perfect for daily wear or special occasions with long-lasting appeal."
63,ARMANI,STRONGER WITH YOU FREEZE,"Lemon, Pink Pepper","Jasmine, Cardamom","Patchouli, Vetiver, Amber","Discover Stronger With You Freeze by Armani, a refined fragrance crafted to make a lasting impression. It opens with lemon and fresh accords, develops into a smooth heart of jasmine and elegant spices, then settles into a rich base of patchouli and warm woods. Perfect for daily wear or special occasions with long-lasting appeal."
64,ARMANI,ROSE MILANO,"Lychee, Bergamot","Rose, Peony","Musk, Patchouli, Vanilla","Discover Rose Milano by Armani, a refined fragrance crafted to make a lasting impression. It opens with lychee and fresh accords, develops into a smooth heart of rose and elegant spices, then settles into a rich base of musk and warm woods. Perfect for daily wear or special occasions with long-lasting appeal."
65,ARMANI,CODE SPORT,"Mandarin, Pear","Rose, Orange Blossom","Vanilla, Musk, Sandalwood","Discover Code Sport by Armani, a refined fragrance crafted to make a lasting impression. It opens with mandarin and fresh accords, develops into a smooth heart of rose and elegant spices, then settles into a rich base of vanilla and warm woods. Perfect for daily wear or special occasions with long-lasting appeal."
66,ARMANI,SI PASSIONE,"Grapefruit, Mint","Lavender, Sage","Tonka Bean, Cedar, Musk","Discover Si Passione by Armani, a refined fragrance crafted to make a lasting impression. It opens with grapefruit and fresh accords, develops into a smooth heart of lavender and elegant spices, then settles into a rich base of tonka bean and warm woods. Perfect for daily wear or special occasions with long-lasting appeal."
67,ARMANI,ARMANI SI,"Mandarin, Pear","Rose, Orange Blossom","Vanilla, Musk, Sandalwood","Discover Armani Si by Armani, a refined fragrance crafted to make a lasting impression. It opens with mandarin and fresh accords, develops into a smooth heart of rose and elegant spices, then settles into a rich base of vanilla and warm woods. Perfect for daily wear or special occasions with long-lasting appeal."
68,ARMANI,MY WAY,"Apple, Bergamot","Lavender, Geranium","Cedarwood, Musk, Amber","Discover My Way by Armani, a refined fragrance crafted to make a lasting impression. It opens with apple and fresh accords, develops into a smooth heart of lavender and elegant spices, then settles into a rich base of cedarwood and warm woods. Perfect for daily wear or special occasions with long-lasting appeal."
69,ARMANI,AQUA INSTINCT,"Marine Notes, Lemon","Lavender, Neroli","Musk, Cedarwood, Amber","Discover Aqua Instinct by Armani, a refined fragrance crafted to make a lasting impression. It opens with marine notes and fresh accords, develops into a smooth heart of lavender and elegant spices, then settles into a rich base of musk and warm woods. Perfect for daily wear or special occasions with long-lasting appeal."
70,ARMANI,CODE COLONIA,"Grapefruit, Mint","Lavender, Sage","Tonka Bean, Cedar, Musk","Discover Code Colonia by Armani, a refined fragrance crafted to make a lasting impression. It opens with grapefruit and fresh accords, develops into a smooth heart of lavender and elegant spices, then settles into a rich base of tonka bean and warm woods. Perfect for daily wear or special occasions with long-lasting appeal."
71,ARMANI,MANIA ARMANI,"Mandarin, Pear","Rose, Orange Blossom","Vanilla, Musk, Sandalwood","Discover Mania Armani by Armani, a refined fragrance crafted to make a lasting impression. It opens with mandarin and fresh accords, develops into a smooth heart of rose and elegant spices, then settles into a rich base of vanilla and warm woods. Perfect for daily wear or special occasions with long-lasting appeal."
72,ARMANI,PRIVE OUDH,"Saffron, Bergamot","Rose, Jasmine","Oud, Amber, Musk","Discover Prive Oudh by Armani, a refined fragrance crafted to make a lasting impression. It opens with saffron and fresh accords, develops into a smooth heart of rose and elegant spices, then settles into a rich base of oud and warm woods. Perfect for daily wear or special occasions with long-lasting appeal."
73,ARMANI,STRONGER WITH YOU OUD -,"Saffron, Bergamot","Rose, Jasmine","Oud, Amber, Musk","Discover Stronger With You Oud - by Armani, a refined fragrance crafted to make a lasting impression. It opens with saffron and fresh accords, develops into a smooth heart of rose and elegant spices, then settles into a rich base of oud and warm woods. Perfect for daily wear or special occasions with long-lasting appeal."
74,ARMANI,STRONGER WITH YOU LEATHER,"Grapefruit, Mint","Lavender, Sage","Tonka Bean, Cedar, Musk","Discover Stronger With You Leather by Armani, a refined fragrance crafted to make a lasting impression. It opens with grapefruit and fresh accords, develops into a smooth heart of lavender and elegant spices, then settles into a rich base of tonka bean and warm woods. Perfect for daily wear or special occasions with long-lasting appeal."
75,ARMANI,OUD PRIVE,"Saffron, Bergamot","Rose, Jasmine","Oud, Amber, Musk","Discover Oud Prive by Armani, a refined fragrance crafted to make a lasting impression. It opens with saffron and fresh accords, develops into a smooth heart of rose and elegant spices, then settles into a rich base of oud and warm woods. Perfect for daily wear or special occasions with long-lasting appeal."
76,ARMANI,MUSC SHAMAL,"Apple, Bergamot","Lavender, Geranium","Cedarwood, Musk, Amber","Discover Musc Shamal by Armani, a refined fragrance crafted to make a lasting impression. It opens with apple and fresh accords, develops into a smooth heart of lavender and elegant spices, then settles into a rich base of cedarwood and warm woods. Perfect for daily wear or special occasions with long-lasting appeal."
77,ARMANI,PRIVE ROSE D'ARABIA,"Lychee, Bergamot","Rose, Peony","Musk, Patchouli, Vanilla","Discover Prive Rose D'Arabia by Armani, a refined fragrance crafted to make a lasting impression. It opens with lychee and fresh accords, develops into a smooth heart of rose and elegant spices, then settles into a rich base of musk and warm woods. Perfect for daily wear or special occasions with long-lasting appeal."
78,ARMANI,STRONGER WITH SANDALWOOD,"Grapefruit, Mint","Lavender, Sage","Tonka Bean, Cedar, Musk","Discover Stronger With Sandalwood by Armani, a refined fragrance crafted to make a lasting impression. It opens with grapefruit and fresh accords, develops into a smooth heart of lavender and elegant spices, then settles into a rich base of tonka bean and warm woods. Perfect for daily wear or special occasions with long-lasting appeal."
79,ARMANI,STRONGER WITH YOU PARFUM,"Apple, Bergamot","Lavender, Geranium","Cedarwood, Musk, Amber","Discover Stronger With You Parfum by Armani, a refined fragrance crafted to make a lasting impression. It opens with apple and fresh accords, develops into a smooth heart of lavender and elegant spices, then settles into a rich base of cedarwood and warm woods. Perfect for daily wear or special occasions with long-lasting appeal."
80,ATKINSONS,OUD SAVE THE QUEEN -,"Saffron, Bergamot","Rose, Jasmine","Oud, Amber, Musk","Discover Oud Save The Queen - by Atkinsons, a refined fragrance crafted to make a lasting impression. It opens with saffron and fresh accords, develops into a smooth heart of rose and elegant spices, then settles into a rich base of oud and warm woods. Perfect for daily wear or special occasions with long-lasting appeal."
81,AZZARO,THE MOST WANTED PARFUM,"Mandarin, Pear","Rose, Orange Blossom","Vanilla, Musk, Sandalwood","Discover The Most Wanted Parfum by Azzaro, a refined fragrance crafted to make a lasting impression. It opens with mandarin and fresh accords, develops into a smooth heart of rose and elegant spices, then settles into a rich base of vanilla and warm woods. Perfect for daily wear or special occasions with long-lasting appeal."
82,AZZARO,POUR  HOMME,"Mandarin, Pear","Rose, Orange Blossom","Vanilla, Musk, Sandalwood","Discover Pour  Homme by Azzaro, a refined fragrance crafted to make a lasting impression. It opens with mandarin and fresh accords, develops into a smooth heart of rose and elegant spices, then settles into a rich base of vanilla and warm woods. Perfect for daily wear or special occasions with long-lasting appeal."
83,AZZARO,WANTED,"Apple, Bergamot","Lavender, Geranium","Cedarwood, Musk, Amber","Discover Wanted by Azzaro, a refined fragrance crafted to make a lasting impression. It opens with apple and fresh accords, develops into a smooth heart of lavender and elegant spices, then settles into a rich base of cedarwood and warm woods. Perfect for daily wear or special occasions with long-lasting appeal."
84,AZZARO,CHROME,"Grapefruit, Mint","Lavender, Sage","Tonka Bean, Cedar, Musk","Discover Chrome by Azzaro, a refined fragrance crafted to make a lasting impression. It opens with grapefruit and fresh accords, develops into a smooth heart of lavender and elegant spices, then settles into a rich base of tonka bean and warm woods. Perfect for daily wear or special occasions with long-lasting appeal."
85,AZZARO,WANTED BY NIGHT,"Apple, Bergamot","Cinnamon, Lavender","Vanilla, Tonka Bean, Amber","Discover Wanted By Night by Azzaro, a refined fragrance crafted to make a lasting impression. It opens with apple and fresh accords, develops into a smooth heart of cinnamon and elegant spices, then settles into a rich base of vanilla and warm woods. Perfect for daily wear or special occasions with long-lasting appeal."
86,AZZARO,MOST WANTED,"Apple, Bergamot","Lavender, Geranium","Cedarwood, Musk, Amber","Discover Most Wanted by Azzaro, a refined fragrance crafted to make a lasting impression. It opens with apple and fresh accords, develops into a smooth heart of lavender and elegant spices, then settles into a rich base of cedarwood and warm woods. Perfect for daily wear or special occasions with long-lasting appeal."
87,AZZARO,AZZARO POUR ELLE,"Apple, Bergamot","Lavender, Geranium","Cedarwood, Musk, Amber","Discover Azzaro Pour Elle by Azzaro, a refined fragrance crafted to make a lasting impression. It opens with apple and fresh accords, develops into a smooth heart of lavender and elegant spices, then settles into a rich base of cedarwood and warm woods. Perfect for daily wear or special occasions with long-lasting appeal."
88,AZZARO,FOREVER WANTED ELIXIR,"Mandarin, Pear","Rose, Orange Blossom","Vanilla, Musk, Sandalwood","Discover Forever Wanted Elixir by Azzaro, a refined fragrance crafted to make a lasting impression. It opens with mandarin and fresh accords, develops into a smooth heart of rose and elegant spices, then settles into a rich base of vanilla and warm woods. Perfect for daily wear or special occasions with long-lasting appeal."
89,BATH & BODY WORKS,PINK CHIFFON,"Apple, Bergamot","Lavender, Geranium","Cedarwood, Musk, Amber","Discover Pink Chiffon by Bath & Body Works, a refined fragrance crafted to make a lasting impression. It opens with apple and fresh accords, develops into a smooth heart of lavender and elegant spices, then settles into a rich base of cedarwood and warm woods. Perfect for daily wear or special occasions with long-lasting appeal."
90,BOADICEA,BLUE SAPPHIRE,"Lemon, Mint","Lavender, Geranium","Amberwood, Musk, Cedar","Discover Blue Sapphire by Boadicea, a refined fragrance crafted to make a lasting impression. It opens with lemon and fresh accords, develops into a smooth heart of lavender and elegant spices, then settles into a rich base of amberwood and warm woods. Perfect for daily wear or special occasions with long-lasting appeal."
91,BODICEA THE VICTORIOUS,HANUMAN,"Mandarin, Pear","Rose, Orange Blossom","Vanilla, Musk, Sandalwood","Discover Hanuman by Bodicea The Victorious, a refined fragrance crafted to make a lasting impression. It opens with mandarin and fresh accords, develops into a smooth heart of rose and elegant spices, then settles into a rich base of vanilla and warm woods. Perfect for daily wear or special occasions with long-lasting appeal."
92,BOND NO 9,NEY YORK OUD,"Saffron, Bergamot","Rose, Jasmine","Oud, Amber, Musk","Discover Ney York Oud by Bond No 9, a refined fragrance crafted to make a lasting impression. It opens with saffron and fresh accords, develops into a smooth heart of rose and elegant spices, then settles into a rich base of oud and warm woods. Perfect for daily wear or special occasions with long-lasting appeal."
93,BRUT,CLASSIC,"Apple, Bergamot","Lavender, Geranium","Cedarwood, Musk, Amber","Discover Classic by Brut, a refined fragrance crafted to make a lasting impression. It opens with apple and fresh accords, develops into a smooth heart of lavender and elegant spices, then settles into a rich base of cedarwood and warm woods. Perfect for daily wear or special occasions with long-lasting appeal."
94,BURBERRY,BODY WOMEN,"Lemon, Pink Pepper","Jasmine, Cardamom","Patchouli, Vetiver, Amber","Discover Body Women by Burberry, a refined fragrance crafted to make a lasting impression. It opens with lemon and fresh accords, develops into a smooth heart of jasmine and elegant spices, then settles into a rich base of patchouli and warm woods. Perfect for daily wear or special occasions with long-lasting appeal."
95,BURBERRY,BRIT RHYTHM MEN,"Lemon, Pink Pepper","Jasmine, Cardamom","Patchouli, Vetiver, Amber","Discover Brit Rhythm Men by Burberry, a refined fragrance crafted to make a lasting impression. It opens with lemon and fresh accords, develops into a smooth heart of jasmine and elegant spices, then settles into a rich base of patchouli and warm woods. Perfect for daily wear or special occasions with long-lasting appeal."
96,BURBERRY,MR BURBERY,"Apple, Bergamot","Lavender, Geranium","Cedarwood, Musk, Amber","Discover Mr Burbery by Burberry, a refined fragrance crafted to make a lasting impression. It opens with apple and fresh accords, develops into a smooth heart of lavender and elegant spices, then settles into a rich base of cedarwood and warm woods. Perfect for daily wear or special occasions with long-lasting appeal."
97,BURBERRY,WEEKEND WOMEN,"Apple, Bergamot","Lavender, Geranium","Cedarwood, Musk, Amber","Discover Weekend Women by Burberry, a refined fragrance crafted to make a lasting impression. It opens with apple and fresh accords, develops into a smooth heart of lavender and elegant spices, then settles into a rich base of cedarwood and warm woods. Perfect for daily wear or special occasions with long-lasting appeal."
98,BURBERRY,MY BURBERY BLACK WOMEN,"Mandarin, Pear","Rose, Orange Blossom","Vanilla, Musk, Sandalwood","Discover My Burbery Black Women by Burberry, a refined fragrance crafted to make a lasting impression. It opens with mandarin and fresh accords, develops into a smooth heart of rose and elegant spices, then settles into a rich base of vanilla and warm woods. Perfect for daily wear or special occasions with long-lasting appeal."
99,BURBERRY,TOUCH MEN,"Grapefruit, Mint","Lavender, Sage","Tonka Bean, Cedar, Musk","Discover Touch Men by Burberry, a refined fragrance crafted to make a lasting impression. It opens with grapefruit and fresh accords, develops into a smooth heart of lavender and elegant spices, then settles into a rich base of tonka bean and warm woods. Perfect for daily wear or special occasions with long-lasting appeal."
100,BURBERRY,HERO,"Apple, Bergamot","Lavender, Geranium","Cedarwood, Musk, Amber","Discover Hero by Burberry, a refined fragrance crafted to make a lasting impression. It opens with apple and fresh accords, develops into a smooth heart of lavender and elegant spices, then settles into a rich base of cedarwood and warm woods. Perfect for daily wear or special occasions with long-lasting appeal."
101,BURBERRY,BURBERRY HER ELIXIR DE PERFUME,"Grapefruit, Mint","Lavender, Sage","Tonka Bean, Cedar, Musk","Discover Burberry Her Elixir De Perfume by Burberry, a refined fragrance crafted to make a lasting impression. It opens with grapefruit and fresh accords, develops into a smooth heart of lavender and elegant spices, then settles into a rich base of tonka bean and warm woods. Perfect for daily wear or special occasions with long-lasting appeal."
102,BURBERRY,LONDON MEN,"Apple, Bergamot","Lavender, Geranium","Cedarwood, Musk, Amber","Discover London Men by Burberry, a refined fragrance crafted to make a lasting impression. It opens with apple and fresh accords, develops into a smooth heart of lavender and elegant spices, then settles into a rich base of cedarwood and warm woods. Perfect for daily wear or special occasions with long-lasting appeal."
103,BURBERRY,FOR HER,"Grapefruit, Mint","Lavender, Sage","Tonka Bean, Cedar, Musk","Discover For Her by Burberry, a refined fragrance crafted to make a lasting impression. It opens with grapefruit and fresh accords, develops into a smooth heart of lavender and elegant spices, then settles into a rich base of tonka bean and warm woods. Perfect for daily wear or special occasions with long-lasting appeal."
104,BVLGARI,AQUA,"Marine Notes, Lemon","Lavender, Neroli","Musk, Cedarwood, Amber","Discover Aqua by Bvlgari, a refined fragrance crafted to make a lasting impression. It opens with marine notes and fresh accords, develops into a smooth heart of lavender and elegant spices, then settles into a rich base of musk and warm woods. Perfect for daily wear or special occasions with long-lasting appeal."
105,BVLGARI,AQUA AMARA,"Marine Notes, Lemon","Lavender, Neroli","Musk, Cedarwood, Amber","Discover Aqua Amara by Bvlgari, a refined fragrance crafted to make a lasting impression. It opens with marine notes and fresh accords, develops into a smooth heart of lavender and elegant spices, then settles into a rich base of musk and warm woods. Perfect for daily wear or special occasions with long-lasting appeal."
106,BVLGARI,WOOD ESSENCE,"Mandarin, Pear","Rose, Orange Blossom","Vanilla, Musk, Sandalwood","Discover Wood Essence by Bvlgari, a refined fragrance crafted to make a lasting impression. It opens with mandarin and fresh accords, develops into a smooth heart of rose and elegant spices, then settles into a rich base of vanilla and warm woods. Perfect for daily wear or special occasions with long-lasting appeal."
107,BVLGARI,TYGAR,"Mandarin, Pear","Rose, Orange Blossom","Vanilla, Musk, Sandalwood","Discover Tygar by Bvlgari, a refined fragrance crafted to make a lasting impression. It opens with mandarin and fresh accords, develops into a smooth heart of rose and elegant spices, then settles into a rich base of vanilla and warm woods. Perfect for daily wear or special occasions with long-lasting appeal."
108,BVLGARI,AQUA MARINE,"Marine Notes, Lemon","Lavender, Neroli","Musk, Cedarwood, Amber","Discover Aqua Marine by Bvlgari, a refined fragrance crafted to make a lasting impression. It opens with marine notes and fresh accords, develops into a smooth heart of lavender and elegant spices, then settles into a rich base of musk and warm woods. Perfect for daily wear or special occasions with long-lasting appeal."
109,BVLGARI,EXTREME,"Mandarin, Pear","Rose, Orange Blossom","Vanilla, Musk, Sandalwood","Discover Extreme by Bvlgari, a refined fragrance crafted to make a lasting impression. It opens with mandarin and fresh accords, develops into a smooth heart of rose and elegant spices, then settles into a rich base of vanilla and warm woods. Perfect for daily wear or special occasions with long-lasting appeal."
110,BVLGARI,MAN IN BLACK,"Apple, Bergamot","Lavender, Geranium","Cedarwood, Musk, Amber","Discover Man In Black by Bvlgari, a refined fragrance crafted to make a lasting impression. It opens with apple and fresh accords, develops into a smooth heart of lavender and elegant spices, then settles into a rich base of cedarwood and warm woods. Perfect for daily wear or special occasions with long-lasting appeal."
111,BVLGARI,OMNIA AMYTHYST,"Mandarin, Pear","Rose, Orange Blossom","Vanilla, Musk, Sandalwood","Discover Omnia Amythyst by Bvlgari, a refined fragrance crafted to make a lasting impression. It opens with mandarin and fresh accords, develops into a smooth heart of rose and elegant spices, then settles into a rich base of vanilla and warm woods. Perfect for daily wear or special occasions with long-lasting appeal."
112,BVLGARI,LE GEMME FALKAR MEN,"Mandarin, Pear","Rose, Orange Blossom","Vanilla, Musk, Sandalwood","Discover Le Gemme Falkar Men by Bvlgari, a refined fragrance crafted to make a lasting impression. It opens with mandarin and fresh accords, develops into a smooth heart of rose and elegant spices, then settles into a rich base of vanilla and warm woods. Perfect for daily wear or special occasions with long-lasting appeal."
113,BVLGARI,TERRAE ESSENCE,"Grapefruit, Mint","Lavender, Sage","Tonka Bean, Cedar, Musk","Discover Terrae Essence by Bvlgari, a refined fragrance crafted to make a lasting impression. It opens with grapefruit and fresh accords, develops into a smooth heart of lavender and elegant spices, then settles into a rich base of tonka bean and warm woods. Perfect for daily wear or special occasions with long-lasting appeal."
114,BVLGARI,GYAN,"Lemon, Pink Pepper","Jasmine, Cardamom","Patchouli, Vetiver, Amber","Discover Gyan by Bvlgari, a refined fragrance crafted to make a lasting impression. It opens with lemon and fresh accords, develops into a smooth heart of jasmine and elegant spices, then settles into a rich base of patchouli and warm woods. Perfect for daily wear or special occasions with long-lasting appeal."
115,BVLGARI,BACIAMI,"Apple, Bergamot","Lavender, Geranium","Cedarwood, Musk, Amber","Discover Baciami by Bvlgari, a refined fragrance crafted to make a lasting impression. It opens with apple and fresh accords, develops into a smooth heart of lavender and elegant spices, then settles into a rich base of cedarwood and warm woods. Perfect for daily wear or special occasions with long-lasting appeal."
116,BVLGARI,LE GEMME OROM,"Lemon, Pink Pepper","Jasmine, Cardamom","Patchouli, Vetiver, Amber","Discover Le Gemme Orom by Bvlgari, a refined fragrance crafted to make a lasting impression. It opens with lemon and fresh accords, develops into a smooth heart of jasmine and elegant spices, then settles into a rich base of patchouli and warm woods. Perfect for daily wear or special occasions with long-lasting appeal."
117,BYREDO,BIBLIOTHÈQUE,"Mandarin, Pear","Rose, Orange Blossom","Vanilla, Musk, Sandalwood","Discover Bibliothèque by Byredo, a refined fragrance crafted to make a lasting impression. It opens with mandarin and fresh accords, develops into a smooth heart of rose and elegant spices, then settles into a rich base of vanilla and warm woods. Perfect for daily wear or special occasions with long-lasting appeal."
118,BYREDO,OPEN SKY,"Grapefruit, Mint","Lavender, Sage","Tonka Bean, Cedar, Musk","Discover Open Sky by Byredo, a refined fragrance crafted to make a lasting impression. It opens with grapefruit and fresh accords, develops into a smooth heart of lavender and elegant spices, then settles into a rich base of tonka bean and warm woods. Perfect for daily wear or special occasions with long-lasting appeal."
119,BYREDO,SUPER CEDAR,"Mandarin, Pear","Rose, Orange Blossom","Vanilla, Musk, Sandalwood","Discover Super Cedar by Byredo, a refined fragrance crafted to make a lasting impression. It opens with mandarin and fresh accords, develops into a smooth heart of rose and elegant spices, then settles into a rich base of vanilla and warm woods. Perfect for daily wear or special occasions with long-lasting appeal."
120,BYREDO,ROSE OF NO MAN'S LAND ABSOLU,"Lychee, Bergamot","Rose, Peony","Musk, Patchouli, Vanilla","Discover Rose Of No Man'S Land Absolu by Byredo, a refined fragrance crafted to make a lasting impression. It opens with lychee and fresh accords, develops into a smooth heart of rose and elegant spices, then settles into a rich base of musk and warm woods. Perfect for daily wear or special occasions with long-lasting appeal."
121,BYREDO,SUNDAZED,"Grapefruit, Mint","Lavender, Sage","Tonka Bean, Cedar, Musk","Discover Sundazed by Byredo, a refined fragrance crafted to make a lasting impression. It opens with grapefruit and fresh accords, develops into a smooth heart of lavender and elegant spices, then settles into a rich base of tonka bean and warm woods. Perfect for daily wear or special occasions with long-lasting appeal."
122,BYREDO,BAL D AFRIQUE,"Grapefruit, Mint","Lavender, Sage","Tonka Bean, Cedar, Musk","Discover Bal D Afrique by Byredo, a refined fragrance crafted to make a lasting impression. It opens with grapefruit and fresh accords, develops into a smooth heart of lavender and elegant spices, then settles into a rich base of tonka bean and warm woods. Perfect for daily wear or special occasions with long-lasting appeal."
123,BYREDO,ACCORD OUD,"Saffron, Bergamot","Rose, Jasmine","Oud, Amber, Musk","Discover Accord Oud by Byredo, a refined fragrance crafted to make a lasting impression. It opens with saffron and fresh accords, develops into a smooth heart of rose and elegant spices, then settles into a rich base of oud and warm woods. Perfect for daily wear or special occasions with long-lasting appeal."
124,BYREDO,MOJAVE GHOST,"Grapefruit, Mint","Lavender, Sage","Tonka Bean, Cedar, Musk","Discover Mojave Ghost by Byredo, a refined fragrance crafted to make a lasting impression. It opens with grapefruit and fresh accords, develops into a smooth heart of lavender and elegant spices, then settles into a rich base of tonka bean and warm woods. Perfect for daily wear or special occasions with long-lasting appeal."
125,BYREDO,BLACK SAFFRON,"Apple, Bergamot","Lavender, Geranium","Cedarwood, Musk, Amber","Discover Black Saffron by Byredo, a refined fragrance crafted to make a lasting impression. It opens with apple and fresh accords, develops into a smooth heart of lavender and elegant spices, then settles into a rich base of cedarwood and warm woods. Perfect for daily wear or special occasions with long-lasting appeal."
126,BYREDO,11TH HOUR,"Lemon, Pink Pepper","Jasmine, Cardamom","Patchouli, Vetiver, Amber","Discover 11Th Hour by Byredo, a refined fragrance crafted to make a lasting impression. It opens with lemon and fresh accords, develops into a smooth heart of jasmine and elegant spices, then settles into a rich base of patchouli and warm woods. Perfect for daily wear or special occasions with long-lasting appeal."
127,BYREDO,CASABLANCA LILY,"Apple, Bergamot","Lavender, Geranium","Cedarwood, Musk, Amber","Discover Casablanca Lily by Byredo, a refined fragrance crafted to make a lasting impression. It opens with apple and fresh accords, develops into a smooth heart of lavender and elegant spices, then settles into a rich base of cedarwood and warm woods. Perfect for daily wear or special occasions with long-lasting appeal."
128,BYREDO,ROSE OF NO MANS LAND,"Lychee, Bergamot","Rose, Peony","Musk, Patchouli, Vanilla","Discover Rose Of No Mans Land by Byredo, a refined fragrance crafted to make a lasting impression. It opens with lychee and fresh accords, develops into a smooth heart of rose and elegant spices, then settles into a rich base of musk and warm woods. Perfect for daily wear or special occasions with long-lasting appeal."
129,BYREDO,ANIMALIQUE,"Mandarin, Pear","Rose, Orange Blossom","Vanilla, Musk, Sandalwood","Discover Animalique by Byredo, a refined fragrance crafted to make a lasting impression. It opens with mandarin and fresh accords, develops into a smooth heart of rose and elegant spices, then settles into a rich base of vanilla and warm woods. Perfect for daily wear or special occasions with long-lasting appeal."
130,CALVIN KLEIN,CK 1,"Grapefruit, Mint","Lavender, Sage","Tonka Bean, Cedar, Musk","Discover Ck 1 by Calvin Klein, a refined fragrance crafted to make a lasting impression. It opens with grapefruit and fresh accords, develops into a smooth heart of lavender and elegant spices, then settles into a rich base of tonka bean and warm woods. Perfect for daily wear or special occasions with long-lasting appeal."
131,CALVIN KLEIN,CK ETERNITY MEN,"Grapefruit, Mint","Lavender, Sage","Tonka Bean, Cedar, Musk","Discover Ck Eternity Men by Calvin Klein, a refined fragrance crafted to make a lasting impression. It opens with grapefruit and fresh accords, develops into a smooth heart of lavender and elegant spices, then settles into a rich base of tonka bean and warm woods. Perfect for daily wear or special occasions with long-lasting appeal."
132,CALVIN KLEIN,CK ETERNITY WOMEN,"Mandarin, Pear","Rose, Orange Blossom","Vanilla, Musk, Sandalwood","Discover Ck Eternity Women by Calvin Klein, a refined fragrance crafted to make a lasting impression. It opens with mandarin and fresh accords, develops into a smooth heart of rose and elegant spices, then settles into a rich base of vanilla and warm woods. Perfect for daily wear or special occasions with long-lasting appeal."
133,CALVIN KLEIN,CK EUPHORIA MEN,"Apple, Bergamot","Lavender, Geranium","Cedarwood, Musk, Amber","Discover Ck Euphoria Men by Calvin Klein, a refined fragrance crafted to make a lasting impression. It opens with apple and fresh accords, develops into a smooth heart of lavender and elegant spices, then settles into a rich base of cedarwood and warm woods. Perfect for daily wear or special occasions with long-lasting appeal."
134,CALVIN KLEIN,CK EUPHORIA WOMEN,"Mandarin, Pear","Rose, Orange Blossom","Vanilla, Musk, Sandalwood","Discover Ck Euphoria Women by Calvin Klein, a refined fragrance crafted to make a lasting impression. It opens with mandarin and fresh accords, develops into a smooth heart of rose and elegant spices, then settles into a rich base of vanilla and warm woods. Perfect for daily wear or special occasions with long-lasting appeal."
135,CALVIN KLEIN,DEFY,"Mandarin, Pear","Rose, Orange Blossom","Vanilla, Musk, Sandalwood","Discover Defy by Calvin Klein, a refined fragrance crafted to make a lasting impression. It opens with mandarin and fresh accords, develops into a smooth heart of rose and elegant spices, then settles into a rich base of vanilla and warm woods. Perfect for daily wear or special occasions with long-lasting appeal."
136,CALVIN KLEIN,ESCAPE MEN,"Apple, Bergamot","Lavender, Geranium","Cedarwood, Musk, Amber","Discover Escape Men by Calvin Klein, a refined fragrance crafted to make a lasting impression. It opens with apple and fresh accords, develops into a smooth heart of lavender and elegant spices, then settles into a rich base of cedarwood and warm woods. Perfect for daily wear or special occasions with long-lasting appeal."
137,CALVIN KLEIN,OBSESSION,"Mandarin, Pear","Rose, Orange Blossom","Vanilla, Musk, Sandalwood","Discover Obsession by Calvin Klein, a refined fragrance crafted to make a lasting impression. It opens with mandarin and fresh accords, develops into a smooth heart of rose and elegant spices, then settles into a rich base of vanilla and warm woods. Perfect for daily wear or special occasions with long-lasting appeal."
138,CALVIN KLEIN,ETERNITY AIR,"Grapefruit, Mint","Lavender, Sage","Tonka Bean, Cedar, Musk","Discover Eternity Air by Calvin Klein, a refined fragrance crafted to make a lasting impression. It opens with grapefruit and fresh accords, develops into a smooth heart of lavender and elegant spices, then settles into a rich base of tonka bean and warm woods. Perfect for daily wear or special occasions with long-lasting appeal."
139,CALVIN KLEIN,OBSESSION NIGHT,"Apple, Bergamot","Cinnamon, Lavender","Vanilla, Tonka Bean, Amber","Discover Obsession Night by Calvin Klein, a refined fragrance crafted to make a lasting impression. It opens with apple and fresh accords, develops into a smooth heart of cinnamon and elegant spices, then settles into a rich base of vanilla and warm woods. Perfect for daily wear or special occasions with long-lasting appeal."
140,CALVIN KLEIN,ESCAPE WOMEN,"Grapefruit, Mint","Lavender, Sage","Tonka Bean, Cedar, Musk","Discover Escape Women by Calvin Klein, a refined fragrance crafted to make a lasting impression. It opens with grapefruit and fresh accords, develops into a smooth heart of lavender and elegant spices, then settles into a rich base of tonka bean and warm woods. Perfect for daily wear or special occasions with long-lasting appeal."
141,CALVIN KLEIN,SHOCK MEN,"Mandarin, Pear","Rose, Orange Blossom","Vanilla, Musk, Sandalwood","Discover Shock Men by Calvin Klein, a refined fragrance crafted to make a lasting impression. It opens with mandarin and fresh accords, develops into a smooth heart of rose and elegant spices, then settles into a rich base of vanilla and warm woods. Perfect for daily wear or special occasions with long-lasting appeal."
142,CALVIN KLEIN,CK 2,"Apple, Bergamot","Lavender, Geranium","Cedarwood, Musk, Amber","Discover Ck 2 by Calvin Klein, a refined fragrance crafted to make a lasting impression. It opens with apple and fresh accords, develops into a smooth heart of lavender and elegant spices, then settles into a rich base of cedarwood and warm woods. Perfect for daily wear or special occasions with long-lasting appeal."
143,CAROLINA HERRERA,LA BOMBA,"Apple, Bergamot","Lavender, Geranium","Cedarwood, Musk, Amber","Discover La Bomba by Carolina Herrera, a refined fragrance crafted to make a lasting impression. It opens with apple and fresh accords, develops into a smooth heart of lavender and elegant spices, then settles into a rich base of cedarwood and warm woods. Perfect for daily wear or special occasions with long-lasting appeal."
144,CAROLINA HERRERA,CH MEN WILD LOVE,"Grapefruit, Mint","Lavender, Sage","Tonka Bean, Cedar, Musk","Discover Ch Men Wild Love by Carolina Herrera, a refined fragrance crafted to make a lasting impression. It opens with grapefruit and fresh accords, develops into a smooth heart of lavender and elegant spices, then settles into a rich base of tonka bean and warm woods. Perfect for daily wear or special occasions with long-lasting appeal."
145,CAROLINA HERRERA,STALLION LEATHER,"Mandarin, Pear","Rose, Orange Blossom","Vanilla, Musk, Sandalwood","Discover Stallion Leather by Carolina Herrera, a refined fragrance crafted to make a lasting impression. It opens with mandarin and fresh accords, develops into a smooth heart of rose and elegant spices, then settles into a rich base of vanilla and warm woods. Perfect for daily wear or special occasions with long-lasting appeal."
146,CAROLINA HERRERA,AMETHYST HAZE,"Grapefruit, Mint","Lavender, Sage","Tonka Bean, Cedar, Musk","Discover Amethyst Haze by Carolina Herrera, a refined fragrance crafted to make a lasting impression. It opens with grapefruit and fresh accords, develops into a smooth heart of lavender and elegant spices, then settles into a rich base of tonka bean and warm woods. Perfect for daily wear or special occasions with long-lasting appeal."
147,CAROLINA HERRERA,212 CH HEROS,"Apple, Bergamot","Lavender, Geranium","Cedarwood, Musk, Amber","Discover 212 Ch Heros by Carolina Herrera, a refined fragrance crafted to make a lasting impression. It opens with apple and fresh accords, develops into a smooth heart of lavender and elegant spices, then settles into a rich base of cedarwood and warm woods. Perfect for daily wear or special occasions with long-lasting appeal."
148,CAROLINA HERRERA,212 VIP MEN,"Grapefruit, Mint","Lavender, Sage","Tonka Bean, Cedar, Musk","Discover 212 Vip Men by Carolina Herrera, a refined fragrance crafted to make a lasting impression. It opens with grapefruit and fresh accords, develops into a smooth heart of lavender and elegant spices, then settles into a rich base of tonka bean and warm woods. Perfect for daily wear or special occasions with long-lasting appeal."
149,CAROLINA HERRERA,212 VIP WOMEN,"Lemon, Pink Pepper","Jasmine, Cardamom","Patchouli, Vetiver, Amber","Discover 212 Vip Women by Carolina Herrera, a refined fragrance crafted to make a lasting impression. It opens with lemon and fresh accords, develops into a smooth heart of jasmine and elegant spices, then settles into a rich base of patchouli and warm woods. Perfect for daily wear or special occasions with long-lasting appeal."
150,CAROLINA HERRERA,212 VIP ROSE WOMEN,"Lychee, Bergamot","Rose, Peony","Musk, Patchouli, Vanilla","Discover 212 Vip Rose Women by Carolina Herrera, a refined fragrance crafted to make a lasting impression. It opens with lychee and fresh accords, develops into a smooth heart of rose and elegant spices, then settles into a rich base of musk and warm woods. Perfect for daily wear or special occasions with long-lasting appeal."
151,CAROLINA HERRERA,CK BE,"Grapefruit, Mint","Lavender, Sage","Tonka Bean, Cedar, Musk","Discover Ck Be by Carolina Herrera, a refined fragrance crafted to make a lasting impression. It opens with grapefruit and fresh accords, develops into a smooth heart of lavender and elegant spices, then settles into a rich base of tonka bean and warm woods. Perfect for daily wear or special occasions with long-lasting appeal."
152,CAROLINA HERRERA,GOLD MYRH ABSOLUTE,"Mandarin, Saffron","Rose, Cinnamon","Amber, Vanilla, Oud","Discover Gold Myrh Absolute by Carolina Herrera, a refined fragrance crafted to make a lasting impression. It opens with mandarin and fresh accords, develops into a smooth heart of rose and elegant spices, then settles into a rich base of amber and warm woods. Perfect for daily wear or special occasions with long-lasting appeal."
153,CAROLINA HERRERA,212 VIP BLACK,"Grapefruit, Mint","Lavender, Sage","Tonka Bean, Cedar, Musk","Discover 212 Vip Black by Carolina Herrera, a refined fragrance crafted to make a lasting impression. It opens with grapefruit and fresh accords, develops into a smooth heart of lavender and elegant spices, then settles into a rich base of tonka bean and warm woods. Perfect for daily wear or special occasions with long-lasting appeal."
154,CAROLINA HERRERA,212 SEXY MEN,"Mandarin, Pear","Rose, Orange Blossom","Vanilla, Musk, Sandalwood","Discover 212 Sexy Men by Carolina Herrera, a refined fragrance crafted to make a lasting impression. It opens with mandarin and fresh accords, develops into a smooth heart of rose and elegant spices, then settles into a rich base of vanilla and warm woods. Perfect for daily wear or special occasions with long-lasting appeal."
155,CAROLINA HERRERA,212 NYC MEN,"Lemon, Pink Pepper","Jasmine, Cardamom","Patchouli, Vetiver, Amber","Discover 212 Nyc Men by Carolina Herrera, a refined fragrance crafted to make a lasting impression. It opens with lemon and fresh accords, develops into a smooth heart of jasmine and elegant spices, then settles into a rich base of patchouli and warm woods. Perfect for daily wear or special occasions with long-lasting appeal."
156,CAROLINA HERRERA,GOOD GIRL,"Mandarin, Pear","Rose, Orange Blossom","Vanilla, Musk, Sandalwood","Discover Good Girl by Carolina Herrera, a refined fragrance crafted to make a lasting impression. It opens with mandarin and fresh accords, develops into a smooth heart of rose and elegant spices, then settles into a rich base of vanilla and warm woods. Perfect for daily wear or special occasions with long-lasting appeal."
157,CAROLINA HERRERA,NIGHTFALL PATCHOL,"Apple, Bergamot","Cinnamon, Lavender","Vanilla, Tonka Bean, Amber","Discover Nightfall Patchol by Carolina Herrera, a refined fragrance crafted to make a lasting impression. It opens with apple and fresh accords, develops into a smooth heart of cinnamon and elegant spices, then settles into a rich base of vanilla and warm woods. Perfect for daily wear or special occasions with long-lasting appeal."
158,CAROLINA HERRERA,BAD BOY,"Apple, Bergamot","Lavender, Geranium","Cedarwood, Musk, Amber","Discover Bad Boy by Carolina Herrera, a refined fragrance crafted to make a lasting impression. It opens with apple and fresh accords, develops into a smooth heart of lavender and elegant spices, then settles into a rich base of cedarwood and warm woods. Perfect for daily wear or special occasions with long-lasting appeal."
159,CAROLINA HERRERA,MEN PRIVE,"Apple, Bergamot","Lavender, Geranium","Cedarwood, Musk, Amber","Discover Men Prive by Carolina Herrera, a refined fragrance crafted to make a lasting impression. It opens with apple and fresh accords, develops into a smooth heart of lavender and elegant spices, then settles into a rich base of cedarwood and warm woods. Perfect for daily wear or special occasions with long-lasting appeal."
160,CAROLINA HERRERA,BRONZE TONKA,"Mandarin, Pear","Rose, Orange Blossom","Vanilla, Musk, Sandalwood","Discover Bronze Tonka by Carolina Herrera, a refined fragrance crafted to make a lasting impression. It opens with mandarin and fresh accords, develops into a smooth heart of rose and elegant spices, then settles into a rich base of vanilla and warm woods. Perfect for daily wear or special occasions with long-lasting appeal."
161,CAROLINA HERRERA,212 VIP BLACK EXTRA,"Lemon, Pink Pepper","Jasmine, Cardamom","Patchouli, Vetiver, Amber","Discover 212 Vip Black Extra by Carolina Herrera, a refined fragrance crafted to make a lasting impression. It opens with lemon and fresh accords, develops into a smooth heart of jasmine and elegant spices, then settles into a rich base of patchouli and warm woods. Perfect for daily wear or special occasions with long-lasting appeal."
162,CARTIER,PASHA,"Grapefruit, Mint","Lavender, Sage","Tonka Bean, Cedar, Musk","Discover Pasha by Cartier, a refined fragrance crafted to make a lasting impression. It opens with grapefruit and fresh accords, develops into a smooth heart of lavender and elegant spices, then settles into a rich base of tonka bean and warm woods. Perfect for daily wear or special occasions with long-lasting appeal."
163,CARTIER,DECLARATION,"Apple, Bergamot","Lavender, Geranium","Cedarwood, Musk, Amber","Discover Declaration by Cartier, a refined fragrance crafted to make a lasting impression. It opens with apple and fresh accords, develops into a smooth heart of lavender and elegant spices, then settles into a rich base of cedarwood and warm woods. Perfect for daily wear or special occasions with long-lasting appeal."
164,CHANEL,BLEU DE CHANEL L'EXCLUSIF,"Mandarin, Pear","Rose, Orange Blossom","Vanilla, Musk, Sandalwood","Discover Bleu De Chanel L'Exclusif by Chanel, a refined fragrance crafted to make a lasting impression. It opens with mandarin and fresh accords, develops into a smooth heart of rose and elegant spices, then settles into a rich base of vanilla and warm woods. Perfect for daily wear or special occasions with long-lasting appeal."
165,CHANEL,BLEU EAU DE PARFUM,"Mandarin, Pear","Rose, Orange Blossom","Vanilla, Musk, Sandalwood","Discover Bleu Eau De Parfum by Chanel, a refined fragrance crafted to make a lasting impression. It opens with mandarin and fresh accords, develops into a smooth heart of rose and elegant spices, then settles into a rich base of vanilla and warm woods. Perfect for daily wear or special occasions with long-lasting appeal."
166,CHANEL,BLEU DE CHANEL,"Apple, Bergamot","Lavender, Geranium","Cedarwood, Musk, Amber","Discover Bleu De Chanel by Chanel, a refined fragrance crafted to make a lasting impression. It opens with apple and fresh accords, develops into a smooth heart of lavender and elegant spices, then settles into a rich base of cedarwood and warm woods. Perfect for daily wear or special occasions with long-lasting appeal."
167,CHANEL,CHANEL NO.5,"Apple, Bergamot","Lavender, Geranium","Cedarwood, Musk, Amber","Discover Chanel No.5 by Chanel, a refined fragrance crafted to make a lasting impression. It opens with apple and fresh accords, develops into a smooth heart of lavender and elegant spices, then settles into a rich base of cedarwood and warm woods. Perfect for daily wear or special occasions with long-lasting appeal."
168,CHANEL,COCO CHANEL MADEMOISELLE,"Mandarin, Pear","Rose, Orange Blossom","Vanilla, Musk, Sandalwood","Discover Coco Chanel Mademoiselle by Chanel, a refined fragrance crafted to make a lasting impression. It opens with mandarin and fresh accords, develops into a smooth heart of rose and elegant spices, then settles into a rich base of vanilla and warm woods. Perfect for daily wear or special occasions with long-lasting appeal."
169,CHANEL,ALLURE CHANEL SPORT,"Apple, Bergamot","Lavender, Geranium","Cedarwood, Musk, Amber","Discover Allure Chanel Sport by Chanel, a refined fragrance crafted to make a lasting impression. It opens with apple and fresh accords, develops into a smooth heart of lavender and elegant spices, then settles into a rich base of cedarwood and warm woods. Perfect for daily wear or special occasions with long-lasting appeal."
170,CHANEL,PLATINUM EGOIST,"Grapefruit, Mint","Lavender, Sage","Tonka Bean, Cedar, Musk","Discover Platinum Egoist by Chanel, a refined fragrance crafted to make a lasting impression. It opens with grapefruit and fresh accords, develops into a smooth heart of lavender and elegant spices, then settles into a rich base of tonka bean and warm woods. Perfect for daily wear or special occasions with long-lasting appeal."
171,CHANEL,No. 1 L’eau Rouge,"Lemon, Pink Pepper","Jasmine, Cardamom","Patchouli, Vetiver, Amber","Discover No. 1 L’Eau Rouge by Chanel, a refined fragrance crafted to make a lasting impression. It opens with lemon and fresh accords, develops into a smooth heart of jasmine and elegant spices, then settles into a rich base of patchouli and warm woods. Perfect for daily wear or special occasions with long-lasting appeal."
172,CHANEL,PARIS VENISE,"Grapefruit, Mint","Lavender, Sage","Tonka Bean, Cedar, Musk","Discover Paris Venise by Chanel, a refined fragrance crafted to make a lasting impression. It opens with grapefruit and fresh accords, develops into a smooth heart of lavender and elegant spices, then settles into a rich base of tonka bean and warm woods. Perfect for daily wear or special occasions with long-lasting appeal."
173,CHANEL,CHANCE,"Grapefruit, Mint","Lavender, Sage","Tonka Bean, Cedar, Musk","Discover Chance by Chanel, a refined fragrance crafted to make a lasting impression. It opens with grapefruit and fresh accords, develops into a smooth heart of lavender and elegant spices, then settles into a rich base of tonka bean and warm woods. Perfect for daily wear or special occasions with long-lasting appeal."
174,CHANEL,COCO CHANEL,"Lemon, Pink Pepper","Jasmine, Cardamom","Patchouli, Vetiver, Amber","Discover Coco Chanel by Chanel, a refined fragrance crafted to make a lasting impression. It opens with lemon and fresh accords, develops into a smooth heart of jasmine and elegant spices, then settles into a rich base of patchouli and warm woods. Perfect for daily wear or special occasions with long-lasting appeal."
175,CHERGUI,SERGE LUTENS,"Lemon, Pink Pepper","Jasmine, Cardamom","Patchouli, Vetiver, Amber","Discover Serge Lutens by Chergui, a refined fragrance crafted to make a lasting impression. It opens with lemon and fresh accords, develops into a smooth heart of jasmine and elegant spices, then settles into a rich base of patchouli and warm woods. Perfect for daily wear or special occasions with long-lasting appeal."
176,CHOPARD,OUD MALIKI,"Saffron, Bergamot","Rose, Jasmine","Oud, Amber, Musk","Discover Oud Maliki by Chopard, a refined fragrance crafted to make a lasting impression. It opens with saffron and fresh accords, develops into a smooth heart of rose and elegant spices, then settles into a rich base of oud and warm woods. Perfect for daily wear or special occasions with long-lasting appeal."
177,CHOPARD,AMBER MALIKI,"Apple, Bergamot","Lavender, Geranium","Cedarwood, Musk, Amber","Discover Amber Maliki by Chopard, a refined fragrance crafted to make a lasting impression. It opens with apple and fresh accords, develops into a smooth heart of lavender and elegant spices, then settles into a rich base of cedarwood and warm woods. Perfect for daily wear or special occasions with long-lasting appeal."
178,CLINIQUE,HAPPY MEN,"Grapefruit, Mint","Lavender, Sage","Tonka Bean, Cedar, Musk","Discover Happy Men by Clinique, a refined fragrance crafted to make a lasting impression. It opens with grapefruit and fresh accords, develops into a smooth heart of lavender and elegant spices, then settles into a rich base of tonka bean and warm woods. Perfect for daily wear or special occasions with long-lasting appeal."
179,CLINIQUE,HAPPY WOMEN,"Mandarin, Pear","Rose, Orange Blossom","Vanilla, Musk, Sandalwood","Discover Happy Women by Clinique, a refined fragrance crafted to make a lasting impression. It opens with mandarin and fresh accords, develops into a smooth heart of rose and elegant spices, then settles into a rich base of vanilla and warm woods. Perfect for daily wear or special occasions with long-lasting appeal."
180,CLIVE CHRISTIAN,TOWN&COUNTRY,"Apple, Bergamot","Lavender, Geranium","Cedarwood, Musk, Amber","Discover Town&Country by Clive Christian, a refined fragrance crafted to make a lasting impression. It opens with apple and fresh accords, develops into a smooth heart of lavender and elegant spices, then settles into a rich base of cedarwood and warm woods. Perfect for daily wear or special occasions with long-lasting appeal."
181,CLIVE CHRISTIAN,BLONDE AMBER,"Mandarin, Pear","Rose, Orange Blossom","Vanilla, Musk, Sandalwood","Discover Blonde Amber by Clive Christian, a refined fragrance crafted to make a lasting impression. It opens with mandarin and fresh accords, develops into a smooth heart of rose and elegant spices, then settles into a rich base of vanilla and warm woods. Perfect for daily wear or special occasions with long-lasting appeal."
182,CLIVE CHRISTIAN,RED TEA,"Lemon, Pink Pepper","Jasmine, Cardamom","Patchouli, Vetiver, Amber","Discover Red Tea by Clive Christian, a refined fragrance crafted to make a lasting impression. It opens with lemon and fresh accords, develops into a smooth heart of jasmine and elegant spices, then settles into a rich base of patchouli and warm woods. Perfect for daily wear or special occasions with long-lasting appeal."
183,CLIVE CHRISTIAN,MATSUTAKE,"Grapefruit, Mint","Lavender, Sage","Tonka Bean, Cedar, Musk","Discover Matsutake by Clive Christian, a refined fragrance crafted to make a lasting impression. It opens with grapefruit and fresh accords, develops into a smooth heart of lavender and elegant spices, then settles into a rich base of tonka bean and warm woods. Perfect for daily wear or special occasions with long-lasting appeal."
184,CLIVE CRISTIAN,NO.1,"Mandarin, Pear","Rose, Orange Blossom","Vanilla, Musk, Sandalwood","Discover No.1 by Clive Cristian, a refined fragrance crafted to make a lasting impression. It opens with mandarin and fresh accords, develops into a smooth heart of rose and elegant spices, then settles into a rich base of vanilla and warm woods. Perfect for daily wear or special occasions with long-lasting appeal."
185,COMMES DE GARCONS,WONDERWOOD,"Mandarin, Pear","Rose, Orange Blossom","Vanilla, Musk, Sandalwood","Discover Wonderwood by Commes De Garcons, a refined fragrance crafted to make a lasting impression. It opens with mandarin and fresh accords, develops into a smooth heart of rose and elegant spices, then settles into a rich base of vanilla and warm woods. Perfect for daily wear or special occasions with long-lasting appeal."
186,CREATION,PISTCHIO MUSK,"Bergamot, Aldehydes","White Floral, Powdery Notes","Musk, Sandalwood, Amber","Discover Pistchio Musk by Creation, a refined fragrance crafted to make a lasting impression. It opens with bergamot and fresh accords, develops into a smooth heart of white floral and elegant spices, then settles into a rich base of musk and warm woods. Perfect for daily wear or special occasions with long-lasting appeal."
187,CREATION,OLD SPICE SHULTON,"Grapefruit, Mint","Lavender, Sage","Tonka Bean, Cedar, Musk","Discover Old Spice Shulton by Creation, a refined fragrance crafted to make a lasting impression. It opens with grapefruit and fresh accords, develops into a smooth heart of lavender and elegant spices, then settles into a rich base of tonka bean and warm woods. Perfect for daily wear or special occasions with long-lasting appeal."
188,CREATION,MUKHALAT AZRAAN,"Apple, Bergamot","Lavender, Geranium","Cedarwood, Musk, Amber","Discover Mukhalat Azraan by Creation, a refined fragrance crafted to make a lasting impression. It opens with apple and fresh accords, develops into a smooth heart of lavender and elegant spices, then settles into a rich base of cedarwood and warm woods. Perfect for daily wear or special occasions with long-lasting appeal."
189,CREATION,MUKHALAT AL LAVAL,"Mandarin, Pear","Rose, Orange Blossom","Vanilla, Musk, Sandalwood","Discover Mukhalat Al Laval by Creation, a refined fragrance crafted to make a lasting impression. It opens with mandarin and fresh accords, develops into a smooth heart of rose and elegant spices, then settles into a rich base of vanilla and warm woods. Perfect for daily wear or special occasions with long-lasting appeal."
190,CREED,CENTAURUS,"Mandarin, Pear","Rose, Orange Blossom","Vanilla, Musk, Sandalwood","Discover Centaurus by Creed, a refined fragrance crafted to make a lasting impression. It opens with mandarin and fresh accords, develops into a smooth heart of rose and elegant spices, then settles into a rich base of vanilla and warm woods. Perfect for daily wear or special occasions with long-lasting appeal."
191,CREED,ROYAL OUD,"Saffron, Bergamot","Rose, Jasmine","Oud, Amber, Musk","Discover Royal Oud by Creed, a refined fragrance crafted to make a lasting impression. It opens with saffron and fresh accords, develops into a smooth heart of rose and elegant spices, then settles into a rich base of oud and warm woods. Perfect for daily wear or special occasions with long-lasting appeal."
192,CREED,OUD ZARIAN,"Saffron, Bergamot","Rose, Jasmine","Oud, Amber, Musk","Discover Oud Zarian by Creed, a refined fragrance crafted to make a lasting impression. It opens with saffron and fresh accords, develops into a smooth heart of rose and elegant spices, then settles into a rich base of oud and warm woods. Perfect for daily wear or special occasions with long-lasting appeal."
193,CREED,AVENTUS,"Grapefruit, Mint","Lavender, Sage","Tonka Bean, Cedar, Musk","Discover Aventus by Creed, a refined fragrance crafted to make a lasting impression. It opens with grapefruit and fresh accords, develops into a smooth heart of lavender and elegant spices, then settles into a rich base of tonka bean and warm woods. Perfect for daily wear or special occasions with long-lasting appeal."
194,CREED,SILVER MOUNTAIN WATER,"Bergamot, Lemon","Iris, Violet","Musk, Cedar, Amber","Discover Silver Mountain Water by Creed, a refined fragrance crafted to make a lasting impression. It opens with bergamot and fresh accords, develops into a smooth heart of iris and elegant spices, then settles into a rich base of musk and warm woods. Perfect for daily wear or special occasions with long-lasting appeal."
195,CREED,GREEN IRISH TWEED,"Grapefruit, Mint","Lavender, Sage","Tonka Bean, Cedar, Musk","Discover Green Irish Tweed by Creed, a refined fragrance crafted to make a lasting impression. It opens with grapefruit and fresh accords, develops into a smooth heart of lavender and elegant spices, then settles into a rich base of tonka bean and warm woods. Perfect for daily wear or special occasions with long-lasting appeal."
196,CREED,ROYAL WATER,"Mandarin, Pear","Rose, Orange Blossom","Vanilla, Musk, Sandalwood","Discover Royal Water by Creed, a refined fragrance crafted to make a lasting impression. It opens with mandarin and fresh accords, develops into a smooth heart of rose and elegant spices, then settles into a rich base of vanilla and warm woods. Perfect for daily wear or special occasions with long-lasting appeal."
197,CREED,HIMALAYAN,"Lemon, Pink Pepper","Jasmine, Cardamom","Patchouli, Vetiver, Amber","Discover Himalayan by Creed, a refined fragrance crafted to make a lasting impression. It opens with lemon and fresh accords, develops into a smooth heart of jasmine and elegant spices, then settles into a rich base of patchouli and warm woods. Perfect for daily wear or special occasions with long-lasting appeal."
198,CREED,VIKING,"Lemon, Pink Pepper","Jasmine, Cardamom","Patchouli, Vetiver, Amber","Discover Viking by Creed, a refined fragrance crafted to make a lasting impression. It opens with lemon and fresh accords, develops into a smooth heart of jasmine and elegant spices, then settles into a rich base of patchouli and warm woods. Perfect for daily wear or special occasions with long-lasting appeal."
199,CREED,MILLESIME IMPERIAL,"Mandarin, Pear","Rose, Orange Blossom","Vanilla, Musk, Sandalwood","Discover Millesime Imperial by Creed, a refined fragrance crafted to make a lasting impression. It opens with mandarin and fresh accords, develops into a smooth heart of rose and elegant spices, then settles into a rich base of vanilla and warm woods. Perfect for daily wear or special occasions with long-lasting appeal."
200,CREED,VIRGIN ISLAND WATER,"Grapefruit, Mint","Lavender, Sage","Tonka Bean, Cedar, Musk","Discover Virgin Island Water by Creed, a refined fragrance crafted to make a lasting impression. It opens with grapefruit and fresh accords, develops into a smooth heart of lavender and elegant spices, then settles into a rich base of tonka bean and warm woods. Perfect for daily wear or special occasions with long-lasting appeal."
201,CREED,ORIGINAL VETIVER,"Mandarin, Pear","Rose, Orange Blossom","Vanilla, Musk, Sandalwood","Discover Original Vetiver by Creed, a refined fragrance crafted to make a lasting impression. It opens with mandarin and fresh accords, develops into a smooth heart of rose and elegant spices, then settles into a rich base of vanilla and warm woods. Perfect for daily wear or special occasions with long-lasting appeal."
202,CREED,WIND FLOWERS,"Mandarin, Pear","Rose, Orange Blossom","Vanilla, Musk, Sandalwood","Discover Wind Flowers by Creed, a refined fragrance crafted to make a lasting impression. It opens with mandarin and fresh accords, develops into a smooth heart of rose and elegant spices, then settles into a rich base of vanilla and warm woods. Perfect for daily wear or special occasions with long-lasting appeal."
203,CREED,CARMINA 2023,"Apple, Bergamot","Lavender, Geranium","Cedarwood, Musk, Amber","Discover Carmina 2023 by Creed, a refined fragrance crafted to make a lasting impression. It opens with apple and fresh accords, develops into a smooth heart of lavender and elegant spices, then settles into a rich base of cedarwood and warm woods. Perfect for daily wear or special occasions with long-lasting appeal."
204,CREED,AVENTUS ABSOLU,"Grapefruit, Mint","Lavender, Sage","Tonka Bean, Cedar, Musk","Discover Aventus Absolu by Creed, a refined fragrance crafted to make a lasting impression. It opens with grapefruit and fresh accords, develops into a smooth heart of lavender and elegant spices, then settles into a rich base of tonka bean and warm woods. Perfect for daily wear or special occasions with long-lasting appeal."
205,CREED,EROLFA,"Grapefruit, Mint","Lavender, Sage","Tonka Bean, Cedar, Musk","Discover Erolfa by Creed, a refined fragrance crafted to make a lasting impression. It opens with grapefruit and fresh accords, develops into a smooth heart of lavender and elegant spices, then settles into a rich base of tonka bean and warm woods. Perfect for daily wear or special occasions with long-lasting appeal."
206,CREED,HIMALAYA,"Grapefruit, Mint","Lavender, Sage","Tonka Bean, Cedar, Musk","Discover Himalaya by Creed, a refined fragrance crafted to make a lasting impression. It opens with grapefruit and fresh accords, develops into a smooth heart of lavender and elegant spices, then settles into a rich base of tonka bean and warm woods. Perfect for daily wear or special occasions with long-lasting appeal."
207,CREED,LOVE IN THE WHITE,"Apple, Bergamot","Lavender, Geranium","Cedarwood, Musk, Amber","Discover Love In The White by Creed, a refined fragrance crafted to make a lasting impression. It opens with apple and fresh accords, develops into a smooth heart of lavender and elegant spices, then settles into a rich base of cedarwood and warm woods. Perfect for daily wear or special occasions with long-lasting appeal."
208,CRISTIANO RONALDO,CR7 ORIGINS,"Apple, Bergamot","Lavender, Geranium","Cedarwood, Musk, Amber","Discover Cr7 Origins by Cristiano Ronaldo, a refined fragrance crafted to make a lasting impression. It opens with apple and fresh accords, develops into a smooth heart of lavender and elegant spices, then settles into a rich base of cedarwood and warm woods. Perfect for daily wear or special occasions with long-lasting appeal."
209,DAVIDOFF,COOLWATER MEN,"Grapefruit, Mint","Lavender, Sage","Tonka Bean, Cedar, Musk","Discover Coolwater Men by Davidoff, a refined fragrance crafted to make a lasting impression. It opens with grapefruit and fresh accords, develops into a smooth heart of lavender and elegant spices, then settles into a rich base of tonka bean and warm woods. Perfect for daily wear or special occasions with long-lasting appeal."
210,DAVIDOFF,COOLWATER WOMEN,"Lemon, Pink Pepper","Jasmine, Cardamom","Patchouli, Vetiver, Amber","Discover Coolwater Women by Davidoff, a refined fragrance crafted to make a lasting impression. It opens with lemon and fresh accords, develops into a smooth heart of jasmine and elegant spices, then settles into a rich base of patchouli and warm woods. Perfect for daily wear or special occasions with long-lasting appeal."
211,DAVIDOFF,WOOD BLEND,"Mandarin, Pear","Rose, Orange Blossom","Vanilla, Musk, Sandalwood","Discover Wood Blend by Davidoff, a refined fragrance crafted to make a lasting impression. It opens with mandarin and fresh accords, develops into a smooth heart of rose and elegant spices, then settles into a rich base of vanilla and warm woods. Perfect for daily wear or special occasions with long-lasting appeal."
212,DAVIDOFF,LEATHER BLEND,"Lemon, Pink Pepper","Jasmine, Cardamom","Patchouli, Vetiver, Amber","Discover Leather Blend by Davidoff, a refined fragrance crafted to make a lasting impression. It opens with lemon and fresh accords, develops into a smooth heart of jasmine and elegant spices, then settles into a rich base of patchouli and warm woods. Perfect for daily wear or special occasions with long-lasting appeal."
213,DAVIDOFF,AGARBLEND,"Lemon, Pink Pepper","Jasmine, Cardamom","Patchouli, Vetiver, Amber","Discover Agarblend by Davidoff, a refined fragrance crafted to make a lasting impression. It opens with lemon and fresh accords, develops into a smooth heart of jasmine and elegant spices, then settles into a rich base of patchouli and warm woods. Perfect for daily wear or special occasions with long-lasting appeal."
214,DAVIDOFF,CHAMPION ENERGY,"Lemon, Pink Pepper","Jasmine, Cardamom","Patchouli, Vetiver, Amber","Discover Champion Energy by Davidoff, a refined fragrance crafted to make a lasting impression. It opens with lemon and fresh accords, develops into a smooth heart of jasmine and elegant spices, then settles into a rich base of patchouli and warm woods. Perfect for daily wear or special occasions with long-lasting appeal."
215,DAVIDOFF,THE GAME,"Grapefruit, Mint","Lavender, Sage","Tonka Bean, Cedar, Musk","Discover The Game by Davidoff, a refined fragrance crafted to make a lasting impression. It opens with grapefruit and fresh accords, develops into a smooth heart of lavender and elegant spices, then settles into a rich base of tonka bean and warm woods. Perfect for daily wear or special occasions with long-lasting appeal."
216,DAVIDOFF,CHAMPION MEN,"Mandarin, Pear","Rose, Orange Blossom","Vanilla, Musk, Sandalwood","Discover Champion Men by Davidoff, a refined fragrance crafted to make a lasting impression. It opens with mandarin and fresh accords, develops into a smooth heart of rose and elegant spices, then settles into a rich base of vanilla and warm woods. Perfect for daily wear or special occasions with long-lasting appeal."
217,DAVIDOFF,COOLWATER GAME,"Grapefruit, Mint","Lavender, Sage","Tonka Bean, Cedar, Musk","Discover Coolwater Game by Davidoff, a refined fragrance crafted to make a lasting impression. It opens with grapefruit and fresh accords, develops into a smooth heart of lavender and elegant spices, then settles into a rich base of tonka bean and warm woods. Perfect for daily wear or special occasions with long-lasting appeal."
218,DAVIDOFF,COOLWATER NIGHT DIVE,"Apple, Bergamot","Cinnamon, Lavender","Vanilla, Tonka Bean, Amber","Discover Coolwater Night Dive by Davidoff, a refined fragrance crafted to make a lasting impression. It opens with apple and fresh accords, develops into a smooth heart of cinnamon and elegant spices, then settles into a rich base of vanilla and warm woods. Perfect for daily wear or special occasions with long-lasting appeal."
219,DAVIDOFF,COOLWATER SEA ROSE,"Lychee, Bergamot","Rose, Peony","Musk, Patchouli, Vanilla","Discover Coolwater Sea Rose by Davidoff, a refined fragrance crafted to make a lasting impression. It opens with lychee and fresh accords, develops into a smooth heart of rose and elegant spices, then settles into a rich base of musk and warm woods. Perfect for daily wear or special occasions with long-lasting appeal."
220,DAVIDOFF,COOL WATER MEN INTENSE,"Grapefruit, Pepper","Lavender, Cardamom","Amber, Vetiver, Woods","Discover Cool Water Men Intense by Davidoff, a refined fragrance crafted to make a lasting impression. It opens with grapefruit and fresh accords, develops into a smooth heart of lavender and elegant spices, then settles into a rich base of amber and warm woods. Perfect for daily wear or special occasions with long-lasting appeal."
221,DAVIDOFF,COOL WATER WOMEN INTENSE,"Grapefruit, Pepper","Lavender, Cardamom","Amber, Vetiver, Woods","Discover Cool Water Women Intense by Davidoff, a refined fragrance crafted to make a lasting impression. It opens with grapefruit and fresh accords, develops into a smooth heart of lavender and elegant spices, then settles into a rich base of amber and warm woods. Perfect for daily wear or special occasions with long-lasting appeal."
222,DIOR,BOIS TALISMAN,"Apple, Bergamot","Lavender, Geranium","Cedarwood, Musk, Amber","Discover Bois Talisman by Dior, a refined fragrance crafted to make a lasting impression. It opens with apple and fresh accords, develops into a smooth heart of lavender and elegant spices, then settles into a rich base of cedarwood and warm woods. Perfect for daily wear or special occasions with long-lasting appeal."
223,DIOR,ROSE KABUKI,"Lychee, Bergamot","Rose, Peony","Musk, Patchouli, Vanilla","Discover Rose Kabuki by Dior, a refined fragrance crafted to make a lasting impression. It opens with lychee and fresh accords, develops into a smooth heart of rose and elegant spices, then settles into a rich base of musk and warm woods. Perfect for daily wear or special occasions with long-lasting appeal."
224,DIOR,BALLADE SAUVAGE,"Apple, Bergamot","Lavender, Geranium","Cedarwood, Musk, Amber","Discover Ballade Sauvage by Dior, a refined fragrance crafted to make a lasting impression. It opens with apple and fresh accords, develops into a smooth heart of lavender and elegant spices, then settles into a rich base of cedarwood and warm woods. Perfect for daily wear or special occasions with long-lasting appeal."
225,DIOR,NEW LOOK 1974,"Lemon, Pink Pepper","Jasmine, Cardamom","Patchouli, Vetiver, Amber","Discover New Look 1974 by Dior, a refined fragrance crafted to make a lasting impression. It opens with lemon and fresh accords, develops into a smooth heart of jasmine and elegant spices, then settles into a rich base of patchouli and warm woods. Perfect for daily wear or special occasions with long-lasting appeal."
226,DIOR,ROSE GIPSY,"Lychee, Bergamot","Rose, Peony","Musk, Patchouli, Vanilla","Discover Rose Gipsy by Dior, a refined fragrance crafted to make a lasting impression. It opens with lychee and fresh accords, develops into a smooth heart of rose and elegant spices, then settles into a rich base of musk and warm woods. Perfect for daily wear or special occasions with long-lasting appeal."
227,DIOR,SAUVAGE,"Mandarin, Pear","Rose, Orange Blossom","Vanilla, Musk, Sandalwood","Discover Sauvage by Dior, a refined fragrance crafted to make a lasting impression. It opens with mandarin and fresh accords, develops into a smooth heart of rose and elegant spices, then settles into a rich base of vanilla and warm woods. Perfect for daily wear or special occasions with long-lasting appeal."
228,DIOR,SAUVAGE ELIXIR,"Lemon, Pink Pepper","Jasmine, Cardamom","Patchouli, Vetiver, Amber","Discover Sauvage Elixir by Dior, a refined fragrance crafted to make a lasting impression. It opens with lemon and fresh accords, develops into a smooth heart of jasmine and elegant spices, then settles into a rich base of patchouli and warm woods. Perfect for daily wear or special occasions with long-lasting appeal."
229,DIOR,PURPLE OUDH,"Saffron, Bergamot","Rose, Jasmine","Oud, Amber, Musk","Discover Purple Oudh by Dior, a refined fragrance crafted to make a lasting impression. It opens with saffron and fresh accords, develops into a smooth heart of rose and elegant spices, then settles into a rich base of oud and warm woods. Perfect for daily wear or special occasions with long-lasting appeal."
230,DIOR,TOBACOLOUR,"Mandarin, Pear","Rose, Orange Blossom","Vanilla, Musk, Sandalwood","Discover Tobacolour by Dior, a refined fragrance crafted to make a lasting impression. It opens with mandarin and fresh accords, develops into a smooth heart of rose and elegant spices, then settles into a rich base of vanilla and warm woods. Perfect for daily wear or special occasions with long-lasting appeal."
231,DIOR,OUSH ISPAHAN,"Mandarin, Pear","Rose, Orange Blossom","Vanilla, Musk, Sandalwood","Discover Oush Ispahan by Dior, a refined fragrance crafted to make a lasting impression. It opens with mandarin and fresh accords, develops into a smooth heart of rose and elegant spices, then settles into a rich base of vanilla and warm woods. Perfect for daily wear or special occasions with long-lasting appeal."
232,DIOR,AMBER NUIT,"Apple, Bergamot","Lavender, Geranium","Cedarwood, Musk, Amber","Discover Amber Nuit by Dior, a refined fragrance crafted to make a lasting impression. It opens with apple and fresh accords, develops into a smooth heart of lavender and elegant spices, then settles into a rich base of cedarwood and warm woods. Perfect for daily wear or special occasions with long-lasting appeal."
233,DIOR,DIOR HOMME,"Mandarin, Pear","Rose, Orange Blossom","Vanilla, Musk, Sandalwood","Discover Dior Homme by Dior, a refined fragrance crafted to make a lasting impression. It opens with mandarin and fresh accords, develops into a smooth heart of rose and elegant spices, then settles into a rich base of vanilla and warm woods. Perfect for daily wear or special occasions with long-lasting appeal."
234,DIOR,DIOR HOMME INTENSE,"Grapefruit, Pepper","Lavender, Cardamom","Amber, Vetiver, Woods","Discover Dior Homme Intense by Dior, a refined fragrance crafted to make a lasting impression. It opens with grapefruit and fresh accords, develops into a smooth heart of lavender and elegant spices, then settles into a rich base of amber and warm woods. Perfect for daily wear or special occasions with long-lasting appeal."
235,DIOR,PURE POISON,"Grapefruit, Mint","Lavender, Sage","Tonka Bean, Cedar, Musk","Discover Pure Poison by Dior, a refined fragrance crafted to make a lasting impression. It opens with grapefruit and fresh accords, develops into a smooth heart of lavender and elegant spices, then settles into a rich base of tonka bean and warm woods. Perfect for daily wear or special occasions with long-lasting appeal."
236,DIOR,FEHRENHIET,"Grapefruit, Mint","Lavender, Sage","Tonka Bean, Cedar, Musk","Discover Fehrenhiet by Dior, a refined fragrance crafted to make a lasting impression. It opens with grapefruit and fresh accords, develops into a smooth heart of lavender and elegant spices, then settles into a rich base of tonka bean and warm woods. Perfect for daily wear or special occasions with long-lasting appeal."
237,DIOR,DIOR ADDICT WOMEN,"Mandarin, Pear","Rose, Orange Blossom","Vanilla, Musk, Sandalwood","Discover Dior Addict Women by Dior, a refined fragrance crafted to make a lasting impression. It opens with mandarin and fresh accords, develops into a smooth heart of rose and elegant spices, then settles into a rich base of vanilla and warm woods. Perfect for daily wear or special occasions with long-lasting appeal."
238,DIOR,POISON W,"Lemon, Pink Pepper","Jasmine, Cardamom","Patchouli, Vetiver, Amber","Discover Poison W by Dior, a refined fragrance crafted to make a lasting impression. It opens with lemon and fresh accords, develops into a smooth heart of jasmine and elegant spices, then settles into a rich base of patchouli and warm woods. Perfect for daily wear or special occasions with long-lasting appeal."
239,DIOR,BOIS DE URGENT,"Apple, Bergamot","Lavender, Geranium","Cedarwood, Musk, Amber","Discover Bois De Urgent by Dior, a refined fragrance crafted to make a lasting impression. It opens with apple and fresh accords, develops into a smooth heart of lavender and elegant spices, then settles into a rich base of cedarwood and warm woods. Perfect for daily wear or special occasions with long-lasting appeal."
240,DIOR,GRIS MONTAGE,"Lemon, Pink Pepper","Jasmine, Cardamom","Patchouli, Vetiver, Amber","Discover Gris Montage by Dior, a refined fragrance crafted to make a lasting impression. It opens with lemon and fresh accords, develops into a smooth heart of jasmine and elegant spices, then settles into a rich base of patchouli and warm woods. Perfect for daily wear or special occasions with long-lasting appeal."
241,DIOR,MISS DIOR BLOOMING BOUQUET,"Mandarin, Pear","Rose, Orange Blossom","Vanilla, Musk, Sandalwood","Discover Miss Dior Blooming Bouquet by Dior, a refined fragrance crafted to make a lasting impression. It opens with mandarin and fresh accords, develops into a smooth heart of rose and elegant spices, then settles into a rich base of vanilla and warm woods. Perfect for daily wear or special occasions with long-lasting appeal."
242,DIOR,JASMIN DES ANGES PVT COL,"Lemon, Pink Pepper","Jasmine, Cardamom","Patchouli, Vetiver, Amber","Discover Jasmin Des Anges Pvt Col by Dior, a refined fragrance crafted to make a lasting impression. It opens with lemon and fresh accords, develops into a smooth heart of jasmine and elegant spices, then settles into a rich base of patchouli and warm woods. Perfect for daily wear or special occasions with long-lasting appeal."
243,DIOR,MIDNIGHT POISION,"Apple, Bergamot","Cinnamon, Lavender","Vanilla, Tonka Bean, Amber","Discover Midnight Poision by Dior, a refined fragrance crafted to make a lasting impression. It opens with apple and fresh accords, develops into a smooth heart of cinnamon and elegant spices, then settles into a rich base of vanilla and warm woods. Perfect for daily wear or special occasions with long-lasting appeal."
244,DIOR,HYPNOTIC POISION,"Apple, Bergamot","Lavender, Geranium","Cedarwood, Musk, Amber","Discover Hypnotic Poision by Dior, a refined fragrance crafted to make a lasting impression. It opens with apple and fresh accords, develops into a smooth heart of lavender and elegant spices, then settles into a rich base of cedarwood and warm woods. Perfect for daily wear or special occasions with long-lasting appeal."
245,DIOR,LEATHER OUDH,"Saffron, Bergamot","Rose, Jasmine","Oud, Amber, Musk","Discover Leather Oudh by Dior, a refined fragrance crafted to make a lasting impression. It opens with saffron and fresh accords, develops into a smooth heart of rose and elegant spices, then settles into a rich base of oud and warm woods. Perfect for daily wear or special occasions with long-lasting appeal."
246,DIOR,PATCHOULI IMPERIAL,"Lemon, Pink Pepper","Jasmine, Cardamom","Patchouli, Vetiver, Amber","Discover Patchouli Imperial by Dior, a refined fragrance crafted to make a lasting impression. It opens with lemon and fresh accords, develops into a smooth heart of jasmine and elegant spices, then settles into a rich base of patchouli and warm woods. Perfect for daily wear or special occasions with long-lasting appeal."
247,DIOR,JOY,"Apple, Bergamot","Lavender, Geranium","Cedarwood, Musk, Amber","Discover Joy by Dior, a refined fragrance crafted to make a lasting impression. It opens with apple and fresh accords, develops into a smooth heart of lavender and elegant spices, then settles into a rich base of cedarwood and warm woods. Perfect for daily wear or special occasions with long-lasting appeal."
248,DIOR,JADORE,"Grapefruit, Mint","Lavender, Sage","Tonka Bean, Cedar, Musk","Discover Jadore by Dior, a refined fragrance crafted to make a lasting impression. It opens with grapefruit and fresh accords, develops into a smooth heart of lavender and elegant spices, then settles into a rich base of tonka bean and warm woods. Perfect for daily wear or special occasions with long-lasting appeal."
249,DIOR,POISON GIRL,"Grapefruit, Mint","Lavender, Sage","Tonka Bean, Cedar, Musk","Discover Poison Girl by Dior, a refined fragrance crafted to make a lasting impression. It opens with grapefruit and fresh accords, develops into a smooth heart of lavender and elegant spices, then settles into a rich base of tonka bean and warm woods. Perfect for daily wear or special occasions with long-lasting appeal."
250,DIOR,DIOR HOMME SPORT,"Apple, Bergamot","Lavender, Geranium","Cedarwood, Musk, Amber","Discover Dior Homme Sport by Dior, a refined fragrance crafted to make a lasting impression. It opens with apple and fresh accords, develops into a smooth heart of lavender and elegant spices, then settles into a rich base of cedarwood and warm woods. Perfect for daily wear or special occasions with long-lasting appeal."
251,DIOR,HOMME PARFUM 2014,"Apple, Bergamot","Lavender, Geranium","Cedarwood, Musk, Amber","Discover Homme Parfum 2014 by Dior, a refined fragrance crafted to make a lasting impression. It opens with apple and fresh accords, develops into a smooth heart of lavender and elegant spices, then settles into a rich base of cedarwood and warm woods. Perfect for daily wear or special occasions with long-lasting appeal."
252,DIPTIQUE,EAU ROSE L,"Lychee, Bergamot","Rose, Peony","Musk, Patchouli, Vanilla","Discover Eau Rose L by Diptique, a refined fragrance crafted to make a lasting impression. It opens with lychee and fresh accords, develops into a smooth heart of rose and elegant spices, then settles into a rich base of musk and warm woods. Perfect for daily wear or special occasions with long-lasting appeal."
253,DIPTYQUE,ILIO,"Grapefruit, Mint","Lavender, Sage","Tonka Bean, Cedar, Musk","Discover Ilio by Diptyque, a refined fragrance crafted to make a lasting impression. It opens with grapefruit and fresh accords, develops into a smooth heart of lavender and elegant spices, then settles into a rich base of tonka bean and warm woods. Perfect for daily wear or special occasions with long-lasting appeal."
254,DIPTYQUE,TAMDAO,"Mandarin, Pear","Rose, Orange Blossom","Vanilla, Musk, Sandalwood","Discover Tamdao by Diptyque, a refined fragrance crafted to make a lasting impression. It opens with mandarin and fresh accords, develops into a smooth heart of rose and elegant spices, then settles into a rich base of vanilla and warm woods. Perfect for daily wear or special occasions with long-lasting appeal."
255,DIPTYQUE,L'OMBRE DANS,"Apple, Bergamot","Lavender, Geranium","Cedarwood, Musk, Amber","Discover L'Ombre Dans by Diptyque, a refined fragrance crafted to make a lasting impression. It opens with apple and fresh accords, develops into a smooth heart of lavender and elegant spices, then settles into a rich base of cedarwood and warm woods. Perfect for daily wear or special occasions with long-lasting appeal."
256,DIPTYQUE,TAMDAO EDP,"Lemon, Pink Pepper","Jasmine, Cardamom","Patchouli, Vetiver, Amber","Discover Tamdao Edp by Diptyque, a refined fragrance crafted to make a lasting impression. It opens with lemon and fresh accords, develops into a smooth heart of jasmine and elegant spices, then settles into a rich base of patchouli and warm woods. Perfect for daily wear or special occasions with long-lasting appeal."
257,DIPTYQUE,OUD PALAO,"Saffron, Bergamot","Rose, Jasmine","Oud, Amber, Musk","Discover Oud Palao by Diptyque, a refined fragrance crafted to make a lasting impression. It opens with saffron and fresh accords, develops into a smooth heart of rose and elegant spices, then settles into a rich base of oud and warm woods. Perfect for daily wear or special occasions with long-lasting appeal."
258,DKNY,BE DELICIOUS,"Grapefruit, Mint","Lavender, Sage","Tonka Bean, Cedar, Musk","Discover Be Delicious by Dkny, a refined fragrance crafted to make a lasting impression. It opens with grapefruit and fresh accords, develops into a smooth heart of lavender and elegant spices, then settles into a rich base of tonka bean and warm woods. Perfect for daily wear or special occasions with long-lasting appeal."
259,DOLCE & GABBANA,MY DEVOTION EDP INTENSE,"Grapefruit, Pepper","Lavender, Cardamom","Amber, Vetiver, Woods","Discover My Devotion Edp Intense by Dolce & Gabbana, a refined fragrance crafted to make a lasting impression. It opens with grapefruit and fresh accords, develops into a smooth heart of lavender and elegant spices, then settles into a rich base of amber and warm woods. Perfect for daily wear or special occasions with long-lasting appeal."
260,DOLCE & GABBANA,DEVOTION POUR HOMME PARFUM,"Lemon, Pink Pepper","Jasmine, Cardamom","Patchouli, Vetiver, Amber","Discover Devotion Pour Homme Parfum by Dolce & Gabbana, a refined fragrance crafted to make a lasting impression. It opens with lemon and fresh accords, develops into a smooth heart of jasmine and elegant spices, then settles into a rich base of patchouli and warm woods. Perfect for daily wear or special occasions with long-lasting appeal."
261,DOLCE & GABBANA,THE ONE GOLD FOR MEN,"Mandarin, Saffron","Rose, Cinnamon","Amber, Vanilla, Oud","Discover The One Gold For Men by Dolce & Gabbana, a refined fragrance crafted to make a lasting impression. It opens with mandarin and fresh accords, develops into a smooth heart of rose and elegant spices, then settles into a rich base of amber and warm woods. Perfect for daily wear or special occasions with long-lasting appeal."
262,DOLCE & GABBANA,KING,"Grapefruit, Mint","Lavender, Sage","Tonka Bean, Cedar, Musk","Discover King by Dolce & Gabbana, a refined fragrance crafted to make a lasting impression. It opens with grapefruit and fresh accords, develops into a smooth heart of lavender and elegant spices, then settles into a rich base of tonka bean and warm woods. Perfect for daily wear or special occasions with long-lasting appeal."
263,DOLCE & GABBANA,D&G THE ONE INTENSE,"Grapefruit, Pepper","Lavender, Cardamom","Amber, Vetiver, Woods","Discover D&G The One Intense by Dolce & Gabbana, a refined fragrance crafted to make a lasting impression. It opens with grapefruit and fresh accords, develops into a smooth heart of lavender and elegant spices, then settles into a rich base of amber and warm woods. Perfect for daily wear or special occasions with long-lasting appeal."
264,DOLCE & GABBANA,THE ONLY 1,"Lemon, Pink Pepper","Jasmine, Cardamom","Patchouli, Vetiver, Amber","Discover The Only 1 by Dolce & Gabbana, a refined fragrance crafted to make a lasting impression. It opens with lemon and fresh accords, develops into a smooth heart of jasmine and elegant spices, then settles into a rich base of patchouli and warm woods. Perfect for daily wear or special occasions with long-lasting appeal."
265,DOLCE & GABBANA,THE ONE LUMINOUS NIGHT,"Apple, Bergamot","Cinnamon, Lavender","Vanilla, Tonka Bean, Amber","Discover The One Luminous Night by Dolce & Gabbana, a refined fragrance crafted to make a lasting impression. It opens with apple and fresh accords, develops into a smooth heart of cinnamon and elegant spices, then settles into a rich base of vanilla and warm woods. Perfect for daily wear or special occasions with long-lasting appeal."
266,DOLCE & GABBANA,THE ONE,"Grapefruit, Mint","Lavender, Sage","Tonka Bean, Cedar, Musk","Discover The One by Dolce & Gabbana, a refined fragrance crafted to make a lasting impression. It opens with grapefruit and fresh accords, develops into a smooth heart of lavender and elegant spices, then settles into a rich base of tonka bean and warm woods. Perfect for daily wear or special occasions with long-lasting appeal."
267,DOLCE & GABBANA,THE ONE WOMEN,"Mandarin, Pear","Rose, Orange Blossom","Vanilla, Musk, Sandalwood","Discover The One Women by Dolce & Gabbana, a refined fragrance crafted to make a lasting impression. It opens with mandarin and fresh accords, develops into a smooth heart of rose and elegant spices, then settles into a rich base of vanilla and warm woods. Perfect for daily wear or special occasions with long-lasting appeal."
268,DOLCE & GABBANA,LIGHT BLUE FOREVER,"Lemon, Mint","Lavender, Geranium","Amberwood, Musk, Cedar","Discover Light Blue Forever by Dolce & Gabbana, a refined fragrance crafted to make a lasting impression. It opens with lemon and fresh accords, develops into a smooth heart of lavender and elegant spices, then settles into a rich base of amberwood and warm woods. Perfect for daily wear or special occasions with long-lasting appeal."
269,DOLCE & GABBANA,THE 1 ROYAL NIGHT,"Apple, Bergamot","Cinnamon, Lavender","Vanilla, Tonka Bean, Amber","Discover The 1 Royal Night by Dolce & Gabbana, a refined fragrance crafted to make a lasting impression. It opens with apple and fresh accords, develops into a smooth heart of cinnamon and elegant spices, then settles into a rich base of vanilla and warm woods. Perfect for daily wear or special occasions with long-lasting appeal."
270,DOLCE & GABBANA,VELVET DESERT OUDH,"Saffron, Bergamot","Rose, Jasmine","Oud, Amber, Musk","Discover Velvet Desert Oudh by Dolce & Gabbana, a refined fragrance crafted to make a lasting impression. It opens with saffron and fresh accords, develops into a smooth heart of rose and elegant spices, then settles into a rich base of oud and warm woods. Perfect for daily wear or special occasions with long-lasting appeal."
271,DUNHILL,DESIRE RED,"Grapefruit, Mint","Lavender, Sage","Tonka Bean, Cedar, Musk","Discover Desire Red by Dunhill, a refined fragrance crafted to make a lasting impression. It opens with grapefruit and fresh accords, develops into a smooth heart of lavender and elegant spices, then settles into a rich base of tonka bean and warm woods. Perfect for daily wear or special occasions with long-lasting appeal."
272,DUNHILL,CUSTOM,"Lemon, Pink Pepper","Jasmine, Cardamom","Patchouli, Vetiver, Amber","Discover Custom by Dunhill, a refined fragrance crafted to make a lasting impression. It opens with lemon and fresh accords, develops into a smooth heart of jasmine and elegant spices, then settles into a rich base of patchouli and warm woods. Perfect for daily wear or special occasions with long-lasting appeal."
273,DUNHILL,ICON GREY,"Grapefruit, Mint","Lavender, Sage","Tonka Bean, Cedar, Musk","Discover Icon Grey by Dunhill, a refined fragrance crafted to make a lasting impression. It opens with grapefruit and fresh accords, develops into a smooth heart of lavender and elegant spices, then settles into a rich base of tonka bean and warm woods. Perfect for daily wear or special occasions with long-lasting appeal."
274,DUNHILL,ICON ABSOLUTE,"Mandarin, Pear","Rose, Orange Blossom","Vanilla, Musk, Sandalwood","Discover Icon Absolute by Dunhill, a refined fragrance crafted to make a lasting impression. It opens with mandarin and fresh accords, develops into a smooth heart of rose and elegant spices, then settles into a rich base of vanilla and warm woods. Perfect for daily wear or special occasions with long-lasting appeal."
275,DUNHILL,ICON BY ALFRED DUNHILL (GREY),"Grapefruit, Mint","Lavender, Sage","Tonka Bean, Cedar, Musk","Discover Icon By Alfred Dunhill (Grey) by Dunhill, a refined fragrance crafted to make a lasting impression. It opens with grapefruit and fresh accords, develops into a smooth heart of lavender and elegant spices, then settles into a rich base of tonka bean and warm woods. Perfect for daily wear or special occasions with long-lasting appeal."
276,ELIE SAAB,LA PARFUM,"Grapefruit, Mint","Lavender, Sage","Tonka Bean, Cedar, Musk","Discover La Parfum by Elie Saab, a refined fragrance crafted to make a lasting impression. It opens with grapefruit and fresh accords, develops into a smooth heart of lavender and elegant spices, then settles into a rich base of tonka bean and warm woods. Perfect for daily wear or special occasions with long-lasting appeal."
277,ELIESAAB,GIRL OF NOW,"Mandarin, Pear","Rose, Orange Blossom","Vanilla, Musk, Sandalwood","Discover Girl Of Now by Eliesaab, a refined fragrance crafted to make a lasting impression. It opens with mandarin and fresh accords, develops into a smooth heart of rose and elegant spices, then settles into a rich base of vanilla and warm woods. Perfect for daily wear or special occasions with long-lasting appeal."
278,ELIZABETH ARDEN,RED DOOR,"Apple, Bergamot","Lavender, Geranium","Cedarwood, Musk, Amber","Discover Red Door by Elizabeth Arden, a refined fragrance crafted to make a lasting impression. It opens with apple and fresh accords, develops into a smooth heart of lavender and elegant spices, then settles into a rich base of cedarwood and warm woods. Perfect for daily wear or special occasions with long-lasting appeal."
279,ELIZABETH ARDEN,5TH AVENUE,"Apple, Bergamot","Lavender, Geranium","Cedarwood, Musk, Amber","Discover 5Th Avenue by Elizabeth Arden, a refined fragrance crafted to make a lasting impression. It opens with apple and fresh accords, develops into a smooth heart of lavender and elegant spices, then settles into a rich base of cedarwood and warm woods. Perfect for daily wear or special occasions with long-lasting appeal."
280,ESCADA,CHERRY IN JAPAN,"Lemon, Pink Pepper","Jasmine, Cardamom","Patchouli, Vetiver, Amber","Discover Cherry In Japan by Escada, a refined fragrance crafted to make a lasting impression. It opens with lemon and fresh accords, develops into a smooth heart of jasmine and elegant spices, then settles into a rich base of patchouli and warm woods. Perfect for daily wear or special occasions with long-lasting appeal."
281,ESCADA,MOON SPARKLE,"Lemon, Pink Pepper","Jasmine, Cardamom","Patchouli, Vetiver, Amber","Discover Moon Sparkle by Escada, a refined fragrance crafted to make a lasting impression. It opens with lemon and fresh accords, develops into a smooth heart of jasmine and elegant spices, then settles into a rich base of patchouli and warm woods. Perfect for daily wear or special occasions with long-lasting appeal."
282,EX NIHILO,DEVIL TENDER,"Grapefruit, Mint","Lavender, Sage","Tonka Bean, Cedar, Musk","Discover Devil Tender by Ex Nihilo, a refined fragrance crafted to make a lasting impression. It opens with grapefruit and fresh accords, develops into a smooth heart of lavender and elegant spices, then settles into a rich base of tonka bean and warm woods. Perfect for daily wear or special occasions with long-lasting appeal."
283,EX NIHILO,FLEUR NARCOTIQUE,"Lemon, Pink Pepper","Jasmine, Cardamom","Patchouli, Vetiver, Amber","Discover Fleur Narcotique by Ex Nihilo, a refined fragrance crafted to make a lasting impression. It opens with lemon and fresh accords, develops into a smooth heart of jasmine and elegant spices, then settles into a rich base of patchouli and warm woods. Perfect for daily wear or special occasions with long-lasting appeal."
284,EX NIHILO,GREEN VIPER,"Grapefruit, Mint","Lavender, Sage","Tonka Bean, Cedar, Musk","Discover Green Viper by Ex Nihilo, a refined fragrance crafted to make a lasting impression. It opens with grapefruit and fresh accords, develops into a smooth heart of lavender and elegant spices, then settles into a rich base of tonka bean and warm woods. Perfect for daily wear or special occasions with long-lasting appeal."
285,EX NIHILO,OUTCAST BLUE EXTRACT D P,"Lemon, Mint","Lavender, Geranium","Amberwood, Musk, Cedar","Discover Outcast Blue Extract D P by Ex Nihilo, a refined fragrance crafted to make a lasting impression. It opens with lemon and fresh accords, develops into a smooth heart of lavender and elegant spices, then settles into a rich base of amberwood and warm woods. Perfect for daily wear or special occasions with long-lasting appeal."
286,EX NIHILO,SANTAL CALLING,"Apple, Bergamot","Lavender, Geranium","Cedarwood, Musk, Amber","Discover Santal Calling by Ex Nihilo, a refined fragrance crafted to make a lasting impression. It opens with apple and fresh accords, develops into a smooth heart of lavender and elegant spices, then settles into a rich base of cedarwood and warm woods. Perfect for daily wear or special occasions with long-lasting appeal."
287,FREDERIC MALLE,CARNAL FLOWER,"Mandarin, Pear","Rose, Orange Blossom","Vanilla, Musk, Sandalwood","Discover Carnal Flower by Frederic Malle, a refined fragrance crafted to make a lasting impression. It opens with mandarin and fresh accords, develops into a smooth heart of rose and elegant spices, then settles into a rich base of vanilla and warm woods. Perfect for daily wear or special occasions with long-lasting appeal."
288,FREDERIC MALLE,SYNTHETIC JUNGLE -,"Grapefruit, Mint","Lavender, Sage","Tonka Bean, Cedar, Musk","Discover Synthetic Jungle - by Frederic Malle, a refined fragrance crafted to make a lasting impression. It opens with grapefruit and fresh accords, develops into a smooth heart of lavender and elegant spices, then settles into a rich base of tonka bean and warm woods. Perfect for daily wear or special occasions with long-lasting appeal."
289,FREDERIC MALLE,LIPSTICK ROSE -,"Lychee, Bergamot","Rose, Peony","Musk, Patchouli, Vanilla","Discover Lipstick Rose - by Frederic Malle, a refined fragrance crafted to make a lasting impression. It opens with lychee and fresh accords, develops into a smooth heart of rose and elegant spices, then settles into a rich base of musk and warm woods. Perfect for daily wear or special occasions with long-lasting appeal."
290,FREDERIC MALLE,ROSE TONNERE,"Lychee, Bergamot","Rose, Peony","Musk, Patchouli, Vanilla","Discover Rose Tonnere by Frederic Malle, a refined fragrance crafted to make a lasting impression. It opens with lychee and fresh accords, develops into a smooth heart of rose and elegant spices, then settles into a rich base of musk and warm woods. Perfect for daily wear or special occasions with long-lasting appeal."
291,FREDERIC MALLE,PROMISE -,"Lemon, Pink Pepper","Jasmine, Cardamom","Patchouli, Vetiver, Amber","Discover Promise - by Frederic Malle, a refined fragrance crafted to make a lasting impression. It opens with lemon and fresh accords, develops into a smooth heart of jasmine and elegant spices, then settles into a rich base of patchouli and warm woods. Perfect for daily wear or special occasions with long-lasting appeal."
292,FREDERIC MALLE,THE NIGHT DOMINIQUE ROPAIN,"Apple, Bergamot","Cinnamon, Lavender","Vanilla, Tonka Bean, Amber","Discover The Night Dominique Ropain by Frederic Malle, a refined fragrance crafted to make a lasting impression. It opens with apple and fresh accords, develops into a smooth heart of cinnamon and elegant spices, then settles into a rich base of vanilla and warm woods. Perfect for daily wear or special occasions with long-lasting appeal."
293,FREDERIC MALLE,FRENCH LOVER,"Mandarin, Pear","Rose, Orange Blossom","Vanilla, Musk, Sandalwood","Discover French Lover by Frederic Malle, a refined fragrance crafted to make a lasting impression. It opens with mandarin and fresh accords, develops into a smooth heart of rose and elegant spices, then settles into a rich base of vanilla and warm woods. Perfect for daily wear or special occasions with long-lasting appeal."
294,FREDERIC MALLE,L'EAU D' HIVER,"Apple, Bergamot","Lavender, Geranium","Cedarwood, Musk, Amber","Discover L'Eau D' Hiver by Frederic Malle, a refined fragrance crafted to make a lasting impression. It opens with apple and fresh accords, develops into a smooth heart of lavender and elegant spices, then settles into a rich base of cedarwood and warm woods. Perfect for daily wear or special occasions with long-lasting appeal."
295,FREDERIC MALLE,MUSC RAVAGEUR,"Apple, Bergamot","Lavender, Geranium","Cedarwood, Musk, Amber","Discover Musc Ravageur by Frederic Malle, a refined fragrance crafted to make a lasting impression. It opens with apple and fresh accords, develops into a smooth heart of lavender and elegant spices, then settles into a rich base of cedarwood and warm woods. Perfect for daily wear or special occasions with long-lasting appeal."
296,FREDERIC MALLE,ROSE DE CUIR,"Lychee, Bergamot","Rose, Peony","Musk, Patchouli, Vanilla","Discover Rose De Cuir by Frederic Malle, a refined fragrance crafted to make a lasting impression. It opens with lychee and fresh accords, develops into a smooth heart of rose and elegant spices, then settles into a rich base of musk and warm woods. Perfect for daily wear or special occasions with long-lasting appeal."
297,FREDERIC MALLE,POTRAIT OF A LADY,"Mandarin, Pear","Rose, Orange Blossom","Vanilla, Musk, Sandalwood","Discover Potrait Of A Lady by Frederic Malle, a refined fragrance crafted to make a lasting impression. It opens with mandarin and fresh accords, develops into a smooth heart of rose and elegant spices, then settles into a rich base of vanilla and warm woods. Perfect for daily wear or special occasions with long-lasting appeal."
298,FRENCH AVENUE,LIQUIDE BRUN,"Lemon, Pink Pepper","Jasmine, Cardamom","Patchouli, Vetiver, Amber","Discover Liquide Brun by French Avenue, a refined fragrance crafted to make a lasting impression. It opens with lemon and fresh accords, develops into a smooth heart of jasmine and elegant spices, then settles into a rich base of patchouli and warm woods. Perfect for daily wear or special occasions with long-lasting appeal."
299,GISSAH,VOLT GISSAH,"Apple, Bergamot","Lavender, Geranium","Cedarwood, Musk, Amber","Discover Volt Gissah by Gissah, a refined fragrance crafted to make a lasting impression. It opens with apple and fresh accords, develops into a smooth heart of lavender and elegant spices, then settles into a rich base of cedarwood and warm woods. Perfect for daily wear or special occasions with long-lasting appeal."
300,GISSAH,AKOYA,"Grapefruit, Mint","Lavender, Sage","Tonka Bean, Cedar, Musk","Discover Akoya by Gissah, a refined fragrance crafted to make a lasting impression. It opens with grapefruit and fresh accords, develops into a smooth heart of lavender and elegant spices, then settles into a rich base of tonka bean and warm woods. Perfect for daily wear or special occasions with long-lasting appeal."
301,GISSAH,IMPERIAL VALLEY,"Mandarin, Pear","Rose, Orange Blossom","Vanilla, Musk, Sandalwood","Discover Imperial Valley by Gissah, a refined fragrance crafted to make a lasting impression. It opens with mandarin and fresh accords, develops into a smooth heart of rose and elegant spices, then settles into a rich base of vanilla and warm woods. Perfect for daily wear or special occasions with long-lasting appeal."
302,GISSAH,SIENNA VALLEY,"Mandarin, Pear","Rose, Orange Blossom","Vanilla, Musk, Sandalwood","Discover Sienna Valley by Gissah, a refined fragrance crafted to make a lasting impression. It opens with mandarin and fresh accords, develops into a smooth heart of rose and elegant spices, then settles into a rich base of vanilla and warm woods. Perfect for daily wear or special occasions with long-lasting appeal."
303,GISSAH,CALABRIA,"Apple, Bergamot","Lavender, Geranium","Cedarwood, Musk, Amber","Discover Calabria by Gissah, a refined fragrance crafted to make a lasting impression. It opens with apple and fresh accords, develops into a smooth heart of lavender and elegant spices, then settles into a rich base of cedarwood and warm woods. Perfect for daily wear or special occasions with long-lasting appeal."
304,GIVENCHY,GENTLEMAN EDP RESERVE PRIVÉE,"Lemon, Pink Pepper","Jasmine, Cardamom","Patchouli, Vetiver, Amber","Discover Gentleman Edp Reserve Privée by Givenchy, a refined fragrance crafted to make a lasting impression. It opens with lemon and fresh accords, develops into a smooth heart of jasmine and elegant spices, then settles into a rich base of patchouli and warm woods. Perfect for daily wear or special occasions with long-lasting appeal."
305,GIVENCHY,AMIRAGE,"Mandarin, Pear","Rose, Orange Blossom","Vanilla, Musk, Sandalwood","Discover Amirage by Givenchy, a refined fragrance crafted to make a lasting impression. It opens with mandarin and fresh accords, develops into a smooth heart of rose and elegant spices, then settles into a rich base of vanilla and warm woods. Perfect for daily wear or special occasions with long-lasting appeal."
306,GIVENCHY,BLUE LABEL,"Lemon, Mint","Lavender, Geranium","Amberwood, Musk, Cedar","Discover Blue Label by Givenchy, a refined fragrance crafted to make a lasting impression. It opens with lemon and fresh accords, develops into a smooth heart of lavender and elegant spices, then settles into a rich base of amberwood and warm woods. Perfect for daily wear or special occasions with long-lasting appeal."
307,GIVENCHY,GENTLEMAN,"Apple, Bergamot","Lavender, Geranium","Cedarwood, Musk, Amber","Discover Gentleman by Givenchy, a refined fragrance crafted to make a lasting impression. It opens with apple and fresh accords, develops into a smooth heart of lavender and elegant spices, then settles into a rich base of cedarwood and warm woods. Perfect for daily wear or special occasions with long-lasting appeal."
308,GIVENCHY,L'INTERDIT EDITION MILLESIME NOCT,"Apple, Bergamot","Lavender, Geranium","Cedarwood, Musk, Amber","Discover L'Interdit Edition Millesime Noct by Givenchy, a refined fragrance crafted to make a lasting impression. It opens with apple and fresh accords, develops into a smooth heart of lavender and elegant spices, then settles into a rich base of cedarwood and warm woods. Perfect for daily wear or special occasions with long-lasting appeal."
309,GIVENCHY,OUD FLAMBOYANT,"Saffron, Bergamot","Rose, Jasmine","Oud, Amber, Musk","Discover Oud Flamboyant by Givenchy, a refined fragrance crafted to make a lasting impression. It opens with saffron and fresh accords, develops into a smooth heart of rose and elegant spices, then settles into a rich base of oud and warm woods. Perfect for daily wear or special occasions with long-lasting appeal."
310,GIVENCHY,GENTLEMAN 1974,"Mandarin, Pear","Rose, Orange Blossom","Vanilla, Musk, Sandalwood","Discover Gentleman 1974 by Givenchy, a refined fragrance crafted to make a lasting impression. It opens with mandarin and fresh accords, develops into a smooth heart of rose and elegant spices, then settles into a rich base of vanilla and warm woods. Perfect for daily wear or special occasions with long-lasting appeal."
311,GIVENCHY,GENTLEMEN RESERVE PRIVE,"Apple, Bergamot","Lavender, Geranium","Cedarwood, Musk, Amber","Discover Gentlemen Reserve Prive by Givenchy, a refined fragrance crafted to make a lasting impression. It opens with apple and fresh accords, develops into a smooth heart of lavender and elegant spices, then settles into a rich base of cedarwood and warm woods. Perfect for daily wear or special occasions with long-lasting appeal."
312,GOLDFIELD & BANKS,INGENIOUS GINGER,"Grapefruit, Mint","Lavender, Sage","Tonka Bean, Cedar, Musk","Discover Ingenious Ginger by Goldfield & Banks, a refined fragrance crafted to make a lasting impression. It opens with grapefruit and fresh accords, develops into a smooth heart of lavender and elegant spices, then settles into a rich base of tonka bean and warm woods. Perfect for daily wear or special occasions with long-lasting appeal."
313,GOLDFIELD & BANKS,PACIFIC ROCK MOSS,"Apple, Bergamot","Lavender, Geranium","Cedarwood, Musk, Amber","Discover Pacific Rock Moss by Goldfield & Banks, a refined fragrance crafted to make a lasting impression. It opens with apple and fresh accords, develops into a smooth heart of lavender and elegant spices, then settles into a rich base of cedarwood and warm woods. Perfect for daily wear or special occasions with long-lasting appeal."
314,GOUTAL,NUIT ET CONFIDENCES,"Lemon, Pink Pepper","Jasmine, Cardamom","Patchouli, Vetiver, Amber","Discover Nuit Et Confidences by Goutal, a refined fragrance crafted to make a lasting impression. It opens with lemon and fresh accords, develops into a smooth heart of jasmine and elegant spices, then settles into a rich base of patchouli and warm woods. Perfect for daily wear or special occasions with long-lasting appeal."
315,GUCCI,FLORA GORGEOUS JASMINE,"Mandarin, Pear","Rose, Orange Blossom","Vanilla, Musk, Sandalwood","Discover Flora Gorgeous Jasmine by Gucci, a refined fragrance crafted to make a lasting impression. It opens with mandarin and fresh accords, develops into a smooth heart of rose and elegant spices, then settles into a rich base of vanilla and warm woods. Perfect for daily wear or special occasions with long-lasting appeal."
316,GUCCI,FLORA GORGEOUS MAGNOLIA,"Mandarin, Pear","Rose, Orange Blossom","Vanilla, Musk, Sandalwood","Discover Flora Gorgeous Magnolia by Gucci, a refined fragrance crafted to make a lasting impression. It opens with mandarin and fresh accords, develops into a smooth heart of rose and elegant spices, then settles into a rich base of vanilla and warm woods. Perfect for daily wear or special occasions with long-lasting appeal."
317,GUCCI,FLORA GRACIOUS TUBEROSE,"Lychee, Bergamot","Rose, Peony","Musk, Patchouli, Vanilla","Discover Flora Gracious Tuberose by Gucci, a refined fragrance crafted to make a lasting impression. It opens with lychee and fresh accords, develops into a smooth heart of rose and elegant spices, then settles into a rich base of musk and warm woods. Perfect for daily wear or special occasions with long-lasting appeal."
318,GUCCI,GUILTY MEN,"Grapefruit, Mint","Lavender, Sage","Tonka Bean, Cedar, Musk","Discover Guilty Men by Gucci, a refined fragrance crafted to make a lasting impression. It opens with grapefruit and fresh accords, develops into a smooth heart of lavender and elegant spices, then settles into a rich base of tonka bean and warm woods. Perfect for daily wear or special occasions with long-lasting appeal."
319,GUCCI,BLOOM,"Mandarin, Pear","Rose, Orange Blossom","Vanilla, Musk, Sandalwood","Discover Bloom by Gucci, a refined fragrance crafted to make a lasting impression. It opens with mandarin and fresh accords, develops into a smooth heart of rose and elegant spices, then settles into a rich base of vanilla and warm woods. Perfect for daily wear or special occasions with long-lasting appeal."
320,GUCCI,FLORA,"Grapefruit, Mint","Lavender, Sage","Tonka Bean, Cedar, Musk","Discover Flora by Gucci, a refined fragrance crafted to make a lasting impression. It opens with grapefruit and fresh accords, develops into a smooth heart of lavender and elegant spices, then settles into a rich base of tonka bean and warm woods. Perfect for daily wear or special occasions with long-lasting appeal."
321,GUCCI,OUDH INTENSE,"Saffron, Bergamot","Rose, Jasmine","Oud, Amber, Musk","Discover Oudh Intense by Gucci, a refined fragrance crafted to make a lasting impression. It opens with saffron and fresh accords, develops into a smooth heart of rose and elegant spices, then settles into a rich base of oud and warm woods. Perfect for daily wear or special occasions with long-lasting appeal."
322,GUCCI,RUSH,"Mandarin, Pear","Rose, Orange Blossom","Vanilla, Musk, Sandalwood","Discover Rush by Gucci, a refined fragrance crafted to make a lasting impression. It opens with mandarin and fresh accords, develops into a smooth heart of rose and elegant spices, then settles into a rich base of vanilla and warm woods. Perfect for daily wear or special occasions with long-lasting appeal."
323,GUCCI,VOICE OF THE SNAKES,"Grapefruit, Mint","Lavender, Sage","Tonka Bean, Cedar, Musk","Discover Voice Of The Snakes by Gucci, a refined fragrance crafted to make a lasting impression. It opens with grapefruit and fresh accords, develops into a smooth heart of lavender and elegant spices, then settles into a rich base of tonka bean and warm woods. Perfect for daily wear or special occasions with long-lasting appeal."
324,GUCCI,GUILTY ABSOLUTE WOMEN,"Apple, Bergamot","Lavender, Geranium","Cedarwood, Musk, Amber","Discover Guilty Absolute Women by Gucci, a refined fragrance crafted to make a lasting impression. It opens with apple and fresh accords, develops into a smooth heart of lavender and elegant spices, then settles into a rich base of cedarwood and warm woods. Perfect for daily wear or special occasions with long-lasting appeal."
325,GUERLAIN,TOBACCO HONEY,"Lemon, Pink Pepper","Jasmine, Cardamom","Patchouli, Vetiver, Amber","Discover Tobacco Honey by Guerlain, a refined fragrance crafted to make a lasting impression. It opens with lemon and fresh accords, develops into a smooth heart of jasmine and elegant spices, then settles into a rich base of patchouli and warm woods. Perfect for daily wear or special occasions with long-lasting appeal."
326,GUERLAIN,VANILLA PLANIFOLIA EXTRAIT 21,"Citrus, Pear","Jasmine, Tonka Bean","Vanilla, Amber, Sandalwood","Discover Vanilla Planifolia Extrait 21 by Guerlain, a refined fragrance crafted to make a lasting impression. It opens with citrus and fresh accords, develops into a smooth heart of jasmine and elegant spices, then settles into a rich base of vanilla and warm woods. Perfect for daily wear or special occasions with long-lasting appeal."
327,GUERLAIN,OUD ESSENTIEL,"Saffron, Bergamot","Rose, Jasmine","Oud, Amber, Musk","Discover Oud Essentiel by Guerlain, a refined fragrance crafted to make a lasting impression. It opens with saffron and fresh accords, develops into a smooth heart of rose and elegant spices, then settles into a rich base of oud and warm woods. Perfect for daily wear or special occasions with long-lasting appeal."
328,GUERLAIN,L HOMME IDEAL,"Grapefruit, Mint","Lavender, Sage","Tonka Bean, Cedar, Musk","Discover L Homme Ideal by Guerlain, a refined fragrance crafted to make a lasting impression. It opens with grapefruit and fresh accords, develops into a smooth heart of lavender and elegant spices, then settles into a rich base of tonka bean and warm woods. Perfect for daily wear or special occasions with long-lasting appeal."
329,GUERLAIN,LA PETTE ROBE NOIR,"Mandarin, Pear","Rose, Orange Blossom","Vanilla, Musk, Sandalwood","Discover La Pette Robe Noir by Guerlain, a refined fragrance crafted to make a lasting impression. It opens with mandarin and fresh accords, develops into a smooth heart of rose and elegant spices, then settles into a rich base of vanilla and warm woods. Perfect for daily wear or special occasions with long-lasting appeal."
330,GUERLAIN,IDEAL L HOMME (2014),"Mandarin, Pear","Rose, Orange Blossom","Vanilla, Musk, Sandalwood","Discover Ideal L Homme (2014) by Guerlain, a refined fragrance crafted to make a lasting impression. It opens with mandarin and fresh accords, develops into a smooth heart of rose and elegant spices, then settles into a rich base of vanilla and warm woods. Perfect for daily wear or special occasions with long-lasting appeal."
331,GUERLAIN,IDEAL L HOMME COLOGNE GA (2015),"Apple, Bergamot","Lavender, Geranium","Cedarwood, Musk, Amber","Discover Ideal L Homme Cologne Ga (2015) by Guerlain, a refined fragrance crafted to make a lasting impression. It opens with apple and fresh accords, develops into a smooth heart of lavender and elegant spices, then settles into a rich base of cedarwood and warm woods. Perfect for daily wear or special occasions with long-lasting appeal."
332,GUERLAIN,IDEAL L HOMME EDP (2016),"Apple, Bergamot","Lavender, Geranium","Cedarwood, Musk, Amber","Discover Ideal L Homme Edp (2016) by Guerlain, a refined fragrance crafted to make a lasting impression. It opens with apple and fresh accords, develops into a smooth heart of lavender and elegant spices, then settles into a rich base of cedarwood and warm woods. Perfect for daily wear or special occasions with long-lasting appeal."
333,GUERLAIN,SANTAL ROYAL,"Mandarin, Pear","Rose, Orange Blossom","Vanilla, Musk, Sandalwood","Discover Santal Royal by Guerlain, a refined fragrance crafted to make a lasting impression. It opens with mandarin and fresh accords, develops into a smooth heart of rose and elegant spices, then settles into a rich base of vanilla and warm woods. Perfect for daily wear or special occasions with long-lasting appeal."
334,GUERLAIN,L'HOMME IDEAL EDP 2016,"Mandarin, Pear","Rose, Orange Blossom","Vanilla, Musk, Sandalwood","Discover L'Homme Ideal Edp 2016 by Guerlain, a refined fragrance crafted to make a lasting impression. It opens with mandarin and fresh accords, develops into a smooth heart of rose and elegant spices, then settles into a rich base of vanilla and warm woods. Perfect for daily wear or special occasions with long-lasting appeal."
335,GUERLAIN,VETIVER FAUVE,"Lemon, Pink Pepper","Jasmine, Cardamom","Patchouli, Vetiver, Amber","Discover Vetiver Fauve by Guerlain, a refined fragrance crafted to make a lasting impression. It opens with lemon and fresh accords, develops into a smooth heart of jasmine and elegant spices, then settles into a rich base of patchouli and warm woods. Perfect for daily wear or special occasions with long-lasting appeal."
336,GUY LAROCHE,DRAKKER NOIR,"Mandarin, Pear","Rose, Orange Blossom","Vanilla, Musk, Sandalwood","Discover Drakker Noir by Guy Laroche, a refined fragrance crafted to make a lasting impression. It opens with mandarin and fresh accords, develops into a smooth heart of rose and elegant spices, then settles into a rich base of vanilla and warm woods. Perfect for daily wear or special occasions with long-lasting appeal."
337,HERMES,TERRE D'HERMES,"Grapefruit, Mint","Lavender, Sage","Tonka Bean, Cedar, Musk","Discover Terre D'Hermes by Hermes, a refined fragrance crafted to make a lasting impression. It opens with grapefruit and fresh accords, develops into a smooth heart of lavender and elegant spices, then settles into a rich base of tonka bean and warm woods. Perfect for daily wear or special occasions with long-lasting appeal."
338,HERMES,H24,"Grapefruit, Mint","Lavender, Sage","Tonka Bean, Cedar, Musk","Discover H24 by Hermes, a refined fragrance crafted to make a lasting impression. It opens with grapefruit and fresh accords, develops into a smooth heart of lavender and elegant spices, then settles into a rich base of tonka bean and warm woods. Perfect for daily wear or special occasions with long-lasting appeal."
339,HERMES,TWILLY DE HERMES,"Grapefruit, Mint","Lavender, Sage","Tonka Bean, Cedar, Musk","Discover Twilly De Hermes by Hermes, a refined fragrance crafted to make a lasting impression. It opens with grapefruit and fresh accords, develops into a smooth heart of lavender and elegant spices, then settles into a rich base of tonka bean and warm woods. Perfect for daily wear or special occasions with long-lasting appeal."
340,HERMES,TERRE EAU INTENSE VETIVER,"Grapefruit, Pepper","Lavender, Cardamom","Amber, Vetiver, Woods","Discover Terre Eau Intense Vetiver by Hermes, a refined fragrance crafted to make a lasting impression. It opens with grapefruit and fresh accords, develops into a smooth heart of lavender and elegant spices, then settles into a rich base of amber and warm woods. Perfect for daily wear or special occasions with long-lasting appeal."
341,HUGO BOSS,THE SCENT,"Grapefruit, Mint","Lavender, Sage","Tonka Bean, Cedar, Musk","Discover The Scent by Hugo Boss, a refined fragrance crafted to make a lasting impression. It opens with grapefruit and fresh accords, develops into a smooth heart of lavender and elegant spices, then settles into a rich base of tonka bean and warm woods. Perfect for daily wear or special occasions with long-lasting appeal."
342,HUGO BOSS,BOSS BOTTLED BEYOND,"Mandarin, Pear","Rose, Orange Blossom","Vanilla, Musk, Sandalwood","Discover Boss Bottled Beyond by Hugo Boss, a refined fragrance crafted to make a lasting impression. It opens with mandarin and fresh accords, develops into a smooth heart of rose and elegant spices, then settles into a rich base of vanilla and warm woods. Perfect for daily wear or special occasions with long-lasting appeal."
343,HUGO BOSS,HUGO BOSS MAN,"Apple, Bergamot","Lavender, Geranium","Cedarwood, Musk, Amber","Discover Hugo Boss Man by Hugo Boss, a refined fragrance crafted to make a lasting impression. It opens with apple and fresh accords, develops into a smooth heart of lavender and elegant spices, then settles into a rich base of cedarwood and warm woods. Perfect for daily wear or special occasions with long-lasting appeal."
344,HUGO BOSS,HUGO BOSS GREEN,"Grapefruit, Mint","Lavender, Sage","Tonka Bean, Cedar, Musk","Discover Hugo Boss Green by Hugo Boss, a refined fragrance crafted to make a lasting impression. It opens with grapefruit and fresh accords, develops into a smooth heart of lavender and elegant spices, then settles into a rich base of tonka bean and warm woods. Perfect for daily wear or special occasions with long-lasting appeal."
345,HUGO BOSS,HUGO BOSS OUDH,"Saffron, Bergamot","Rose, Jasmine","Oud, Amber, Musk","Discover Hugo Boss Oudh by Hugo Boss, a refined fragrance crafted to make a lasting impression. It opens with saffron and fresh accords, develops into a smooth heart of rose and elegant spices, then settles into a rich base of oud and warm woods. Perfect for daily wear or special occasions with long-lasting appeal."
346,HUGO BOSS,BOSS BOTTLED SPORT,"Apple, Bergamot","Lavender, Geranium","Cedarwood, Musk, Amber","Discover Boss Bottled Sport by Hugo Boss, a refined fragrance crafted to make a lasting impression. It opens with apple and fresh accords, develops into a smooth heart of lavender and elegant spices, then settles into a rich base of cedarwood and warm woods. Perfect for daily wear or special occasions with long-lasting appeal."
347,HUGO BOSS,BOSS BOTTLED INTENSE,"Grapefruit, Pepper","Lavender, Cardamom","Amber, Vetiver, Woods","Discover Boss Bottled Intense by Hugo Boss, a refined fragrance crafted to make a lasting impression. It opens with grapefruit and fresh accords, develops into a smooth heart of lavender and elegant spices, then settles into a rich base of amber and warm woods. Perfect for daily wear or special occasions with long-lasting appeal."
348,HUGO BOSS,SAFFRON OUDH,"Saffron, Bergamot","Rose, Jasmine","Oud, Amber, Musk","Discover Saffron Oudh by Hugo Boss, a refined fragrance crafted to make a lasting impression. It opens with saffron and fresh accords, develops into a smooth heart of rose and elegant spices, then settles into a rich base of oud and warm woods. Perfect for daily wear or special occasions with long-lasting appeal."
349,HUGO BOSS,MARINE,"Mandarin, Pear","Rose, Orange Blossom","Vanilla, Musk, Sandalwood","Discover Marine by Hugo Boss, a refined fragrance crafted to make a lasting impression. It opens with mandarin and fresh accords, develops into a smooth heart of rose and elegant spices, then settles into a rich base of vanilla and warm woods. Perfect for daily wear or special occasions with long-lasting appeal."
350,IBRAHEEM AL QURASHI,MEXICAN TOBACCO,"Mandarin, Pear","Rose, Orange Blossom","Vanilla, Musk, Sandalwood","Discover Mexican Tobacco by Ibraheem Al Qurashi, a refined fragrance crafted to make a lasting impression. It opens with mandarin and fresh accords, develops into a smooth heart of rose and elegant spices, then settles into a rich base of vanilla and warm woods. Perfect for daily wear or special occasions with long-lasting appeal."
351,INITIO,PARAGON,"Grapefruit, Mint","Lavender, Sage","Tonka Bean, Cedar, Musk","Discover Paragon by Initio, a refined fragrance crafted to make a lasting impression. It opens with grapefruit and fresh accords, develops into a smooth heart of lavender and elegant spices, then settles into a rich base of tonka bean and warm woods. Perfect for daily wear or special occasions with long-lasting appeal."
352,INITIO,REHAB,"Grapefruit, Mint","Lavender, Sage","Tonka Bean, Cedar, Musk","Discover Rehab by Initio, a refined fragrance crafted to make a lasting impression. It opens with grapefruit and fresh accords, develops into a smooth heart of lavender and elegant spices, then settles into a rich base of tonka bean and warm woods. Perfect for daily wear or special occasions with long-lasting appeal."
353,INITIO,OUDH FOR GREATNESS,"Saffron, Bergamot","Rose, Jasmine","Oud, Amber, Musk","Discover Oudh For Greatness by Initio, a refined fragrance crafted to make a lasting impression. It opens with saffron and fresh accords, develops into a smooth heart of rose and elegant spices, then settles into a rich base of oud and warm woods. Perfect for daily wear or special occasions with long-lasting appeal."
354,INTIO,ADDICTIVE VIBRATIONS,"Grapefruit, Mint","Lavender, Sage","Tonka Bean, Cedar, Musk","Discover Addictive Vibrations by Intio, a refined fragrance crafted to make a lasting impression. It opens with grapefruit and fresh accords, develops into a smooth heart of lavender and elegant spices, then settles into a rich base of tonka bean and warm woods. Perfect for daily wear or special occasions with long-lasting appeal."
355,INTIO,SIDE EFFECT,"Grapefruit, Mint","Lavender, Sage","Tonka Bean, Cedar, Musk","Discover Side Effect by Intio, a refined fragrance crafted to make a lasting impression. It opens with grapefruit and fresh accords, develops into a smooth heart of lavender and elegant spices, then settles into a rich base of tonka bean and warm woods. Perfect for daily wear or special occasions with long-lasting appeal."
356,ISSEY MIYAKE,L 'EAU D ISSEY INTENSE,"Grapefruit, Pepper","Lavender, Cardamom","Amber, Vetiver, Woods","Discover L 'Eau D Issey Intense by Issey Miyake, a refined fragrance crafted to make a lasting impression. It opens with grapefruit and fresh accords, develops into a smooth heart of lavender and elegant spices, then settles into a rich base of amber and warm woods. Perfect for daily wear or special occasions with long-lasting appeal."
357,ISSEY MIYAKE,L 'EAU D ISSEY POUR FEMME,"Lemon, Pink Pepper","Jasmine, Cardamom","Patchouli, Vetiver, Amber","Discover L 'Eau D Issey Pour Femme by Issey Miyake, a refined fragrance crafted to make a lasting impression. It opens with lemon and fresh accords, develops into a smooth heart of jasmine and elegant spices, then settles into a rich base of patchouli and warm woods. Perfect for daily wear or special occasions with long-lasting appeal."
358,ISSEY MIYAKE,L 'EAU D ISSEY POUR HOMME,"Lemon, Pink Pepper","Jasmine, Cardamom","Patchouli, Vetiver, Amber","Discover L 'Eau D Issey Pour Homme by Issey Miyake, a refined fragrance crafted to make a lasting impression. It opens with lemon and fresh accords, develops into a smooth heart of jasmine and elegant spices, then settles into a rich base of patchouli and warm woods. Perfect for daily wear or special occasions with long-lasting appeal."
359,ISSEY MIYAKE,L 'EAU D ISSEY SPORT,"Mandarin, Pear","Rose, Orange Blossom","Vanilla, Musk, Sandalwood","Discover L 'Eau D Issey Sport by Issey Miyake, a refined fragrance crafted to make a lasting impression. It opens with mandarin and fresh accords, develops into a smooth heart of rose and elegant spices, then settles into a rich base of vanilla and warm woods. Perfect for daily wear or special occasions with long-lasting appeal."
360,ISSEY MIYAKE,NOIR ARGENT,"Apple, Bergamot","Lavender, Geranium","Cedarwood, Musk, Amber","Discover Noir Argent by Issey Miyake, a refined fragrance crafted to make a lasting impression. It opens with apple and fresh accords, develops into a smooth heart of lavender and elegant spices, then settles into a rich base of cedarwood and warm woods. Perfect for daily wear or special occasions with long-lasting appeal."
361,ISSEY MIYAKE,BLEU,"Lemon, Pink Pepper","Jasmine, Cardamom","Patchouli, Vetiver, Amber","Discover Bleu by Issey Miyake, a refined fragrance crafted to make a lasting impression. It opens with lemon and fresh accords, develops into a smooth heart of jasmine and elegant spices, then settles into a rich base of patchouli and warm woods. Perfect for daily wear or special occasions with long-lasting appeal."
362,ISSEY MIYAKE,WOON N WOOD,"Lemon, Pink Pepper","Jasmine, Cardamom","Patchouli, Vetiver, Amber","Discover Woon N Wood by Issey Miyake, a refined fragrance crafted to make a lasting impression. It opens with lemon and fresh accords, develops into a smooth heart of jasmine and elegant spices, then settles into a rich base of patchouli and warm woods. Perfect for daily wear or special occasions with long-lasting appeal."
363,JEAN PAUL GAULTIER,LA BELLE,"Apple, Bergamot","Lavender, Geranium","Cedarwood, Musk, Amber","Discover La Belle by Jean Paul Gaultier, a refined fragrance crafted to make a lasting impression. It opens with apple and fresh accords, develops into a smooth heart of lavender and elegant spices, then settles into a rich base of cedarwood and warm woods. Perfect for daily wear or special occasions with long-lasting appeal."
364,JEAN PAUL GAULTIER,LE MALE ELIXIR ABSOLU,"Mandarin, Pear","Rose, Orange Blossom","Vanilla, Musk, Sandalwood","Discover Le Male Elixir Absolu by Jean Paul Gaultier, a refined fragrance crafted to make a lasting impression. It opens with mandarin and fresh accords, develops into a smooth heart of rose and elegant spices, then settles into a rich base of vanilla and warm woods. Perfect for daily wear or special occasions with long-lasting appeal."
365,JEAN PAUL GAULTIER,ULTRA MALE,"Apple, Bergamot","Lavender, Geranium","Cedarwood, Musk, Amber","Discover Ultra Male by Jean Paul Gaultier, a refined fragrance crafted to make a lasting impression. It opens with apple and fresh accords, develops into a smooth heart of lavender and elegant spices, then settles into a rich base of cedarwood and warm woods. Perfect for daily wear or special occasions with long-lasting appeal."
366,JEAN PAUL GAULTIER,LE MALE,"Mandarin, Pear","Rose, Orange Blossom","Vanilla, Musk, Sandalwood","Discover Le Male by Jean Paul Gaultier, a refined fragrance crafted to make a lasting impression. It opens with mandarin and fresh accords, develops into a smooth heart of rose and elegant spices, then settles into a rich base of vanilla and warm woods. Perfect for daily wear or special occasions with long-lasting appeal."
367,JEAN PAUL GAULTIER,LE MALE LE PARFUM,"Apple, Bergamot","Lavender, Geranium","Cedarwood, Musk, Amber","Discover Le Male Le Parfum by Jean Paul Gaultier, a refined fragrance crafted to make a lasting impression. It opens with apple and fresh accords, develops into a smooth heart of lavender and elegant spices, then settles into a rich base of cedarwood and warm woods. Perfect for daily wear or special occasions with long-lasting appeal."
368,JEAN PAUL GAULTIER,SCANDAL MEN,"Lemon, Pink Pepper","Jasmine, Cardamom","Patchouli, Vetiver, Amber","Discover Scandal Men by Jean Paul Gaultier, a refined fragrance crafted to make a lasting impression. It opens with lemon and fresh accords, develops into a smooth heart of jasmine and elegant spices, then settles into a rich base of patchouli and warm woods. Perfect for daily wear or special occasions with long-lasting appeal."
369,JEAN PAUL GAULTIER,LE BEAU 2019,"Mandarin, Pear","Rose, Orange Blossom","Vanilla, Musk, Sandalwood","Discover Le Beau 2019 by Jean Paul Gaultier, a refined fragrance crafted to make a lasting impression. It opens with mandarin and fresh accords, develops into a smooth heart of rose and elegant spices, then settles into a rich base of vanilla and warm woods. Perfect for daily wear or special occasions with long-lasting appeal."
370,JEAN PAUL GAULTIER,LE MALE ELIXIR,"Grapefruit, Mint","Lavender, Sage","Tonka Bean, Cedar, Musk","Discover Le Male Elixir by Jean Paul Gaultier, a refined fragrance crafted to make a lasting impression. It opens with grapefruit and fresh accords, develops into a smooth heart of lavender and elegant spices, then settles into a rich base of tonka bean and warm woods. Perfect for daily wear or special occasions with long-lasting appeal."
371,JEAN PAUL GAULTIER,DIVINE ELIXIR,"Lemon, Pink Pepper","Jasmine, Cardamom","Patchouli, Vetiver, Amber","Discover Divine Elixir by Jean Paul Gaultier, a refined fragrance crafted to make a lasting impression. It opens with lemon and fresh accords, develops into a smooth heart of jasmine and elegant spices, then settles into a rich base of patchouli and warm woods. Perfect for daily wear or special occasions with long-lasting appeal."
372,JEAN PAUL GAULTIER,LA BELLE FLOWER EDITION,"Lemon, Pink Pepper","Jasmine, Cardamom","Patchouli, Vetiver, Amber","Discover La Belle Flower Edition by Jean Paul Gaultier, a refined fragrance crafted to make a lasting impression. It opens with lemon and fresh accords, develops into a smooth heart of jasmine and elegant spices, then settles into a rich base of patchouli and warm woods. Perfect for daily wear or special occasions with long-lasting appeal."
373,JIMMY CHOO,POUR HOMME,"Lemon, Pink Pepper","Jasmine, Cardamom","Patchouli, Vetiver, Amber","Discover Pour Homme by Jimmy Choo, a refined fragrance crafted to make a lasting impression. It opens with lemon and fresh accords, develops into a smooth heart of jasmine and elegant spices, then settles into a rich base of patchouli and warm woods. Perfect for daily wear or special occasions with long-lasting appeal."
374,JO MALONE,POMEGRANATE NOIR COLOGNE,"Apple, Bergamot","Lavender, Geranium","Cedarwood, Musk, Amber","Discover Pomegranate Noir Cologne by Jo Malone, a refined fragrance crafted to make a lasting impression. It opens with apple and fresh accords, develops into a smooth heart of lavender and elegant spices, then settles into a rich base of cedarwood and warm woods. Perfect for daily wear or special occasions with long-lasting appeal."
375,JO MALONE,RED HIBISCUS,"Grapefruit, Mint","Lavender, Sage","Tonka Bean, Cedar, Musk","Discover Red Hibiscus by Jo Malone, a refined fragrance crafted to make a lasting impression. It opens with grapefruit and fresh accords, develops into a smooth heart of lavender and elegant spices, then settles into a rich base of tonka bean and warm woods. Perfect for daily wear or special occasions with long-lasting appeal."
376,JO MALONE,POPPY & BARLEY,"Grapefruit, Mint","Lavender, Sage","Tonka Bean, Cedar, Musk","Discover Poppy & Barley by Jo Malone, a refined fragrance crafted to make a lasting impression. It opens with grapefruit and fresh accords, develops into a smooth heart of lavender and elegant spices, then settles into a rich base of tonka bean and warm woods. Perfect for daily wear or special occasions with long-lasting appeal."
377,JO MALONE,ENGLISH PEAR & SWEET PEA,"Mandarin, Pear","Rose, Orange Blossom","Vanilla, Musk, Sandalwood","Discover English Pear & Sweet Pea by Jo Malone, a refined fragrance crafted to make a lasting impression. It opens with mandarin and fresh accords, develops into a smooth heart of rose and elegant spices, then settles into a rich base of vanilla and warm woods. Perfect for daily wear or special occasions with long-lasting appeal."
378,JO MALONE,MYRHH&TONKA,"Apple, Bergamot","Lavender, Geranium","Cedarwood, Musk, Amber","Discover Myrhh&Tonka by Jo Malone, a refined fragrance crafted to make a lasting impression. It opens with apple and fresh accords, develops into a smooth heart of lavender and elegant spices, then settles into a rich base of cedarwood and warm woods. Perfect for daily wear or special occasions with long-lasting appeal."
379,JO MALONE,OUDH BERGAMOT,"Saffron, Bergamot","Rose, Jasmine","Oud, Amber, Musk","Discover Oudh Bergamot by Jo Malone, a refined fragrance crafted to make a lasting impression. It opens with saffron and fresh accords, develops into a smooth heart of rose and elegant spices, then settles into a rich base of oud and warm woods. Perfect for daily wear or special occasions with long-lasting appeal."
380,JO MALONE,LIME BASIL MANDARIN,"Grapefruit, Mint","Lavender, Sage","Tonka Bean, Cedar, Musk","Discover Lime Basil Mandarin by Jo Malone, a refined fragrance crafted to make a lasting impression. It opens with grapefruit and fresh accords, develops into a smooth heart of lavender and elegant spices, then settles into a rich base of tonka bean and warm woods. Perfect for daily wear or special occasions with long-lasting appeal."
381,JO MALONE,VELVET ROSE OUDH,"Saffron, Bergamot","Rose, Jasmine","Oud, Amber, Musk","Discover Velvet Rose Oudh by Jo Malone, a refined fragrance crafted to make a lasting impression. It opens with saffron and fresh accords, develops into a smooth heart of rose and elegant spices, then settles into a rich base of oud and warm woods. Perfect for daily wear or special occasions with long-lasting appeal."
382,JO MALONE,BITTER MANDARIN,"Mandarin, Pear","Rose, Orange Blossom","Vanilla, Musk, Sandalwood","Discover Bitter Mandarin by Jo Malone, a refined fragrance crafted to make a lasting impression. It opens with mandarin and fresh accords, develops into a smooth heart of rose and elegant spices, then settles into a rich base of vanilla and warm woods. Perfect for daily wear or special occasions with long-lasting appeal."
383,JO MALONE,FIG & LOTUS FLOWER,"Lemon, Pink Pepper","Jasmine, Cardamom","Patchouli, Vetiver, Amber","Discover Fig & Lotus Flower by Jo Malone, a refined fragrance crafted to make a lasting impression. It opens with lemon and fresh accords, develops into a smooth heart of jasmine and elegant spices, then settles into a rich base of patchouli and warm woods. Perfect for daily wear or special occasions with long-lasting appeal."
384,JUICY COUTURE,VIVA LA JUICY,"Mandarin, Pear","Rose, Orange Blossom","Vanilla, Musk, Sandalwood","Discover Viva La Juicy by Juicy Couture, a refined fragrance crafted to make a lasting impression. It opens with mandarin and fresh accords, develops into a smooth heart of rose and elegant spices, then settles into a rich base of vanilla and warm woods. Perfect for daily wear or special occasions with long-lasting appeal."
385,KAYALI,YUM BOUJEE MARSHMALLOW 81.,"Apple, Bergamot","Lavender, Geranium","Cedarwood, Musk, Amber","Discover Yum Boujee Marshmallow 81. by Kayali, a refined fragrance crafted to make a lasting impression. It opens with apple and fresh accords, develops into a smooth heart of lavender and elegant spices, then settles into a rich base of cedarwood and warm woods. Perfect for daily wear or special occasions with long-lasting appeal."
386,KAYALI,FLEUR MAJESTY ROSE ROYALE | 31,"Lychee, Bergamot","Rose, Peony","Musk, Patchouli, Vanilla","Discover Fleur Majesty Rose Royale | 31 by Kayali, a refined fragrance crafted to make a lasting impression. It opens with lychee and fresh accords, develops into a smooth heart of rose and elegant spices, then settles into a rich base of musk and warm woods. Perfect for daily wear or special occasions with long-lasting appeal."
387,KAYALI,CITRUS 08,"Apple, Bergamot","Lavender, Geranium","Cedarwood, Musk, Amber","Discover Citrus 08 by Kayali, a refined fragrance crafted to make a lasting impression. It opens with apple and fresh accords, develops into a smooth heart of lavender and elegant spices, then settles into a rich base of cedarwood and warm woods. Perfect for daily wear or special occasions with long-lasting appeal."
388,KAYALI,YUM PISTACHIO GELATO 33,"Mandarin, Pear","Rose, Orange Blossom","Vanilla, Musk, Sandalwood","Discover Yum Pistachio Gelato 33 by Kayali, a refined fragrance crafted to make a lasting impression. It opens with mandarin and fresh accords, develops into a smooth heart of rose and elegant spices, then settles into a rich base of vanilla and warm woods. Perfect for daily wear or special occasions with long-lasting appeal."
389,KAYALI,THE WEDDING VELVET SANTAL 35,"Apple, Bergamot","Lavender, Geranium","Cedarwood, Musk, Amber","Discover The Wedding Velvet Santal 35 by Kayali, a refined fragrance crafted to make a lasting impression. It opens with apple and fresh accords, develops into a smooth heart of lavender and elegant spices, then settles into a rich base of cedarwood and warm woods. Perfect for daily wear or special occasions with long-lasting appeal."
390,KAYALI,EDEN JUICY APPLE 01,"Apple, Bergamot","Lavender, Geranium","Cedarwood, Musk, Amber","Discover Eden Juicy Apple 01 by Kayali, a refined fragrance crafted to make a lasting impression. It opens with apple and fresh accords, develops into a smooth heart of lavender and elegant spices, then settles into a rich base of cedarwood and warm woods. Perfect for daily wear or special occasions with long-lasting appeal."
391,KAYALI,VANILLA ROYAL SUGARED PATCHOUL,"Citrus, Pear","Jasmine, Tonka Bean","Vanilla, Amber, Sandalwood","Discover Vanilla Royal Sugared Patchoul by Kayali, a refined fragrance crafted to make a lasting impression. It opens with citrus and fresh accords, develops into a smooth heart of jasmine and elegant spices, then settles into a rich base of vanilla and warm woods. Perfect for daily wear or special occasions with long-lasting appeal."
392,KAYALI,DEJU VU WHITE FLOWERS 57,"Apple, Bergamot","Lavender, Geranium","Cedarwood, Musk, Amber","Discover Deju Vu White Flowers 57 by Kayali, a refined fragrance crafted to make a lasting impression. It opens with apple and fresh accords, develops into a smooth heart of lavender and elegant spices, then settles into a rich base of cedarwood and warm woods. Perfect for daily wear or special occasions with long-lasting appeal."
393,KAYALI,UTOPIA VANILLA COCO,"Citrus, Pear","Jasmine, Tonka Bean","Vanilla, Amber, Sandalwood","Discover Utopia Vanilla Coco by Kayali, a refined fragrance crafted to make a lasting impression. It opens with citrus and fresh accords, develops into a smooth heart of jasmine and elegant spices, then settles into a rich base of vanilla and warm woods. Perfect for daily wear or special occasions with long-lasting appeal."
394,KAYALI,VANILLA 28,"Citrus, Pear","Jasmine, Tonka Bean","Vanilla, Amber, Sandalwood","Discover Vanilla 28 by Kayali, a refined fragrance crafted to make a lasting impression. It opens with citrus and fresh accords, develops into a smooth heart of jasmine and elegant spices, then settles into a rich base of vanilla and warm woods. Perfect for daily wear or special occasions with long-lasting appeal."
395,KENNETH COLE,BLACK,"Mandarin, Pear","Rose, Orange Blossom","Vanilla, Musk, Sandalwood","Discover Black by Kenneth Cole, a refined fragrance crafted to make a lasting impression. It opens with mandarin and fresh accords, develops into a smooth heart of rose and elegant spices, then settles into a rich base of vanilla and warm woods. Perfect for daily wear or special occasions with long-lasting appeal."
396,KENZO,L'EAU PUR,"Grapefruit, Mint","Lavender, Sage","Tonka Bean, Cedar, Musk","Discover L'Eau Pur by Kenzo, a refined fragrance crafted to make a lasting impression. It opens with grapefruit and fresh accords, develops into a smooth heart of lavender and elegant spices, then settles into a rich base of tonka bean and warm woods. Perfect for daily wear or special occasions with long-lasting appeal."
397,KILIAN,SMOKING HOT,"Lemon, Pink Pepper","Jasmine, Cardamom","Patchouli, Vetiver, Amber","Discover Smoking Hot by Kilian, a refined fragrance crafted to make a lasting impression. It opens with lemon and fresh accords, develops into a smooth heart of jasmine and elegant spices, then settles into a rich base of patchouli and warm woods. Perfect for daily wear or special occasions with long-lasting appeal."
398,KILIAN,DO IT FOR LOVE,"Mandarin, Pear","Rose, Orange Blossom","Vanilla, Musk, Sandalwood","Discover Do It For Love by Kilian, a refined fragrance crafted to make a lasting impression. It opens with mandarin and fresh accords, develops into a smooth heart of rose and elegant spices, then settles into a rich base of vanilla and warm woods. Perfect for daily wear or special occasions with long-lasting appeal."
399,KILIAN,BAMBOO HARMONY,"Mandarin, Pear","Rose, Orange Blossom","Vanilla, Musk, Sandalwood","Discover Bamboo Harmony by Kilian, a refined fragrance crafted to make a lasting impression. It opens with mandarin and fresh accords, develops into a smooth heart of rose and elegant spices, then settles into a rich base of vanilla and warm woods. Perfect for daily wear or special occasions with long-lasting appeal."
400,KILIAN,CRUEL INTENTIONS,"Mandarin, Pear","Rose, Orange Blossom","Vanilla, Musk, Sandalwood","Discover Cruel Intentions by Kilian, a refined fragrance crafted to make a lasting impression. It opens with mandarin and fresh accords, develops into a smooth heart of rose and elegant spices, then settles into a rich base of vanilla and warm woods. Perfect for daily wear or special occasions with long-lasting appeal."
401,KILIAN,GOLD KNIGHT,"Apple, Bergamot","Cinnamon, Lavender","Vanilla, Tonka Bean, Amber","Discover Gold Knight by Kilian, a refined fragrance crafted to make a lasting impression. It opens with apple and fresh accords, develops into a smooth heart of cinnamon and elegant spices, then settles into a rich base of vanilla and warm woods. Perfect for daily wear or special occasions with long-lasting appeal."
402,KILIAN,LIAISONS DANGEREUSES,"Apple, Bergamot","Lavender, Geranium","Cedarwood, Musk, Amber","Discover Liaisons Dangereuses by Kilian, a refined fragrance crafted to make a lasting impression. It opens with apple and fresh accords, develops into a smooth heart of lavender and elegant spices, then settles into a rich base of cedarwood and warm woods. Perfect for daily wear or special occasions with long-lasting appeal."
403,KILIAN,LOVE THE WAY YOU FEEL,"Apple, Bergamot","Lavender, Geranium","Cedarwood, Musk, Amber","Discover Love The Way You Feel by Kilian, a refined fragrance crafted to make a lasting impression. It opens with apple and fresh accords, develops into a smooth heart of lavender and elegant spices, then settles into a rich base of cedarwood and warm woods. Perfect for daily wear or special occasions with long-lasting appeal."
404,KILIAN,AMBER OUD ARABIAN NIGHTS,"Saffron, Bergamot","Rose, Jasmine","Oud, Amber, Musk","Discover Amber Oud Arabian Nights by Kilian, a refined fragrance crafted to make a lasting impression. It opens with saffron and fresh accords, develops into a smooth heart of rose and elegant spices, then settles into a rich base of oud and warm woods. Perfect for daily wear or special occasions with long-lasting appeal."
405,KILIAN,LOVE & TEARS,"Grapefruit, Mint","Lavender, Sage","Tonka Bean, Cedar, Musk","Discover Love & Tears by Kilian, a refined fragrance crafted to make a lasting impression. It opens with grapefruit and fresh accords, develops into a smooth heart of lavender and elegant spices, then settles into a rich base of tonka bean and warm woods. Perfect for daily wear or special occasions with long-lasting appeal."
406,KILIAN,LOVE THE WAY YOU TASTE,"Grapefruit, Mint","Lavender, Sage","Tonka Bean, Cedar, Musk","Discover Love The Way You Taste by Kilian, a refined fragrance crafted to make a lasting impression. It opens with grapefruit and fresh accords, develops into a smooth heart of lavender and elegant spices, then settles into a rich base of tonka bean and warm woods. Perfect for daily wear or special occasions with long-lasting appeal."
407,KILIAN,ROSES ON ICE,"Lychee, Bergamot","Rose, Peony","Musk, Patchouli, Vanilla","Discover Roses On Ice by Kilian, a refined fragrance crafted to make a lasting impression. It opens with lychee and fresh accords, develops into a smooth heart of rose and elegant spices, then settles into a rich base of musk and warm woods. Perfect for daily wear or special occasions with long-lasting appeal."
408,KILIAN,WOMAN IN GOLD,"Mandarin, Saffron","Rose, Cinnamon","Amber, Vanilla, Oud","Discover Woman In Gold by Kilian, a refined fragrance crafted to make a lasting impression. It opens with mandarin and fresh accords, develops into a smooth heart of rose and elegant spices, then settles into a rich base of amber and warm woods. Perfect for daily wear or special occasions with long-lasting appeal."
409,KILIAN,ANGLES SHARE,"Lemon, Pink Pepper","Jasmine, Cardamom","Patchouli, Vetiver, Amber","Discover Angles Share by Kilian, a refined fragrance crafted to make a lasting impression. It opens with lemon and fresh accords, develops into a smooth heart of jasmine and elegant spices, then settles into a rich base of patchouli and warm woods. Perfect for daily wear or special occasions with long-lasting appeal."
410,KILIAN,APPLE BRANDY,"Apple, Bergamot","Lavender, Geranium","Cedarwood, Musk, Amber","Discover Apple Brandy by Kilian, a refined fragrance crafted to make a lasting impression. It opens with apple and fresh accords, develops into a smooth heart of lavender and elegant spices, then settles into a rich base of cedarwood and warm woods. Perfect for daily wear or special occasions with long-lasting appeal."
411,KILIAN,GOOD GIRL GONE BAD,"Lemon, Pink Pepper","Jasmine, Cardamom","Patchouli, Vetiver, Amber","Discover Good Girl Gone Bad by Kilian, a refined fragrance crafted to make a lasting impression. It opens with lemon and fresh accords, develops into a smooth heart of jasmine and elegant spices, then settles into a rich base of patchouli and warm woods. Perfect for daily wear or special occasions with long-lasting appeal."
412,KILIAN,SACRED WOOD,"Apple, Bergamot","Lavender, Geranium","Cedarwood, Musk, Amber","Discover Sacred Wood by Kilian, a refined fragrance crafted to make a lasting impression. It opens with apple and fresh accords, develops into a smooth heart of lavender and elegant spices, then settles into a rich base of cedarwood and warm woods. Perfect for daily wear or special occasions with long-lasting appeal."
413,KILIAN,BACK TO BLACK,"Grapefruit, Mint","Lavender, Sage","Tonka Bean, Cedar, Musk","Discover Back To Black by Kilian, a refined fragrance crafted to make a lasting impression. It opens with grapefruit and fresh accords, develops into a smooth heart of lavender and elegant spices, then settles into a rich base of tonka bean and warm woods. Perfect for daily wear or special occasions with long-lasting appeal."
414,KILIAN,SMOKE FOR SOUL,"Apple, Bergamot","Lavender, Geranium","Cedarwood, Musk, Amber","Discover Smoke For Soul by Kilian, a refined fragrance crafted to make a lasting impression. It opens with apple and fresh accords, develops into a smooth heart of lavender and elegant spices, then settles into a rich base of cedarwood and warm woods. Perfect for daily wear or special occasions with long-lasting appeal."
415,KILIAN,BLACK PHANTOM,"Lemon, Pink Pepper","Jasmine, Cardamom","Patchouli, Vetiver, Amber","Discover Black Phantom by Kilian, a refined fragrance crafted to make a lasting impression. It opens with lemon and fresh accords, develops into a smooth heart of jasmine and elegant spices, then settles into a rich base of patchouli and warm woods. Perfect for daily wear or special occasions with long-lasting appeal."
416,KILIAN,INTOXICATED,"Grapefruit, Mint","Lavender, Sage","Tonka Bean, Cedar, Musk","Discover Intoxicated by Kilian, a refined fragrance crafted to make a lasting impression. It opens with grapefruit and fresh accords, develops into a smooth heart of lavender and elegant spices, then settles into a rich base of tonka bean and warm woods. Perfect for daily wear or special occasions with long-lasting appeal."
417,KILIAN,PLAYING WITH THE DEVIL,"Mandarin, Pear","Rose, Orange Blossom","Vanilla, Musk, Sandalwood","Discover Playing With The Devil by Kilian, a refined fragrance crafted to make a lasting impression. It opens with mandarin and fresh accords, develops into a smooth heart of rose and elegant spices, then settles into a rich base of vanilla and warm woods. Perfect for daily wear or special occasions with long-lasting appeal."
418,KILIAN,ROSE OUD,"Saffron, Bergamot","Rose, Jasmine","Oud, Amber, Musk","Discover Rose Oud by Kilian, a refined fragrance crafted to make a lasting impression. It opens with saffron and fresh accords, develops into a smooth heart of rose and elegant spices, then settles into a rich base of oud and warm woods. Perfect for daily wear or special occasions with long-lasting appeal."
419,KILIAN,STRAIGHT TO HEAVEN,"Mandarin, Pear","Rose, Orange Blossom","Vanilla, Musk, Sandalwood","Discover Straight To Heaven by Kilian, a refined fragrance crafted to make a lasting impression. It opens with mandarin and fresh accords, develops into a smooth heart of rose and elegant spices, then settles into a rich base of vanilla and warm woods. Perfect for daily wear or special occasions with long-lasting appeal."
420,KILIAN,VODKA ON THE ROCKS,"Mandarin, Pear","Rose, Orange Blossom","Vanilla, Musk, Sandalwood","Discover Vodka On The Rocks by Kilian, a refined fragrance crafted to make a lasting impression. It opens with mandarin and fresh accords, develops into a smooth heart of rose and elegant spices, then settles into a rich base of vanilla and warm woods. Perfect for daily wear or special occasions with long-lasting appeal."
421,LACOSTE,WHITE,"Grapefruit, Mint","Lavender, Sage","Tonka Bean, Cedar, Musk","Discover White by Lacoste, a refined fragrance crafted to make a lasting impression. It opens with grapefruit and fresh accords, develops into a smooth heart of lavender and elegant spices, then settles into a rich base of tonka bean and warm woods. Perfect for daily wear or special occasions with long-lasting appeal."
422,LACOSTE,GREEN,"Mandarin, Pear","Rose, Orange Blossom","Vanilla, Musk, Sandalwood","Discover Green by Lacoste, a refined fragrance crafted to make a lasting impression. It opens with mandarin and fresh accords, develops into a smooth heart of rose and elegant spices, then settles into a rich base of vanilla and warm woods. Perfect for daily wear or special occasions with long-lasting appeal."
423,LANCOME,ABSOLUE LES PARFUM,"Apple, Bergamot","Lavender, Geranium","Cedarwood, Musk, Amber","Discover Absolue Les Parfum by Lancome, a refined fragrance crafted to make a lasting impression. It opens with apple and fresh accords, develops into a smooth heart of lavender and elegant spices, then settles into a rich base of cedarwood and warm woods. Perfect for daily wear or special occasions with long-lasting appeal."
424,LANCOME,L'AUTRE OUD EDP,"Saffron, Bergamot","Rose, Jasmine","Oud, Amber, Musk","Discover L'Autre Oud Edp by Lancome, a refined fragrance crafted to make a lasting impression. It opens with saffron and fresh accords, develops into a smooth heart of rose and elegant spices, then settles into a rich base of oud and warm woods. Perfect for daily wear or special occasions with long-lasting appeal."
425,LANCOME,LA VIE EST BELLE EN ROSE,"Lychee, Bergamot","Rose, Peony","Musk, Patchouli, Vanilla","Discover La Vie Est Belle En Rose by Lancome, a refined fragrance crafted to make a lasting impression. It opens with lychee and fresh accords, develops into a smooth heart of rose and elegant spices, then settles into a rich base of musk and warm woods. Perfect for daily wear or special occasions with long-lasting appeal."
426,LANCOME,POEME,"Apple, Bergamot","Lavender, Geranium","Cedarwood, Musk, Amber","Discover Poeme by Lancome, a refined fragrance crafted to make a lasting impression. It opens with apple and fresh accords, develops into a smooth heart of lavender and elegant spices, then settles into a rich base of cedarwood and warm woods. Perfect for daily wear or special occasions with long-lasting appeal."
427,LANCOME,LA VIE EST BELLE,"Mandarin, Pear","Rose, Orange Blossom","Vanilla, Musk, Sandalwood","Discover La Vie Est Belle by Lancome, a refined fragrance crafted to make a lasting impression. It opens with mandarin and fresh accords, develops into a smooth heart of rose and elegant spices, then settles into a rich base of vanilla and warm woods. Perfect for daily wear or special occasions with long-lasting appeal."
428,LANCOME,TRESOR MIDNIGHT ROSE,"Lychee, Bergamot","Rose, Peony","Musk, Patchouli, Vanilla","Discover Tresor Midnight Rose by Lancome, a refined fragrance crafted to make a lasting impression. It opens with lychee and fresh accords, develops into a smooth heart of rose and elegant spices, then settles into a rich base of musk and warm woods. Perfect for daily wear or special occasions with long-lasting appeal."
429,LANCOME,OUD BOUQUET,"Saffron, Bergamot","Rose, Jasmine","Oud, Amber, Musk","Discover Oud Bouquet by Lancome, a refined fragrance crafted to make a lasting impression. It opens with saffron and fresh accords, develops into a smooth heart of rose and elegant spices, then settles into a rich base of oud and warm woods. Perfect for daily wear or special occasions with long-lasting appeal."
430,LANCOME,TRÉSOR,"Mandarin, Pear","Rose, Orange Blossom","Vanilla, Musk, Sandalwood","Discover Trésor by Lancome, a refined fragrance crafted to make a lasting impression. It opens with mandarin and fresh accords, develops into a smooth heart of rose and elegant spices, then settles into a rich base of vanilla and warm woods. Perfect for daily wear or special occasions with long-lasting appeal."
431,LANCOME,LA VIE EST BELLE VANILLE NUDE,"Mandarin, Pear","Rose, Orange Blossom","Vanilla, Musk, Sandalwood","Discover La Vie Est Belle Vanille Nude by Lancome, a refined fragrance crafted to make a lasting impression. It opens with mandarin and fresh accords, develops into a smooth heart of rose and elegant spices, then settles into a rich base of vanilla and warm woods. Perfect for daily wear or special occasions with long-lasting appeal."
432,LATTAFA,ASAD BOURBON,"Mandarin, Pear","Rose, Orange Blossom","Vanilla, Musk, Sandalwood","Discover Asad Bourbon by Lattafa, a refined fragrance crafted to make a lasting impression. It opens with mandarin and fresh accords, develops into a smooth heart of rose and elegant spices, then settles into a rich base of vanilla and warm woods. Perfect for daily wear or special occasions with long-lasting appeal."
433,LATTAFA,TERIAQ,"Lemon, Pink Pepper","Jasmine, Cardamom","Patchouli, Vetiver, Amber","Discover Teriaq by Lattafa, a refined fragrance crafted to make a lasting impression. It opens with lemon and fresh accords, develops into a smooth heart of jasmine and elegant spices, then settles into a rich base of patchouli and warm woods. Perfect for daily wear or special occasions with long-lasting appeal."
434,LATTAFA,BADEE AL OUD HONOR & GLORY,"Saffron, Bergamot","Rose, Jasmine","Oud, Amber, Musk","Discover Badee Al Oud Honor & Glory by Lattafa, a refined fragrance crafted to make a lasting impression. It opens with saffron and fresh accords, develops into a smooth heart of rose and elegant spices, then settles into a rich base of oud and warm woods. Perfect for daily wear or special occasions with long-lasting appeal."
435,LATTAFA,KHAMRAH DUKHAN,"Grapefruit, Mint","Lavender, Sage","Tonka Bean, Cedar, Musk","Discover Khamrah Dukhan by Lattafa, a refined fragrance crafted to make a lasting impression. It opens with grapefruit and fresh accords, develops into a smooth heart of lavender and elegant spices, then settles into a rich base of tonka bean and warm woods. Perfect for daily wear or special occasions with long-lasting appeal."
436,LATTAFA,YARA,"Lemon, Pink Pepper","Jasmine, Cardamom","Patchouli, Vetiver, Amber","Discover Yara by Lattafa, a refined fragrance crafted to make a lasting impression. It opens with lemon and fresh accords, develops into a smooth heart of jasmine and elegant spices, then settles into a rich base of patchouli and warm woods. Perfect for daily wear or special occasions with long-lasting appeal."
437,LATTAFA,ASAD,"Mandarin, Pear","Rose, Orange Blossom","Vanilla, Musk, Sandalwood","Discover Asad by Lattafa, a refined fragrance crafted to make a lasting impression. It opens with mandarin and fresh accords, develops into a smooth heart of rose and elegant spices, then settles into a rich base of vanilla and warm woods. Perfect for daily wear or special occasions with long-lasting appeal."
438,LATTAFA,HAYAATI,"Lemon, Pink Pepper","Jasmine, Cardamom","Patchouli, Vetiver, Amber","Discover Hayaati by Lattafa, a refined fragrance crafted to make a lasting impression. It opens with lemon and fresh accords, develops into a smooth heart of jasmine and elegant spices, then settles into a rich base of patchouli and warm woods. Perfect for daily wear or special occasions with long-lasting appeal."
439,LATTAFA,KHAMRAH,"Apple, Bergamot","Lavender, Geranium","Cedarwood, Musk, Amber","Discover Khamrah by Lattafa, a refined fragrance crafted to make a lasting impression. It opens with apple and fresh accords, develops into a smooth heart of lavender and elegant spices, then settles into a rich base of cedarwood and warm woods. Perfect for daily wear or special occasions with long-lasting appeal."
440,LATTAFA,VELVET ROSE,"Lychee, Bergamot","Rose, Peony","Musk, Patchouli, Vanilla","Discover Velvet Rose by Lattafa, a refined fragrance crafted to make a lasting impression. It opens with lychee and fresh accords, develops into a smooth heart of rose and elegant spices, then settles into a rich base of musk and warm woods. Perfect for daily wear or special occasions with long-lasting appeal."
441,LATTAFA,KHAMRAH QAHWA,"Lemon, Pink Pepper","Jasmine, Cardamom","Patchouli, Vetiver, Amber","Discover Khamrah Qahwa by Lattafa, a refined fragrance crafted to make a lasting impression. It opens with lemon and fresh accords, develops into a smooth heart of jasmine and elegant spices, then settles into a rich base of patchouli and warm woods. Perfect for daily wear or special occasions with long-lasting appeal."
442,LATTAFA,SHAMS AL EMARAT,"Lemon, Pink Pepper","Jasmine, Cardamom","Patchouli, Vetiver, Amber","Discover Shams Al Emarat by Lattafa, a refined fragrance crafted to make a lasting impression. It opens with lemon and fresh accords, develops into a smooth heart of jasmine and elegant spices, then settles into a rich base of patchouli and warm woods. Perfect for daily wear or special occasions with long-lasting appeal."
443,LATTAFA,BADEE AL OUDH NOBLE BLUSH,"Saffron, Bergamot","Rose, Jasmine","Oud, Amber, Musk","Discover Badee Al Oudh Noble Blush by Lattafa, a refined fragrance crafted to make a lasting impression. It opens with saffron and fresh accords, develops into a smooth heart of rose and elegant spices, then settles into a rich base of oud and warm woods. Perfect for daily wear or special occasions with long-lasting appeal."
444,LAVERNE,SENSE FOREVER,"Apple, Bergamot","Lavender, Geranium","Cedarwood, Musk, Amber","Discover Sense Forever by Laverne, a refined fragrance crafted to make a lasting impression. It opens with apple and fresh accords, develops into a smooth heart of lavender and elegant spices, then settles into a rich base of cedarwood and warm woods. Perfect for daily wear or special occasions with long-lasting appeal."
445,LE LABO,TABAC 28 MIAMI -,"Mandarin, Pear","Rose, Orange Blossom","Vanilla, Musk, Sandalwood","Discover Tabac 28 Miami - by Le Labo, a refined fragrance crafted to make a lasting impression. It opens with mandarin and fresh accords, develops into a smooth heart of rose and elegant spices, then settles into a rich base of vanilla and warm woods. Perfect for daily wear or special occasions with long-lasting appeal."
446,LE LABO,SANTAL 33,"Grapefruit, Mint","Lavender, Sage","Tonka Bean, Cedar, Musk","Discover Santal 33 by Le Labo, a refined fragrance crafted to make a lasting impression. It opens with grapefruit and fresh accords, develops into a smooth heart of lavender and elegant spices, then settles into a rich base of tonka bean and warm woods. Perfect for daily wear or special occasions with long-lasting appeal."
447,LE LABO,THE MATCHA 26,"Apple, Bergamot","Lavender, Geranium","Cedarwood, Musk, Amber","Discover The Matcha 26 by Le Labo, a refined fragrance crafted to make a lasting impression. It opens with apple and fresh accords, develops into a smooth heart of lavender and elegant spices, then settles into a rich base of cedarwood and warm woods. Perfect for daily wear or special occasions with long-lasting appeal."
448,LE LABO,ROSE 31,"Lychee, Bergamot","Rose, Peony","Musk, Patchouli, Vanilla","Discover Rose 31 by Le Labo, a refined fragrance crafted to make a lasting impression. It opens with lychee and fresh accords, develops into a smooth heart of rose and elegant spices, then settles into a rich base of musk and warm woods. Perfect for daily wear or special occasions with long-lasting appeal."
449,LOOTHA,SILKY OUD,"Saffron, Bergamot","Rose, Jasmine","Oud, Amber, Musk","Discover Silky Oud by Lootha, a refined fragrance crafted to make a lasting impression. It opens with saffron and fresh accords, develops into a smooth heart of rose and elegant spices, then settles into a rich base of oud and warm woods. Perfect for daily wear or special occasions with long-lasting appeal."
450,LOUIS VUITTON,ORAGE,"Lemon, Pink Pepper","Jasmine, Cardamom","Patchouli, Vetiver, Amber","Discover Orage by Louis Vuitton, a refined fragrance crafted to make a lasting impression. It opens with lemon and fresh accords, develops into a smooth heart of jasmine and elegant spices, then settles into a rich base of patchouli and warm woods. Perfect for daily wear or special occasions with long-lasting appeal."
451,LOUIS VUITTON,SUR LA ROUTE,"Grapefruit, Mint","Lavender, Sage","Tonka Bean, Cedar, Musk","Discover Sur La Route by Louis Vuitton, a refined fragrance crafted to make a lasting impression. It opens with grapefruit and fresh accords, develops into a smooth heart of lavender and elegant spices, then settles into a rich base of tonka bean and warm woods. Perfect for daily wear or special occasions with long-lasting appeal."
452,LOUIS VUITTON,NUIT DE FEU,"Apple, Bergamot","Lavender, Geranium","Cedarwood, Musk, Amber","Discover Nuit De Feu by Louis Vuitton, a refined fragrance crafted to make a lasting impression. It opens with apple and fresh accords, develops into a smooth heart of lavender and elegant spices, then settles into a rich base of cedarwood and warm woods. Perfect for daily wear or special occasions with long-lasting appeal."
453,LOUIS VUITTON,LE JOUR SE LÈVE,"Grapefruit, Mint","Lavender, Sage","Tonka Bean, Cedar, Musk","Discover Le Jour Se Lève by Louis Vuitton, a refined fragrance crafted to make a lasting impression. It opens with grapefruit and fresh accords, develops into a smooth heart of lavender and elegant spices, then settles into a rich base of tonka bean and warm woods. Perfect for daily wear or special occasions with long-lasting appeal."
454,LOUIS VUITTON,LE JOUR SE LÈVE PREMIUM,"Grapefruit, Mint","Lavender, Sage","Tonka Bean, Cedar, Musk","Discover Le Jour Se Lève Premium by Louis Vuitton, a refined fragrance crafted to make a lasting impression. It opens with grapefruit and fresh accords, develops into a smooth heart of lavender and elegant spices, then settles into a rich base of tonka bean and warm woods. Perfect for daily wear or special occasions with long-lasting appeal."
455,LOUIS VUITTON,ELVES,"Lemon, Pink Pepper","Jasmine, Cardamom","Patchouli, Vetiver, Amber","Discover Elves by Louis Vuitton, a refined fragrance crafted to make a lasting impression. It opens with lemon and fresh accords, develops into a smooth heart of jasmine and elegant spices, then settles into a rich base of patchouli and warm woods. Perfect for daily wear or special occasions with long-lasting appeal."
456,LOUIS VUITTON,COUER BATTANT,"Grapefruit, Mint","Lavender, Sage","Tonka Bean, Cedar, Musk","Discover Couer Battant by Louis Vuitton, a refined fragrance crafted to make a lasting impression. It opens with grapefruit and fresh accords, develops into a smooth heart of lavender and elegant spices, then settles into a rich base of tonka bean and warm woods. Perfect for daily wear or special occasions with long-lasting appeal."
457,LOUIS VUITTON,DANS LA PEAU,"Apple, Bergamot","Lavender, Geranium","Cedarwood, Musk, Amber","Discover Dans La Peau by Louis Vuitton, a refined fragrance crafted to make a lasting impression. It opens with apple and fresh accords, develops into a smooth heart of lavender and elegant spices, then settles into a rich base of cedarwood and warm woods. Perfect for daily wear or special occasions with long-lasting appeal."
458,LOUIS VUITTON,TURBULENCE,"Apple, Bergamot","Lavender, Geranium","Cedarwood, Musk, Amber","Discover Turbulence by Louis Vuitton, a refined fragrance crafted to make a lasting impression. It opens with apple and fresh accords, develops into a smooth heart of lavender and elegant spices, then settles into a rich base of cedarwood and warm woods. Perfect for daily wear or special occasions with long-lasting appeal."
459,LOUIS VUITTON,LES SABLES ROSE,"Lychee, Bergamot","Rose, Peony","Musk, Patchouli, Vanilla","Discover Les Sables Rose by Louis Vuitton, a refined fragrance crafted to make a lasting impression. It opens with lychee and fresh accords, develops into a smooth heart of rose and elegant spices, then settles into a rich base of musk and warm woods. Perfect for daily wear or special occasions with long-lasting appeal."
460,LOUIS VUITTON,LIMMENSITE -,"Lemon, Pink Pepper","Jasmine, Cardamom","Patchouli, Vetiver, Amber","Discover Limmensite - by Louis Vuitton, a refined fragrance crafted to make a lasting impression. It opens with lemon and fresh accords, develops into a smooth heart of jasmine and elegant spices, then settles into a rich base of patchouli and warm woods. Perfect for daily wear or special occasions with long-lasting appeal."
461,LOUIS VUITTON,AU HASARD -,"Mandarin, Pear","Rose, Orange Blossom","Vanilla, Musk, Sandalwood","Discover Au Hasard - by Louis Vuitton, a refined fragrance crafted to make a lasting impression. It opens with mandarin and fresh accords, develops into a smooth heart of rose and elegant spices, then settles into a rich base of vanilla and warm woods. Perfect for daily wear or special occasions with long-lasting appeal."
462,LOUIS VUITTON,AFTERNOON SWIM,"Lemon, Pink Pepper","Jasmine, Cardamom","Patchouli, Vetiver, Amber","Discover Afternoon Swim by Louis Vuitton, a refined fragrance crafted to make a lasting impression. It opens with lemon and fresh accords, develops into a smooth heart of jasmine and elegant spices, then settles into a rich base of patchouli and warm woods. Perfect for daily wear or special occasions with long-lasting appeal."
463,LOUIS VUITTON,OMBRE NOMADE,"Lemon, Pink Pepper","Jasmine, Cardamom","Patchouli, Vetiver, Amber","Discover Ombre Nomade by Louis Vuitton, a refined fragrance crafted to make a lasting impression. It opens with lemon and fresh accords, develops into a smooth heart of jasmine and elegant spices, then settles into a rich base of patchouli and warm woods. Perfect for daily wear or special occasions with long-lasting appeal."
464,LOUIS VUITTON,CACTUS GARDEN,"Grapefruit, Mint","Lavender, Sage","Tonka Bean, Cedar, Musk","Discover Cactus Garden by Louis Vuitton, a refined fragrance crafted to make a lasting impression. It opens with grapefruit and fresh accords, develops into a smooth heart of lavender and elegant spices, then settles into a rich base of tonka bean and warm woods. Perfect for daily wear or special occasions with long-lasting appeal."
465,LOUIS VUITTON,ON THE BEACH,"Lemon, Pink Pepper","Jasmine, Cardamom","Patchouli, Vetiver, Amber","Discover On The Beach by Louis Vuitton, a refined fragrance crafted to make a lasting impression. It opens with lemon and fresh accords, develops into a smooth heart of jasmine and elegant spices, then settles into a rich base of patchouli and warm woods. Perfect for daily wear or special occasions with long-lasting appeal."
466,LOUIS VUITTON,ROSE DE VENTS,"Lychee, Bergamot","Rose, Peony","Musk, Patchouli, Vanilla","Discover Rose De Vents by Louis Vuitton, a refined fragrance crafted to make a lasting impression. It opens with lychee and fresh accords, develops into a smooth heart of rose and elegant spices, then settles into a rich base of musk and warm woods. Perfect for daily wear or special occasions with long-lasting appeal."
467,LOUIS VUITTON,CITY OF STARS,"Grapefruit, Mint","Lavender, Sage","Tonka Bean, Cedar, Musk","Discover City Of Stars by Louis Vuitton, a refined fragrance crafted to make a lasting impression. It opens with grapefruit and fresh accords, develops into a smooth heart of lavender and elegant spices, then settles into a rich base of tonka bean and warm woods. Perfect for daily wear or special occasions with long-lasting appeal."
468,LOUIS VUITTON,IMAGINATION,"Grapefruit, Mint","Lavender, Sage","Tonka Bean, Cedar, Musk","Discover Imagination by Louis Vuitton, a refined fragrance crafted to make a lasting impression. It opens with grapefruit and fresh accords, develops into a smooth heart of lavender and elegant spices, then settles into a rich base of tonka bean and warm woods. Perfect for daily wear or special occasions with long-lasting appeal."
469,LOUIS VUITTON,LES SABLES ROSES,"Lychee, Bergamot","Rose, Peony","Musk, Patchouli, Vanilla","Discover Les Sables Roses by Louis Vuitton, a refined fragrance crafted to make a lasting impression. It opens with lychee and fresh accords, develops into a smooth heart of rose and elegant spices, then settles into a rich base of musk and warm woods. Perfect for daily wear or special occasions with long-lasting appeal."
470,MAISON,AMBRE CHROMATIQUE,"Grapefruit, Mint","Lavender, Sage","Tonka Bean, Cedar, Musk","Discover Ambre Chromatique by Maison, a refined fragrance crafted to make a lasting impression. It opens with grapefruit and fresh accords, develops into a smooth heart of lavender and elegant spices, then settles into a rich base of tonka bean and warm woods. Perfect for daily wear or special occasions with long-lasting appeal."
471,MAISON,BOIS D'ATCHAI,"Mandarin, Pear","Rose, Orange Blossom","Vanilla, Musk, Sandalwood","Discover Bois D'Atchai by Maison, a refined fragrance crafted to make a lasting impression. It opens with mandarin and fresh accords, develops into a smooth heart of rose and elegant spices, then settles into a rich base of vanilla and warm woods. Perfect for daily wear or special occasions with long-lasting appeal."
472,MAISON CRIVELLI,OUD CADENZA,"Saffron, Bergamot","Rose, Jasmine","Oud, Amber, Musk","Discover Oud Cadenza by Maison Crivelli, a refined fragrance crafted to make a lasting impression. It opens with saffron and fresh accords, develops into a smooth heart of rose and elegant spices, then settles into a rich base of oud and warm woods. Perfect for daily wear or special occasions with long-lasting appeal."
473,MAISON CRIVELLI,OUD STALLION,"Saffron, Bergamot","Rose, Jasmine","Oud, Amber, Musk","Discover Oud Stallion by Maison Crivelli, a refined fragrance crafted to make a lasting impression. It opens with saffron and fresh accords, develops into a smooth heart of rose and elegant spices, then settles into a rich base of oud and warm woods. Perfect for daily wear or special occasions with long-lasting appeal."
474,MAISON CRIVELLI,TUBEREUSE ASTRALE,"Grapefruit, Mint","Lavender, Sage","Tonka Bean, Cedar, Musk","Discover Tubereuse Astrale by Maison Crivelli, a refined fragrance crafted to make a lasting impression. It opens with grapefruit and fresh accords, develops into a smooth heart of lavender and elegant spices, then settles into a rich base of tonka bean and warm woods. Perfect for daily wear or special occasions with long-lasting appeal."
475,MAISON CRIVELLI,CUIR INFRAROUGE,"Lemon, Pink Pepper","Jasmine, Cardamom","Patchouli, Vetiver, Amber","Discover Cuir Infrarouge by Maison Crivelli, a refined fragrance crafted to make a lasting impression. It opens with lemon and fresh accords, develops into a smooth heart of jasmine and elegant spices, then settles into a rich base of patchouli and warm woods. Perfect for daily wear or special occasions with long-lasting appeal."
476,MAISON CRIVELLI,SAFRAN SECRET,"Lemon, Pink Pepper","Jasmine, Cardamom","Patchouli, Vetiver, Amber","Discover Safran Secret by Maison Crivelli, a refined fragrance crafted to make a lasting impression. It opens with lemon and fresh accords, develops into a smooth heart of jasmine and elegant spices, then settles into a rich base of patchouli and warm woods. Perfect for daily wear or special occasions with long-lasting appeal."
477,MAISON CRIVELLI,CUIR INFRA ROUGE,"Apple, Bergamot","Lavender, Geranium","Cedarwood, Musk, Amber","Discover Cuir Infra Rouge by Maison Crivelli, a refined fragrance crafted to make a lasting impression. It opens with apple and fresh accords, develops into a smooth heart of lavender and elegant spices, then settles into a rich base of cedarwood and warm woods. Perfect for daily wear or special occasions with long-lasting appeal."
478,MAISON FRANCIS KURKDJIAN,AQUA MEDUA COLOGNE FORTE,"Marine Notes, Lemon","Lavender, Neroli","Musk, Cedarwood, Amber","Discover Aqua Medua Cologne Forte by Maison Francis Kurkdjian, a refined fragrance crafted to make a lasting impression. It opens with marine notes and fresh accords, develops into a smooth heart of lavender and elegant spices, then settles into a rich base of musk and warm woods. Perfect for daily wear or special occasions with long-lasting appeal."
479,MAISON FRANCIS KURKDJIAN,À LA ROSE,"Lychee, Bergamot","Rose, Peony","Musk, Patchouli, Vanilla","Discover À La Rose by Maison Francis Kurkdjian, a refined fragrance crafted to make a lasting impression. It opens with lychee and fresh accords, develops into a smooth heart of rose and elegant spices, then settles into a rich base of musk and warm woods. Perfect for daily wear or special occasions with long-lasting appeal."
480,MAISON FRANCIS KURKDJIAN,BACCARAT ROGUE 540,"Grapefruit, Mint","Lavender, Sage","Tonka Bean, Cedar, Musk","Discover Baccarat Rogue 540 by Maison Francis Kurkdjian, a refined fragrance crafted to make a lasting impression. It opens with grapefruit and fresh accords, develops into a smooth heart of lavender and elegant spices, then settles into a rich base of tonka bean and warm woods. Perfect for daily wear or special occasions with long-lasting appeal."
481,MAISON FRANCIS KURKDJIAN,OUDH SILK MOOD,"Saffron, Bergamot","Rose, Jasmine","Oud, Amber, Musk","Discover Oudh Silk Mood by Maison Francis Kurkdjian, a refined fragrance crafted to make a lasting impression. It opens with saffron and fresh accords, develops into a smooth heart of rose and elegant spices, then settles into a rich base of oud and warm woods. Perfect for daily wear or special occasions with long-lasting appeal."
482,MAISON FRANCIS KURKDJIAN,OUDH SATIN MOOD,"Saffron, Bergamot","Rose, Jasmine","Oud, Amber, Musk","Discover Oudh Satin Mood by Maison Francis Kurkdjian, a refined fragrance crafted to make a lasting impression. It opens with saffron and fresh accords, develops into a smooth heart of rose and elegant spices, then settles into a rich base of oud and warm woods. Perfect for daily wear or special occasions with long-lasting appeal."
483,MAISON FRANCIS KURKDJIAN,GRAND SOIR,"Grapefruit, Mint","Lavender, Sage","Tonka Bean, Cedar, Musk","Discover Grand Soir by Maison Francis Kurkdjian, a refined fragrance crafted to make a lasting impression. It opens with grapefruit and fresh accords, develops into a smooth heart of lavender and elegant spices, then settles into a rich base of tonka bean and warm woods. Perfect for daily wear or special occasions with long-lasting appeal."
484,MAISON FRANCIS KURKDJIAN,AQUA CELESTIA,"Marine Notes, Lemon","Lavender, Neroli","Musk, Cedarwood, Amber","Discover Aqua Celestia by Maison Francis Kurkdjian, a refined fragrance crafted to make a lasting impression. It opens with marine notes and fresh accords, develops into a smooth heart of lavender and elegant spices, then settles into a rich base of musk and warm woods. Perfect for daily wear or special occasions with long-lasting appeal."
485,MAISON FRANCIS KURKDJIAN,GENTLE FLUIDITY GOLD,"Mandarin, Saffron","Rose, Cinnamon","Amber, Vanilla, Oud","Discover Gentle Fluidity Gold by Maison Francis Kurkdjian, a refined fragrance crafted to make a lasting impression. It opens with mandarin and fresh accords, develops into a smooth heart of rose and elegant spices, then settles into a rich base of amber and warm woods. Perfect for daily wear or special occasions with long-lasting appeal."
486,MAISON FRANCIS KURKDJIAN,BR540 EXTRAIT,"Mandarin, Pear","Rose, Orange Blossom","Vanilla, Musk, Sandalwood","Discover Br540 Extrait by Maison Francis Kurkdjian, a refined fragrance crafted to make a lasting impression. It opens with mandarin and fresh accords, develops into a smooth heart of rose and elegant spices, then settles into a rich base of vanilla and warm woods. Perfect for daily wear or special occasions with long-lasting appeal."
487,MAISON FRANCIS KURKDJIAN,724 MAISON FRANCIS KURKDJIAN,"Apple, Bergamot","Lavender, Geranium","Cedarwood, Musk, Amber","Discover 724 Maison Francis Kurkdjian by Maison Francis Kurkdjian, a refined fragrance crafted to make a lasting impression. It opens with apple and fresh accords, develops into a smooth heart of lavender and elegant spices, then settles into a rich base of cedarwood and warm woods. Perfect for daily wear or special occasions with long-lasting appeal."
488,MAISON MARGIELA,REPLICA BY WHISPERS,"Apple, Bergamot","Lavender, Geranium","Cedarwood, Musk, Amber","Discover Replica By Whispers by Maison Margiela, a refined fragrance crafted to make a lasting impression. It opens with apple and fresh accords, develops into a smooth heart of lavender and elegant spices, then settles into a rich base of cedarwood and warm woods. Perfect for daily wear or special occasions with long-lasting appeal."
489,MAISON MARGIELA,FIREPLACE,"Grapefruit, Mint","Lavender, Sage","Tonka Bean, Cedar, Musk","Discover Fireplace by Maison Margiela, a refined fragrance crafted to make a lasting impression. It opens with grapefruit and fresh accords, develops into a smooth heart of lavender and elegant spices, then settles into a rich base of tonka bean and warm woods. Perfect for daily wear or special occasions with long-lasting appeal."
490,MAISON MARGIELA,LIPSTICK ON,"Lemon, Pink Pepper","Jasmine, Cardamom","Patchouli, Vetiver, Amber","Discover Lipstick On by Maison Margiela, a refined fragrance crafted to make a lasting impression. It opens with lemon and fresh accords, develops into a smooth heart of jasmine and elegant spices, then settles into a rich base of patchouli and warm woods. Perfect for daily wear or special occasions with long-lasting appeal."
491,MAISON MARGIELA,JAZZ CLUB,"Apple, Bergamot","Lavender, Geranium","Cedarwood, Musk, Amber","Discover Jazz Club by Maison Margiela, a refined fragrance crafted to make a lasting impression. It opens with apple and fresh accords, develops into a smooth heart of lavender and elegant spices, then settles into a rich base of cedarwood and warm woods. Perfect for daily wear or special occasions with long-lasting appeal."
492,MAISON MARGIELA,BUBBLE BATH,"Mandarin, Pear","Rose, Orange Blossom","Vanilla, Musk, Sandalwood","Discover Bubble Bath by Maison Margiela, a refined fragrance crafted to make a lasting impression. It opens with mandarin and fresh accords, develops into a smooth heart of rose and elegant spices, then settles into a rich base of vanilla and warm woods. Perfect for daily wear or special occasions with long-lasting appeal."
493,MAISON MARGIELA,AUTUMN VIBES,"Lemon, Pink Pepper","Jasmine, Cardamom","Patchouli, Vetiver, Amber","Discover Autumn Vibes by Maison Margiela, a refined fragrance crafted to make a lasting impression. It opens with lemon and fresh accords, develops into a smooth heart of jasmine and elegant spices, then settles into a rich base of patchouli and warm woods. Perfect for daily wear or special occasions with long-lasting appeal."
494,MANCERA,AMORE CAFFÈ,"Mandarin, Pear","Rose, Orange Blossom","Vanilla, Musk, Sandalwood","Discover Amore Caffè by Mancera, a refined fragrance crafted to make a lasting impression. It opens with mandarin and fresh accords, develops into a smooth heart of rose and elegant spices, then settles into a rich base of vanilla and warm woods. Perfect for daily wear or special occasions with long-lasting appeal."
495,MANCERA,XPLICIT VANILLA,"Citrus, Pear","Jasmine, Tonka Bean","Vanilla, Amber, Sandalwood","Discover Xplicit Vanilla by Mancera, a refined fragrance crafted to make a lasting impression. It opens with citrus and fresh accords, develops into a smooth heart of jasmine and elegant spices, then settles into a rich base of vanilla and warm woods. Perfect for daily wear or special occasions with long-lasting appeal."
496,MANCERA,CEDRAT BOISE -,"Apple, Bergamot","Lavender, Geranium","Cedarwood, Musk, Amber","Discover Cedrat Boise - by Mancera, a refined fragrance crafted to make a lasting impression. It opens with apple and fresh accords, develops into a smooth heart of lavender and elegant spices, then settles into a rich base of cedarwood and warm woods. Perfect for daily wear or special occasions with long-lasting appeal."
497,MANCERA,AOUD VANILLE,"Saffron, Bergamot","Rose, Jasmine","Oud, Amber, Musk","Discover Aoud Vanille by Mancera, a refined fragrance crafted to make a lasting impression. It opens with saffron and fresh accords, develops into a smooth heart of rose and elegant spices, then settles into a rich base of oud and warm woods. Perfect for daily wear or special occasions with long-lasting appeal."
498,MANCERA,AOUD LEMON AND MINT,"Saffron, Bergamot","Rose, Jasmine","Oud, Amber, Musk","Discover Aoud Lemon And Mint by Mancera, a refined fragrance crafted to make a lasting impression. It opens with saffron and fresh accords, develops into a smooth heart of rose and elegant spices, then settles into a rich base of oud and warm woods. Perfect for daily wear or special occasions with long-lasting appeal."
499,MANCERA,RED TOBACCO,"Lemon, Pink Pepper","Jasmine, Cardamom","Patchouli, Vetiver, Amber","Discover Red Tobacco by Mancera, a refined fragrance crafted to make a lasting impression. It opens with lemon and fresh accords, develops into a smooth heart of jasmine and elegant spices, then settles into a rich base of patchouli and warm woods. Perfect for daily wear or special occasions with long-lasting appeal."
500,MANCERA,ROSES VANILLA,"Lychee, Bergamot","Rose, Peony","Musk, Patchouli, Vanilla","Discover Roses Vanilla by Mancera, a refined fragrance crafted to make a lasting impression. It opens with lychee and fresh accords, develops into a smooth heart of rose and elegant spices, then settles into a rich base of musk and warm woods. Perfect for daily wear or special occasions with long-lasting appeal."
501,MANCERA,GOLD INTENSIVE AOUD,"Saffron, Bergamot","Rose, Jasmine","Oud, Amber, Musk","Discover Gold Intensive Aoud by Mancera, a refined fragrance crafted to make a lasting impression. It opens with saffron and fresh accords, develops into a smooth heart of rose and elegant spices, then settles into a rich base of oud and warm woods. Perfect for daily wear or special occasions with long-lasting appeal."
502,MANCERA,CRAZY FOR OUDH,"Saffron, Bergamot","Rose, Jasmine","Oud, Amber, Musk","Discover Crazy For Oudh by Mancera, a refined fragrance crafted to make a lasting impression. It opens with saffron and fresh accords, develops into a smooth heart of rose and elegant spices, then settles into a rich base of oud and warm woods. Perfect for daily wear or special occasions with long-lasting appeal."
503,MANCERA,HINDU KUSH,"Grapefruit, Mint","Lavender, Sage","Tonka Bean, Cedar, Musk","Discover Hindu Kush by Mancera, a refined fragrance crafted to make a lasting impression. It opens with grapefruit and fresh accords, develops into a smooth heart of lavender and elegant spices, then settles into a rich base of tonka bean and warm woods. Perfect for daily wear or special occasions with long-lasting appeal."
504,MANCERA,BLACK VANILLA,"Citrus, Pear","Jasmine, Tonka Bean","Vanilla, Amber, Sandalwood","Discover Black Vanilla by Mancera, a refined fragrance crafted to make a lasting impression. It opens with citrus and fresh accords, develops into a smooth heart of jasmine and elegant spices, then settles into a rich base of vanilla and warm woods. Perfect for daily wear or special occasions with long-lasting appeal."
505,MARC JACOBS,DAISY,"Lemon, Pink Pepper","Jasmine, Cardamom","Patchouli, Vetiver, Amber","Discover Daisy by Marc Jacobs, a refined fragrance crafted to make a lasting impression. It opens with lemon and fresh accords, develops into a smooth heart of jasmine and elegant spices, then settles into a rich base of patchouli and warm woods. Perfect for daily wear or special occasions with long-lasting appeal."
506,MATIERE PREMIERE,CRYSTAL SAFFRON,"Lemon, Pink Pepper","Jasmine, Cardamom","Patchouli, Vetiver, Amber","Discover Crystal Saffron by Matiere Premiere, a refined fragrance crafted to make a lasting impression. It opens with lemon and fresh accords, develops into a smooth heart of jasmine and elegant spices, then settles into a rich base of patchouli and warm woods. Perfect for daily wear or special occasions with long-lasting appeal."
507,MATIERE PREMIERE,FALCON LEATHER,"Mandarin, Pear","Rose, Orange Blossom","Vanilla, Musk, Sandalwood","Discover Falcon Leather by Matiere Premiere, a refined fragrance crafted to make a lasting impression. It opens with mandarin and fresh accords, develops into a smooth heart of rose and elegant spices, then settles into a rich base of vanilla and warm woods. Perfect for daily wear or special occasions with long-lasting appeal."
508,MEMO PARIS,IRISH LEATHER,"Apple, Bergamot","Lavender, Geranium","Cedarwood, Musk, Amber","Discover Irish Leather by Memo Paris, a refined fragrance crafted to make a lasting impression. It opens with apple and fresh accords, develops into a smooth heart of lavender and elegant spices, then settles into a rich base of cedarwood and warm woods. Perfect for daily wear or special occasions with long-lasting appeal."
509,MEMO PARIS,AFRICAN LEATHER,"Apple, Bergamot","Lavender, Geranium","Cedarwood, Musk, Amber","Discover African Leather by Memo Paris, a refined fragrance crafted to make a lasting impression. It opens with apple and fresh accords, develops into a smooth heart of lavender and elegant spices, then settles into a rich base of cedarwood and warm woods. Perfect for daily wear or special occasions with long-lasting appeal."
510,MEMO PARIS,ITALIAN LEATHER,"Apple, Bergamot","Lavender, Geranium","Cedarwood, Musk, Amber","Discover Italian Leather by Memo Paris, a refined fragrance crafted to make a lasting impression. It opens with apple and fresh accords, develops into a smooth heart of lavender and elegant spices, then settles into a rich base of cedarwood and warm woods. Perfect for daily wear or special occasions with long-lasting appeal."
511,MEMO PARIS,ARGENTINA -,"Apple, Bergamot","Lavender, Geranium","Cedarwood, Musk, Amber","Discover Argentina - by Memo Paris, a refined fragrance crafted to make a lasting impression. It opens with apple and fresh accords, develops into a smooth heart of lavender and elegant spices, then settles into a rich base of cedarwood and warm woods. Perfect for daily wear or special occasions with long-lasting appeal."
512,MEMO PARIS,AFRICAN ROSE,"Lychee, Bergamot","Rose, Peony","Musk, Patchouli, Vanilla","Discover African Rose by Memo Paris, a refined fragrance crafted to make a lasting impression. It opens with lychee and fresh accords, develops into a smooth heart of rose and elegant spices, then settles into a rich base of musk and warm woods. Perfect for daily wear or special occasions with long-lasting appeal."
513,MEMO PARIS,OCEAN LEATHER,"Mandarin, Pear","Rose, Orange Blossom","Vanilla, Musk, Sandalwood","Discover Ocean Leather by Memo Paris, a refined fragrance crafted to make a lasting impression. It opens with mandarin and fresh accords, develops into a smooth heart of rose and elegant spices, then settles into a rich base of vanilla and warm woods. Perfect for daily wear or special occasions with long-lasting appeal."
514,MEMO PARIS,RUSSIAN LEATHER,"Mandarin, Pear","Rose, Orange Blossom","Vanilla, Musk, Sandalwood","Discover Russian Leather by Memo Paris, a refined fragrance crafted to make a lasting impression. It opens with mandarin and fresh accords, develops into a smooth heart of rose and elegant spices, then settles into a rich base of vanilla and warm woods. Perfect for daily wear or special occasions with long-lasting appeal."
515,MEMO PARIS,AFRICAN LEATHER SPL,"Mandarin, Pear","Rose, Orange Blossom","Vanilla, Musk, Sandalwood","Discover African Leather Spl by Memo Paris, a refined fragrance crafted to make a lasting impression. It opens with mandarin and fresh accords, develops into a smooth heart of rose and elegant spices, then settles into a rich base of vanilla and warm woods. Perfect for daily wear or special occasions with long-lasting appeal."
516,MEMO PARIS,ARGENTINA LEATHER,"Lemon, Pink Pepper","Jasmine, Cardamom","Patchouli, Vetiver, Amber","Discover Argentina Leather by Memo Paris, a refined fragrance crafted to make a lasting impression. It opens with lemon and fresh accords, develops into a smooth heart of jasmine and elegant spices, then settles into a rich base of patchouli and warm woods. Perfect for daily wear or special occasions with long-lasting appeal."
517,MEMO PARIS,INDIAN LEATHER,"Apple, Bergamot","Lavender, Geranium","Cedarwood, Musk, Amber","Discover Indian Leather by Memo Paris, a refined fragrance crafted to make a lasting impression. It opens with apple and fresh accords, develops into a smooth heart of lavender and elegant spices, then settles into a rich base of cedarwood and warm woods. Perfect for daily wear or special occasions with long-lasting appeal."
518,MEMOIRS OF A PERFUME,TALES FROM ZANZIBAR,"Grapefruit, Mint","Lavender, Sage","Tonka Bean, Cedar, Musk","Discover Tales From Zanzibar by Memoirs Of A Perfume, a refined fragrance crafted to make a lasting impression. It opens with grapefruit and fresh accords, develops into a smooth heart of lavender and elegant spices, then settles into a rich base of tonka bean and warm woods. Perfect for daily wear or special occasions with long-lasting appeal."
519,MFK,AMYRIS HOMME,"Apple, Bergamot","Lavender, Geranium","Cedarwood, Musk, Amber","Discover Amyris Homme by Mfk, a refined fragrance crafted to make a lasting impression. It opens with apple and fresh accords, develops into a smooth heart of lavender and elegant spices, then settles into a rich base of cedarwood and warm woods. Perfect for daily wear or special occasions with long-lasting appeal."
520,MONT BLANC,EMBLEM,"Mandarin, Pear","Rose, Orange Blossom","Vanilla, Musk, Sandalwood","Discover Emblem by Mont Blanc, a refined fragrance crafted to make a lasting impression. It opens with mandarin and fresh accords, develops into a smooth heart of rose and elegant spices, then settles into a rich base of vanilla and warm woods. Perfect for daily wear or special occasions with long-lasting appeal."
521,MONT BLANC,INDIVIDUAL,"Mandarin, Pear","Rose, Orange Blossom","Vanilla, Musk, Sandalwood","Discover Individual by Mont Blanc, a refined fragrance crafted to make a lasting impression. It opens with mandarin and fresh accords, develops into a smooth heart of rose and elegant spices, then settles into a rich base of vanilla and warm woods. Perfect for daily wear or special occasions with long-lasting appeal."
522,MONT BLANC,LEGEND,"Apple, Bergamot","Lavender, Geranium","Cedarwood, Musk, Amber","Discover Legend by Mont Blanc, a refined fragrance crafted to make a lasting impression. It opens with apple and fresh accords, develops into a smooth heart of lavender and elegant spices, then settles into a rich base of cedarwood and warm woods. Perfect for daily wear or special occasions with long-lasting appeal."
523,MONT BLANC,STARWALKER,"Apple, Bergamot","Lavender, Geranium","Cedarwood, Musk, Amber","Discover Starwalker by Mont Blanc, a refined fragrance crafted to make a lasting impression. It opens with apple and fresh accords, develops into a smooth heart of lavender and elegant spices, then settles into a rich base of cedarwood and warm woods. Perfect for daily wear or special occasions with long-lasting appeal."
524,MONTALE,CAFÉ NOIR,"Lemon, Pink Pepper","Jasmine, Cardamom","Patchouli, Vetiver, Amber","Discover Café Noir by Montale, a refined fragrance crafted to make a lasting impression. It opens with lemon and fresh accords, develops into a smooth heart of jasmine and elegant spices, then settles into a rich base of patchouli and warm woods. Perfect for daily wear or special occasions with long-lasting appeal."
525,MONTALE,BLUE MATCHA -,"Lemon, Mint","Lavender, Geranium","Amberwood, Musk, Cedar","Discover Blue Matcha - by Montale, a refined fragrance crafted to make a lasting impression. It opens with lemon and fresh accords, develops into a smooth heart of lavender and elegant spices, then settles into a rich base of amberwood and warm woods. Perfect for daily wear or special occasions with long-lasting appeal."
526,MONTALE,INTENSE CAFÉ -,"Grapefruit, Pepper","Lavender, Cardamom","Amber, Vetiver, Woods","Discover Intense Café - by Montale, a refined fragrance crafted to make a lasting impression. It opens with grapefruit and fresh accords, develops into a smooth heart of lavender and elegant spices, then settles into a rich base of amber and warm woods. Perfect for daily wear or special occasions with long-lasting appeal."
527,MONTALE,BLACK AOUD -,"Saffron, Bergamot","Rose, Jasmine","Oud, Amber, Musk","Discover Black Aoud - by Montale, a refined fragrance crafted to make a lasting impression. It opens with saffron and fresh accords, develops into a smooth heart of rose and elegant spices, then settles into a rich base of oud and warm woods. Perfect for daily wear or special occasions with long-lasting appeal."
528,MONTALE,CHOCOLATE GREEDY,"Grapefruit, Mint","Lavender, Sage","Tonka Bean, Cedar, Musk","Discover Chocolate Greedy by Montale, a refined fragrance crafted to make a lasting impression. It opens with grapefruit and fresh accords, develops into a smooth heart of lavender and elegant spices, then settles into a rich base of tonka bean and warm woods. Perfect for daily wear or special occasions with long-lasting appeal."
529,MONTALE,ARABIAN TONKA,"Apple, Bergamot","Lavender, Geranium","Cedarwood, Musk, Amber","Discover Arabian Tonka by Montale, a refined fragrance crafted to make a lasting impression. It opens with apple and fresh accords, develops into a smooth heart of lavender and elegant spices, then settles into a rich base of cedarwood and warm woods. Perfect for daily wear or special occasions with long-lasting appeal."
530,MONTALE,OUD TOBACCO,"Saffron, Bergamot","Rose, Jasmine","Oud, Amber, Musk","Discover Oud Tobacco by Montale, a refined fragrance crafted to make a lasting impression. It opens with saffron and fresh accords, develops into a smooth heart of rose and elegant spices, then settles into a rich base of oud and warm woods. Perfect for daily wear or special occasions with long-lasting appeal."
531,MONTALE,AOUD LIME,"Saffron, Bergamot","Rose, Jasmine","Oud, Amber, Musk","Discover Aoud Lime by Montale, a refined fragrance crafted to make a lasting impression. It opens with saffron and fresh accords, develops into a smooth heart of rose and elegant spices, then settles into a rich base of oud and warm woods. Perfect for daily wear or special occasions with long-lasting appeal."
532,MONTALE,AOUD MUSK,"Saffron, Bergamot","Rose, Jasmine","Oud, Amber, Musk","Discover Aoud Musk by Montale, a refined fragrance crafted to make a lasting impression. It opens with saffron and fresh accords, develops into a smooth heart of rose and elegant spices, then settles into a rich base of oud and warm woods. Perfect for daily wear or special occasions with long-lasting appeal."
533,MONTALE,AOUD ORANGE,"Saffron, Bergamot","Rose, Jasmine","Oud, Amber, Musk","Discover Aoud Orange by Montale, a refined fragrance crafted to make a lasting impression. It opens with saffron and fresh accords, develops into a smooth heart of rose and elegant spices, then settles into a rich base of oud and warm woods. Perfect for daily wear or special occasions with long-lasting appeal."
534,MONTALE,AOUD SENSE,"Saffron, Bergamot","Rose, Jasmine","Oud, Amber, Musk","Discover Aoud Sense by Montale, a refined fragrance crafted to make a lasting impression. It opens with saffron and fresh accords, develops into a smooth heart of rose and elegant spices, then settles into a rich base of oud and warm woods. Perfect for daily wear or special occasions with long-lasting appeal."
535,MONTALE,DARK PURPLE,"Grapefruit, Mint","Lavender, Sage","Tonka Bean, Cedar, Musk","Discover Dark Purple by Montale, a refined fragrance crafted to make a lasting impression. It opens with grapefruit and fresh accords, develops into a smooth heart of lavender and elegant spices, then settles into a rich base of tonka bean and warm woods. Perfect for daily wear or special occasions with long-lasting appeal."
536,MONTALE,DARK VANILLA,"Citrus, Pear","Jasmine, Tonka Bean","Vanilla, Amber, Sandalwood","Discover Dark Vanilla by Montale, a refined fragrance crafted to make a lasting impression. It opens with citrus and fresh accords, develops into a smooth heart of jasmine and elegant spices, then settles into a rich base of vanilla and warm woods. Perfect for daily wear or special occasions with long-lasting appeal."
537,MONTALE,DEEP ROSES,"Lychee, Bergamot","Rose, Peony","Musk, Patchouli, Vanilla","Discover Deep Roses by Montale, a refined fragrance crafted to make a lasting impression. It opens with lychee and fresh accords, develops into a smooth heart of rose and elegant spices, then settles into a rich base of musk and warm woods. Perfect for daily wear or special occasions with long-lasting appeal."
538,MONTALE,FRUITS OF THE MUSK,"Bergamot, Aldehydes","White Floral, Powdery Notes","Musk, Sandalwood, Amber","Discover Fruits Of The Musk by Montale, a refined fragrance crafted to make a lasting impression. It opens with bergamot and fresh accords, develops into a smooth heart of white floral and elegant spices, then settles into a rich base of musk and warm woods. Perfect for daily wear or special occasions with long-lasting appeal."
539,MONTALE,OUDMAZING,"Saffron, Bergamot","Rose, Jasmine","Oud, Amber, Musk","Discover Oudmazing by Montale, a refined fragrance crafted to make a lasting impression. It opens with saffron and fresh accords, develops into a smooth heart of rose and elegant spices, then settles into a rich base of oud and warm woods. Perfect for daily wear or special occasions with long-lasting appeal."
540,MONTALE,OUDRISING,"Saffron, Bergamot","Rose, Jasmine","Oud, Amber, Musk","Discover Oudrising by Montale, a refined fragrance crafted to make a lasting impression. It opens with saffron and fresh accords, develops into a smooth heart of rose and elegant spices, then settles into a rich base of oud and warm woods. Perfect for daily wear or special occasions with long-lasting appeal."
541,MONTALE,WHITE MUSK,"Bergamot, Aldehydes","White Floral, Powdery Notes","Musk, Sandalwood, Amber","Discover White Musk by Montale, a refined fragrance crafted to make a lasting impression. It opens with bergamot and fresh accords, develops into a smooth heart of white floral and elegant spices, then settles into a rich base of musk and warm woods. Perfect for daily wear or special occasions with long-lasting appeal."
542,MOSCHINO,TOYBOY,"Mandarin, Pear","Rose, Orange Blossom","Vanilla, Musk, Sandalwood","Discover Toyboy by Moschino, a refined fragrance crafted to make a lasting impression. It opens with mandarin and fresh accords, develops into a smooth heart of rose and elegant spices, then settles into a rich base of vanilla and warm woods. Perfect for daily wear or special occasions with long-lasting appeal."
543,MUGLR,PURE HAVANE,"Grapefruit, Mint","Lavender, Sage","Tonka Bean, Cedar, Musk","Discover Pure Havane by Muglr, a refined fragrance crafted to make a lasting impression. It opens with grapefruit and fresh accords, develops into a smooth heart of lavender and elegant spices, then settles into a rich base of tonka bean and warm woods. Perfect for daily wear or special occasions with long-lasting appeal."
544,MUGLR,ALIEN MAN,"Apple, Bergamot","Lavender, Geranium","Cedarwood, Musk, Amber","Discover Alien Man by Muglr, a refined fragrance crafted to make a lasting impression. It opens with apple and fresh accords, develops into a smooth heart of lavender and elegant spices, then settles into a rich base of cedarwood and warm woods. Perfect for daily wear or special occasions with long-lasting appeal."
545,MUGLR,ALEIN GODDES,"Apple, Bergamot","Lavender, Geranium","Cedarwood, Musk, Amber","Discover Alein Goddes by Muglr, a refined fragrance crafted to make a lasting impression. It opens with apple and fresh accords, develops into a smooth heart of lavender and elegant spices, then settles into a rich base of cedarwood and warm woods. Perfect for daily wear or special occasions with long-lasting appeal."
546,MUGLR,ANGEL,"Lemon, Pink Pepper","Jasmine, Cardamom","Patchouli, Vetiver, Amber","Discover Angel by Muglr, a refined fragrance crafted to make a lasting impression. It opens with lemon and fresh accords, develops into a smooth heart of jasmine and elegant spices, then settles into a rich base of patchouli and warm woods. Perfect for daily wear or special occasions with long-lasting appeal."
547,NARCISO RODRIGUEZ,ALL OF ME,"Grapefruit, Mint","Lavender, Sage","Tonka Bean, Cedar, Musk","Discover All Of Me by Narciso Rodriguez, a refined fragrance crafted to make a lasting impression. It opens with grapefruit and fresh accords, develops into a smooth heart of lavender and elegant spices, then settles into a rich base of tonka bean and warm woods. Perfect for daily wear or special occasions with long-lasting appeal."
548,NARCISO RODRIGUEZ,PURE MUSC FOR HER,"Lemon, Pink Pepper","Jasmine, Cardamom","Patchouli, Vetiver, Amber","Discover Pure Musc For Her by Narciso Rodriguez, a refined fragrance crafted to make a lasting impression. It opens with lemon and fresh accords, develops into a smooth heart of jasmine and elegant spices, then settles into a rich base of patchouli and warm woods. Perfect for daily wear or special occasions with long-lasting appeal."
549,NARCISO RODRIGUEZ,WOMEN,"Lemon, Pink Pepper","Jasmine, Cardamom","Patchouli, Vetiver, Amber","Discover Women by Narciso Rodriguez, a refined fragrance crafted to make a lasting impression. It opens with lemon and fresh accords, develops into a smooth heart of jasmine and elegant spices, then settles into a rich base of patchouli and warm woods. Perfect for daily wear or special occasions with long-lasting appeal."
550,NASOMATTO,BLACK AFGHANO,"Lemon, Pink Pepper","Jasmine, Cardamom","Patchouli, Vetiver, Amber","Discover Black Afghano by Nasomatto, a refined fragrance crafted to make a lasting impression. It opens with lemon and fresh accords, develops into a smooth heart of jasmine and elegant spices, then settles into a rich base of patchouli and warm woods. Perfect for daily wear or special occasions with long-lasting appeal."
551,NASOMATTO,ABSINTH,"Grapefruit, Mint","Lavender, Sage","Tonka Bean, Cedar, Musk","Discover Absinth by Nasomatto, a refined fragrance crafted to make a lasting impression. It opens with grapefruit and fresh accords, develops into a smooth heart of lavender and elegant spices, then settles into a rich base of tonka bean and warm woods. Perfect for daily wear or special occasions with long-lasting appeal."
552,NASOMATTO,FANTAMOS,"Mandarin, Pear","Rose, Orange Blossom","Vanilla, Musk, Sandalwood","Discover Fantamos by Nasomatto, a refined fragrance crafted to make a lasting impression. It opens with mandarin and fresh accords, develops into a smooth heart of rose and elegant spices, then settles into a rich base of vanilla and warm woods. Perfect for daily wear or special occasions with long-lasting appeal."
553,NASOMATTO,DURO,"Apple, Bergamot","Lavender, Geranium","Cedarwood, Musk, Amber","Discover Duro by Nasomatto, a refined fragrance crafted to make a lasting impression. It opens with apple and fresh accords, develops into a smooth heart of lavender and elegant spices, then settles into a rich base of cedarwood and warm woods. Perfect for daily wear or special occasions with long-lasting appeal."
554,NASOMATTO,NARCOTIC VENUS,"Mandarin, Pear","Rose, Orange Blossom","Vanilla, Musk, Sandalwood","Discover Narcotic Venus by Nasomatto, a refined fragrance crafted to make a lasting impression. It opens with mandarin and fresh accords, develops into a smooth heart of rose and elegant spices, then settles into a rich base of vanilla and warm woods. Perfect for daily wear or special occasions with long-lasting appeal."
555,NASOMATTO,PARDON,"Mandarin, Pear","Rose, Orange Blossom","Vanilla, Musk, Sandalwood","Discover Pardon by Nasomatto, a refined fragrance crafted to make a lasting impression. It opens with mandarin and fresh accords, develops into a smooth heart of rose and elegant spices, then settles into a rich base of vanilla and warm woods. Perfect for daily wear or special occasions with long-lasting appeal."
556,NASOMATTO,SILVER MUSK,"Bergamot, Aldehydes","White Floral, Powdery Notes","Musk, Sandalwood, Amber","Discover Silver Musk by Nasomatto, a refined fragrance crafted to make a lasting impression. It opens with bergamot and fresh accords, develops into a smooth heart of white floral and elegant spices, then settles into a rich base of musk and warm woods. Perfect for daily wear or special occasions with long-lasting appeal."
557,NEESH,MILKY WAY,"Lemon, Pink Pepper","Jasmine, Cardamom","Patchouli, Vetiver, Amber","Discover Milky Way by Neesh, a refined fragrance crafted to make a lasting impression. It opens with lemon and fresh accords, develops into a smooth heart of jasmine and elegant spices, then settles into a rich base of patchouli and warm woods. Perfect for daily wear or special occasions with long-lasting appeal."
558,NINA RICCI,APPLE,"Grapefruit, Mint","Lavender, Sage","Tonka Bean, Cedar, Musk","Discover Apple by Nina Ricci, a refined fragrance crafted to make a lasting impression. It opens with grapefruit and fresh accords, develops into a smooth heart of lavender and elegant spices, then settles into a rich base of tonka bean and warm woods. Perfect for daily wear or special occasions with long-lasting appeal."
559,NINA RICCI,PREMAJURE,"Lemon, Pink Pepper","Jasmine, Cardamom","Patchouli, Vetiver, Amber","Discover Premajure by Nina Ricci, a refined fragrance crafted to make a lasting impression. It opens with lemon and fresh accords, develops into a smooth heart of jasmine and elegant spices, then settles into a rich base of patchouli and warm woods. Perfect for daily wear or special occasions with long-lasting appeal."
560,NISHANE,TUBEROZA,"Grapefruit, Mint","Lavender, Sage","Tonka Bean, Cedar, Musk","Discover Tuberoza by Nishane, a refined fragrance crafted to make a lasting impression. It opens with grapefruit and fresh accords, develops into a smooth heart of lavender and elegant spices, then settles into a rich base of tonka bean and warm woods. Perfect for daily wear or special occasions with long-lasting appeal."
561,NISHANE,FAVONIUS,"Lemon, Pink Pepper","Jasmine, Cardamom","Patchouli, Vetiver, Amber","Discover Favonius by Nishane, a refined fragrance crafted to make a lasting impression. It opens with lemon and fresh accords, develops into a smooth heart of jasmine and elegant spices, then settles into a rich base of patchouli and warm woods. Perfect for daily wear or special occasions with long-lasting appeal."
562,NISHANE,SHEM,"Mandarin, Pear","Rose, Orange Blossom","Vanilla, Musk, Sandalwood","Discover Shem by Nishane, a refined fragrance crafted to make a lasting impression. It opens with mandarin and fresh accords, develops into a smooth heart of rose and elegant spices, then settles into a rich base of vanilla and warm woods. Perfect for daily wear or special occasions with long-lasting appeal."
563,NISHANE,HUNDRED SILENT WAYS,"Grapefruit, Mint","Lavender, Sage","Tonka Bean, Cedar, Musk","Discover Hundred Silent Ways by Nishane, a refined fragrance crafted to make a lasting impression. It opens with grapefruit and fresh accords, develops into a smooth heart of lavender and elegant spices, then settles into a rich base of tonka bean and warm woods. Perfect for daily wear or special occasions with long-lasting appeal."
564,NISHANE,UNUTAMAM,"Apple, Bergamot","Lavender, Geranium","Cedarwood, Musk, Amber","Discover Unutamam by Nishane, a refined fragrance crafted to make a lasting impression. It opens with apple and fresh accords, develops into a smooth heart of lavender and elegant spices, then settles into a rich base of cedarwood and warm woods. Perfect for daily wear or special occasions with long-lasting appeal."
565,NISHANE,FAN YOUR FLAMES EXTRAIT DE PARFUM,"Grapefruit, Mint","Lavender, Sage","Tonka Bean, Cedar, Musk","Discover Fan Your Flames Extrait De Parfum by Nishane, a refined fragrance crafted to make a lasting impression. It opens with grapefruit and fresh accords, develops into a smooth heart of lavender and elegant spices, then settles into a rich base of tonka bean and warm woods. Perfect for daily wear or special occasions with long-lasting appeal."
566,ORMONDE JAYNE,MON TABACCO,"Grapefruit, Mint","Lavender, Sage","Tonka Bean, Cedar, Musk","Discover Mon Tabacco by Ormonde Jayne, a refined fragrance crafted to make a lasting impression. It opens with grapefruit and fresh accords, develops into a smooth heart of lavender and elegant spices, then settles into a rich base of tonka bean and warm woods. Perfect for daily wear or special occasions with long-lasting appeal."
567,ORMONDE JAYNE,MONTABACO INTENSIVO,"Apple, Bergamot","Lavender, Geranium","Cedarwood, Musk, Amber","Discover Montabaco Intensivo by Ormonde Jayne, a refined fragrance crafted to make a lasting impression. It opens with apple and fresh accords, develops into a smooth heart of lavender and elegant spices, then settles into a rich base of cedarwood and warm woods. Perfect for daily wear or special occasions with long-lasting appeal."
568,PACO RABBANE,INVICTUS AQUA,"Marine Notes, Lemon","Lavender, Neroli","Musk, Cedarwood, Amber","Discover Invictus Aqua by Paco Rabbane, a refined fragrance crafted to make a lasting impression. It opens with marine notes and fresh accords, develops into a smooth heart of lavender and elegant spices, then settles into a rich base of musk and warm woods. Perfect for daily wear or special occasions with long-lasting appeal."
569,PACO RABBANE,1 MILLION,"Mandarin, Pear","Rose, Orange Blossom","Vanilla, Musk, Sandalwood","Discover 1 Million by Paco Rabbane, a refined fragrance crafted to make a lasting impression. It opens with mandarin and fresh accords, develops into a smooth heart of rose and elegant spices, then settles into a rich base of vanilla and warm woods. Perfect for daily wear or special occasions with long-lasting appeal."
570,PACO RABBANE,1 MILLION LUCKY,"Apple, Bergamot","Lavender, Geranium","Cedarwood, Musk, Amber","Discover 1 Million Lucky by Paco Rabbane, a refined fragrance crafted to make a lasting impression. It opens with apple and fresh accords, develops into a smooth heart of lavender and elegant spices, then settles into a rich base of cedarwood and warm woods. Perfect for daily wear or special occasions with long-lasting appeal."
571,PACO RABBANE,LADY MILLION,"Apple, Bergamot","Lavender, Geranium","Cedarwood, Musk, Amber","Discover Lady Million by Paco Rabbane, a refined fragrance crafted to make a lasting impression. It opens with apple and fresh accords, develops into a smooth heart of lavender and elegant spices, then settles into a rich base of cedarwood and warm woods. Perfect for daily wear or special occasions with long-lasting appeal."
572,PACO RABBANE,BLACK XS MEN,"Mandarin, Pear","Rose, Orange Blossom","Vanilla, Musk, Sandalwood","Discover Black Xs Men by Paco Rabbane, a refined fragrance crafted to make a lasting impression. It opens with mandarin and fresh accords, develops into a smooth heart of rose and elegant spices, then settles into a rich base of vanilla and warm woods. Perfect for daily wear or special occasions with long-lasting appeal."
573,PACO RABBANE,OLYMPIA,"Mandarin, Pear","Rose, Orange Blossom","Vanilla, Musk, Sandalwood","Discover Olympia by Paco Rabbane, a refined fragrance crafted to make a lasting impression. It opens with mandarin and fresh accords, develops into a smooth heart of rose and elegant spices, then settles into a rich base of vanilla and warm woods. Perfect for daily wear or special occasions with long-lasting appeal."
574,PACO RABBANE,INVICTUS PLATINUM,"Apple, Bergamot","Lavender, Geranium","Cedarwood, Musk, Amber","Discover Invictus Platinum by Paco Rabbane, a refined fragrance crafted to make a lasting impression. It opens with apple and fresh accords, develops into a smooth heart of lavender and elegant spices, then settles into a rich base of cedarwood and warm woods. Perfect for daily wear or special occasions with long-lasting appeal."
575,PACO RABBANE,1 MILLION ELIXIR,"Lemon, Pink Pepper","Jasmine, Cardamom","Patchouli, Vetiver, Amber","Discover 1 Million Elixir by Paco Rabbane, a refined fragrance crafted to make a lasting impression. It opens with lemon and fresh accords, develops into a smooth heart of jasmine and elegant spices, then settles into a rich base of patchouli and warm woods. Perfect for daily wear or special occasions with long-lasting appeal."
576,PACO RABBANE,ONE MILION GOLDEN DUD,"Mandarin, Saffron","Rose, Cinnamon","Amber, Vanilla, Oud","Discover One Milion Golden Dud by Paco Rabbane, a refined fragrance crafted to make a lasting impression. It opens with mandarin and fresh accords, develops into a smooth heart of rose and elegant spices, then settles into a rich base of amber and warm woods. Perfect for daily wear or special occasions with long-lasting appeal."
577,PACO RABBANE,INVICTUS VICTORY,"Grapefruit, Mint","Lavender, Sage","Tonka Bean, Cedar, Musk","Discover Invictus Victory by Paco Rabbane, a refined fragrance crafted to make a lasting impression. It opens with grapefruit and fresh accords, develops into a smooth heart of lavender and elegant spices, then settles into a rich base of tonka bean and warm woods. Perfect for daily wear or special occasions with long-lasting appeal."
578,PARFUMS DE MARLY,DELINA EXCLUSIF -,"Mandarin, Pear","Rose, Orange Blossom","Vanilla, Musk, Sandalwood","Discover Delina Exclusif - by Parfums De Marly, a refined fragrance crafted to make a lasting impression. It opens with mandarin and fresh accords, develops into a smooth heart of rose and elegant spices, then settles into a rich base of vanilla and warm woods. Perfect for daily wear or special occasions with long-lasting appeal."
579,PARFUMS DE MARLY,DELINA -,"Apple, Bergamot","Lavender, Geranium","Cedarwood, Musk, Amber","Discover Delina - by Parfums De Marly, a refined fragrance crafted to make a lasting impression. It opens with apple and fresh accords, develops into a smooth heart of lavender and elegant spices, then settles into a rich base of cedarwood and warm woods. Perfect for daily wear or special occasions with long-lasting appeal."
580,PARFUMS DE MARLY,ORIANA -,"Mandarin, Pear","Rose, Orange Blossom","Vanilla, Musk, Sandalwood","Discover Oriana - by Parfums De Marly, a refined fragrance crafted to make a lasting impression. It opens with mandarin and fresh accords, develops into a smooth heart of rose and elegant spices, then settles into a rich base of vanilla and warm woods. Perfect for daily wear or special occasions with long-lasting appeal."
581,PARFUMS DE MARLY,GREENLEY -,"Lemon, Pink Pepper","Jasmine, Cardamom","Patchouli, Vetiver, Amber","Discover Greenley - by Parfums De Marly, a refined fragrance crafted to make a lasting impression. It opens with lemon and fresh accords, develops into a smooth heart of jasmine and elegant spices, then settles into a rich base of patchouli and warm woods. Perfect for daily wear or special occasions with long-lasting appeal."
582,PARFUMS DE MARLY,DELINA EXCLUSIF,"Mandarin, Pear","Rose, Orange Blossom","Vanilla, Musk, Sandalwood","Discover Delina Exclusif by Parfums De Marly, a refined fragrance crafted to make a lasting impression. It opens with mandarin and fresh accords, develops into a smooth heart of rose and elegant spices, then settles into a rich base of vanilla and warm woods. Perfect for daily wear or special occasions with long-lasting appeal."
583,PARFUMS DE MARLY,ALTHAIR,"Apple, Bergamot","Lavender, Geranium","Cedarwood, Musk, Amber","Discover Althair by Parfums De Marly, a refined fragrance crafted to make a lasting impression. It opens with apple and fresh accords, develops into a smooth heart of lavender and elegant spices, then settles into a rich base of cedarwood and warm woods. Perfect for daily wear or special occasions with long-lasting appeal."
584,PARFUMS DE MARLY,HABDAN,"Apple, Bergamot","Lavender, Geranium","Cedarwood, Musk, Amber","Discover Habdan by Parfums De Marly, a refined fragrance crafted to make a lasting impression. It opens with apple and fresh accords, develops into a smooth heart of lavender and elegant spices, then settles into a rich base of cedarwood and warm woods. Perfect for daily wear or special occasions with long-lasting appeal."
585,PARFUMS DE MARLY,VALAYA,"Grapefruit, Mint","Lavender, Sage","Tonka Bean, Cedar, Musk","Discover Valaya by Parfums De Marly, a refined fragrance crafted to make a lasting impression. It opens with grapefruit and fresh accords, develops into a smooth heart of lavender and elegant spices, then settles into a rich base of tonka bean and warm woods. Perfect for daily wear or special occasions with long-lasting appeal."
586,PARFUMS DE MARLY,DELINA,"Mandarin, Pear","Rose, Orange Blossom","Vanilla, Musk, Sandalwood","Discover Delina by Parfums De Marly, a refined fragrance crafted to make a lasting impression. It opens with mandarin and fresh accords, develops into a smooth heart of rose and elegant spices, then settles into a rich base of vanilla and warm woods. Perfect for daily wear or special occasions with long-lasting appeal."
587,PARFUMS DE MARLY,ORIANA,"Grapefruit, Mint","Lavender, Sage","Tonka Bean, Cedar, Musk","Discover Oriana by Parfums De Marly, a refined fragrance crafted to make a lasting impression. It opens with grapefruit and fresh accords, develops into a smooth heart of lavender and elegant spices, then settles into a rich base of tonka bean and warm woods. Perfect for daily wear or special occasions with long-lasting appeal."
588,PARFUMS DE MARLY,GREENLEY,"Apple, Bergamot","Lavender, Geranium","Cedarwood, Musk, Amber","Discover Greenley by Parfums De Marly, a refined fragrance crafted to make a lasting impression. It opens with apple and fresh accords, develops into a smooth heart of lavender and elegant spices, then settles into a rich base of cedarwood and warm woods. Perfect for daily wear or special occasions with long-lasting appeal."
589,PARFUMS DE MARLY,HEROD,"Apple, Bergamot","Lavender, Geranium","Cedarwood, Musk, Amber","Discover Herod by Parfums De Marly, a refined fragrance crafted to make a lasting impression. It opens with apple and fresh accords, develops into a smooth heart of lavender and elegant spices, then settles into a rich base of cedarwood and warm woods. Perfect for daily wear or special occasions with long-lasting appeal."
590,PARFUMS DE MARLY,GALLOWAY,"Mandarin, Pear","Rose, Orange Blossom","Vanilla, Musk, Sandalwood","Discover Galloway by Parfums De Marly, a refined fragrance crafted to make a lasting impression. It opens with mandarin and fresh accords, develops into a smooth heart of rose and elegant spices, then settles into a rich base of vanilla and warm woods. Perfect for daily wear or special occasions with long-lasting appeal."
591,PARFUMS DE MARLY,LAYTON,"Grapefruit, Mint","Lavender, Sage","Tonka Bean, Cedar, Musk","Discover Layton by Parfums De Marly, a refined fragrance crafted to make a lasting impression. It opens with grapefruit and fresh accords, develops into a smooth heart of lavender and elegant spices, then settles into a rich base of tonka bean and warm woods. Perfect for daily wear or special occasions with long-lasting appeal."
592,PARFUMS DE MARLY,KALAN,"Apple, Bergamot","Lavender, Geranium","Cedarwood, Musk, Amber","Discover Kalan by Parfums De Marly, a refined fragrance crafted to make a lasting impression. It opens with apple and fresh accords, develops into a smooth heart of lavender and elegant spices, then settles into a rich base of cedarwood and warm woods. Perfect for daily wear or special occasions with long-lasting appeal."
593,PARFUMS DE MARLY,PEGASUS,"Apple, Bergamot","Lavender, Geranium","Cedarwood, Musk, Amber","Discover Pegasus by Parfums De Marly, a refined fragrance crafted to make a lasting impression. It opens with apple and fresh accords, develops into a smooth heart of lavender and elegant spices, then settles into a rich base of cedarwood and warm woods. Perfect for daily wear or special occasions with long-lasting appeal."
594,PARFUMS DE MARLY,CARIOS,"Grapefruit, Mint","Lavender, Sage","Tonka Bean, Cedar, Musk","Discover Carios by Parfums De Marly, a refined fragrance crafted to make a lasting impression. It opens with grapefruit and fresh accords, develops into a smooth heart of lavender and elegant spices, then settles into a rich base of tonka bean and warm woods. Perfect for daily wear or special occasions with long-lasting appeal."
595,PARFUMS DE MARLY,ERAGON,"Grapefruit, Mint","Lavender, Sage","Tonka Bean, Cedar, Musk","Discover Eragon by Parfums De Marly, a refined fragrance crafted to make a lasting impression. It opens with grapefruit and fresh accords, develops into a smooth heart of lavender and elegant spices, then settles into a rich base of tonka bean and warm woods. Perfect for daily wear or special occasions with long-lasting appeal."
596,PARFUMS DE MARLY,VALERO,"Mandarin, Pear","Rose, Orange Blossom","Vanilla, Musk, Sandalwood","Discover Valero by Parfums De Marly, a refined fragrance crafted to make a lasting impression. It opens with mandarin and fresh accords, develops into a smooth heart of rose and elegant spices, then settles into a rich base of vanilla and warm woods. Perfect for daily wear or special occasions with long-lasting appeal."
597,PENHALIGON’S,TERRIBLE TEDDY,"Apple, Bergamot","Lavender, Geranium","Cedarwood, Musk, Amber","Discover Terrible Teddy by Penhaligon’S, a refined fragrance crafted to make a lasting impression. It opens with apple and fresh accords, develops into a smooth heart of lavender and elegant spices, then settles into a rich base of cedarwood and warm woods. Perfect for daily wear or special occasions with long-lasting appeal."
598,PENHALIGON’S,FORTUITOUS FINLEY,"Lemon, Pink Pepper","Jasmine, Cardamom","Patchouli, Vetiver, Amber","Discover Fortuitous Finley by Penhaligon’S, a refined fragrance crafted to make a lasting impression. It opens with lemon and fresh accords, develops into a smooth heart of jasmine and elegant spices, then settles into a rich base of patchouli and warm woods. Perfect for daily wear or special occasions with long-lasting appeal."
599,PENHALIGON'S,THE WORLD ACCORDING TO ARTHUR,"Mandarin, Pear","Rose, Orange Blossom","Vanilla, Musk, Sandalwood","Discover The World According To Arthur by Penhaligon'S, a refined fragrance crafted to make a lasting impression. It opens with mandarin and fresh accords, develops into a smooth heart of rose and elegant spices, then settles into a rich base of vanilla and warm woods. Perfect for daily wear or special occasions with long-lasting appeal."
600,PENHALIGON'S,SARTORIAL -,"Lemon, Pink Pepper","Jasmine, Cardamom","Patchouli, Vetiver, Amber","Discover Sartorial - by Penhaligon'S, a refined fragrance crafted to make a lasting impression. It opens with lemon and fresh accords, develops into a smooth heart of jasmine and elegant spices, then settles into a rich base of patchouli and warm woods. Perfect for daily wear or special occasions with long-lasting appeal."
601,PENHALIGON'S,THE UNCOMPROMISING SOHAN,"Lemon, Pink Pepper","Jasmine, Cardamom","Patchouli, Vetiver, Amber","Discover The Uncompromising Sohan by Penhaligon'S, a refined fragrance crafted to make a lasting impression. It opens with lemon and fresh accords, develops into a smooth heart of jasmine and elegant spices, then settles into a rich base of patchouli and warm woods. Perfect for daily wear or special occasions with long-lasting appeal."
602,PENHALIGON'S,HALFETI,"Grapefruit, Mint","Lavender, Sage","Tonka Bean, Cedar, Musk","Discover Halfeti by Penhaligon'S, a refined fragrance crafted to make a lasting impression. It opens with grapefruit and fresh accords, develops into a smooth heart of lavender and elegant spices, then settles into a rich base of tonka bean and warm woods. Perfect for daily wear or special occasions with long-lasting appeal."
603,PENHALIGON'S,HALFETI LEATHER,"Grapefruit, Mint","Lavender, Sage","Tonka Bean, Cedar, Musk","Discover Halfeti Leather by Penhaligon'S, a refined fragrance crafted to make a lasting impression. It opens with grapefruit and fresh accords, develops into a smooth heart of lavender and elegant spices, then settles into a rich base of tonka bean and warm woods. Perfect for daily wear or special occasions with long-lasting appeal."
604,PENHALIGON'S,THE COVETED DUCHESS ROSE,"Lychee, Bergamot","Rose, Peony","Musk, Patchouli, Vanilla","Discover The Coveted Duchess Rose by Penhaligon'S, a refined fragrance crafted to make a lasting impression. It opens with lychee and fresh accords, develops into a smooth heart of rose and elegant spices, then settles into a rich base of musk and warm woods. Perfect for daily wear or special occasions with long-lasting appeal."
605,PENHALIGON'S,JUNIPER SLANG,"Grapefruit, Mint","Lavender, Sage","Tonka Bean, Cedar, Musk","Discover Juniper Slang by Penhaligon'S, a refined fragrance crafted to make a lasting impression. It opens with grapefruit and fresh accords, develops into a smooth heart of lavender and elegant spices, then settles into a rich base of tonka bean and warm woods. Perfect for daily wear or special occasions with long-lasting appeal."
606,PENHALIGON'S,MALABAH,"Mandarin, Pear","Rose, Orange Blossom","Vanilla, Musk, Sandalwood","Discover Malabah by Penhaligon'S, a refined fragrance crafted to make a lasting impression. It opens with mandarin and fresh accords, develops into a smooth heart of rose and elegant spices, then settles into a rich base of vanilla and warm woods. Perfect for daily wear or special occasions with long-lasting appeal."
607,PENHALIGON'S,THE INIMITABLE WILLIAM,"Lemon, Pink Pepper","Jasmine, Cardamom","Patchouli, Vetiver, Amber","Discover The Inimitable William by Penhaligon'S, a refined fragrance crafted to make a lasting impression. It opens with lemon and fresh accords, develops into a smooth heart of jasmine and elegant spices, then settles into a rich base of patchouli and warm woods. Perfect for daily wear or special occasions with long-lasting appeal."
608,PENHALIGON'S,BLUE BELL,"Lemon, Mint","Lavender, Geranium","Amberwood, Musk, Cedar","Discover Blue Bell by Penhaligon'S, a refined fragrance crafted to make a lasting impression. It opens with lemon and fresh accords, develops into a smooth heart of lavender and elegant spices, then settles into a rich base of amberwood and warm woods. Perfect for daily wear or special occasions with long-lasting appeal."
609,PRADA,PARADIGME,"Lemon, Pink Pepper","Jasmine, Cardamom","Patchouli, Vetiver, Amber","Discover Paradigme by Prada, a refined fragrance crafted to make a lasting impression. It opens with lemon and fresh accords, develops into a smooth heart of jasmine and elegant spices, then settles into a rich base of patchouli and warm woods. Perfect for daily wear or special occasions with long-lasting appeal."
610,PRADA,PARADOXE RADICAL ESSENCE,"Apple, Bergamot","Lavender, Geranium","Cedarwood, Musk, Amber","Discover Paradoxe Radical Essence by Prada, a refined fragrance crafted to make a lasting impression. It opens with apple and fresh accords, develops into a smooth heart of lavender and elegant spices, then settles into a rich base of cedarwood and warm woods. Perfect for daily wear or special occasions with long-lasting appeal."
611,PRADA,CANDY,"Lemon, Pink Pepper","Jasmine, Cardamom","Patchouli, Vetiver, Amber","Discover Candy by Prada, a refined fragrance crafted to make a lasting impression. It opens with lemon and fresh accords, develops into a smooth heart of jasmine and elegant spices, then settles into a rich base of patchouli and warm woods. Perfect for daily wear or special occasions with long-lasting appeal."
612,PRADA,AMBER POUR HOMME,"Grapefruit, Mint","Lavender, Sage","Tonka Bean, Cedar, Musk","Discover Amber Pour Homme by Prada, a refined fragrance crafted to make a lasting impression. It opens with grapefruit and fresh accords, develops into a smooth heart of lavender and elegant spices, then settles into a rich base of tonka bean and warm woods. Perfect for daily wear or special occasions with long-lasting appeal."
613,PRADA,LUNA ROSSA BLACK,"Apple, Bergamot","Lavender, Geranium","Cedarwood, Musk, Amber","Discover Luna Rossa Black by Prada, a refined fragrance crafted to make a lasting impression. It opens with apple and fresh accords, develops into a smooth heart of lavender and elegant spices, then settles into a rich base of cedarwood and warm woods. Perfect for daily wear or special occasions with long-lasting appeal."
614,PRADA,PARADOXE,"Grapefruit, Mint","Lavender, Sage","Tonka Bean, Cedar, Musk","Discover Paradoxe by Prada, a refined fragrance crafted to make a lasting impression. It opens with grapefruit and fresh accords, develops into a smooth heart of lavender and elegant spices, then settles into a rich base of tonka bean and warm woods. Perfect for daily wear or special occasions with long-lasting appeal."
615,PRADA,LUNA ROSSA,"Lemon, Pink Pepper","Jasmine, Cardamom","Patchouli, Vetiver, Amber","Discover Luna Rossa by Prada, a refined fragrance crafted to make a lasting impression. It opens with lemon and fresh accords, develops into a smooth heart of jasmine and elegant spices, then settles into a rich base of patchouli and warm woods. Perfect for daily wear or special occasions with long-lasting appeal."
616,PRADA,L'HOMME,"Mandarin, Pear","Rose, Orange Blossom","Vanilla, Musk, Sandalwood","Discover L'Homme by Prada, a refined fragrance crafted to make a lasting impression. It opens with mandarin and fresh accords, develops into a smooth heart of rose and elegant spices, then settles into a rich base of vanilla and warm woods. Perfect for daily wear or special occasions with long-lasting appeal."
617,RALPH LAUREN,POLO BLUE,"Lemon, Mint","Lavender, Geranium","Amberwood, Musk, Cedar","Discover Polo Blue by Ralph Lauren, a refined fragrance crafted to make a lasting impression. It opens with lemon and fresh accords, develops into a smooth heart of lavender and elegant spices, then settles into a rich base of amberwood and warm woods. Perfect for daily wear or special occasions with long-lasting appeal."
618,RALPH LAUREN,POLO SPORT,"Grapefruit, Mint","Lavender, Sage","Tonka Bean, Cedar, Musk","Discover Polo Sport by Ralph Lauren, a refined fragrance crafted to make a lasting impression. It opens with grapefruit and fresh accords, develops into a smooth heart of lavender and elegant spices, then settles into a rich base of tonka bean and warm woods. Perfect for daily wear or special occasions with long-lasting appeal."
619,RALPH LAUREN,POLO SUPREME OUDH,"Saffron, Bergamot","Rose, Jasmine","Oud, Amber, Musk","Discover Polo Supreme Oudh by Ralph Lauren, a refined fragrance crafted to make a lasting impression. It opens with saffron and fresh accords, develops into a smooth heart of rose and elegant spices, then settles into a rich base of oud and warm woods. Perfect for daily wear or special occasions with long-lasting appeal."
620,RASASI,ROMANCE (W),"Grapefruit, Mint","Lavender, Sage","Tonka Bean, Cedar, Musk","Discover Romance (W) by Rasasi, a refined fragrance crafted to make a lasting impression. It opens with grapefruit and fresh accords, develops into a smooth heart of lavender and elegant spices, then settles into a rich base of tonka bean and warm woods. Perfect for daily wear or special occasions with long-lasting appeal."
621,RASASI,ARBA WARDAT,"Mandarin, Pear","Rose, Orange Blossom","Vanilla, Musk, Sandalwood","Discover Arba Wardat by Rasasi, a refined fragrance crafted to make a lasting impression. It opens with mandarin and fresh accords, develops into a smooth heart of rose and elegant spices, then settles into a rich base of vanilla and warm woods. Perfect for daily wear or special occasions with long-lasting appeal."
622,RASASI,FAQAT LIL RIJAAL,"Mandarin, Pear","Rose, Orange Blossom","Vanilla, Musk, Sandalwood","Discover Faqat Lil Rijaal by Rasasi, a refined fragrance crafted to make a lasting impression. It opens with mandarin and fresh accords, develops into a smooth heart of rose and elegant spices, then settles into a rich base of vanilla and warm woods. Perfect for daily wear or special occasions with long-lasting appeal."
623,RASASI,BLUE LADY,"Lemon, Mint","Lavender, Geranium","Amberwood, Musk, Cedar","Discover Blue Lady by Rasasi, a refined fragrance crafted to make a lasting impression. It opens with lemon and fresh accords, develops into a smooth heart of lavender and elegant spices, then settles into a rich base of amberwood and warm woods. Perfect for daily wear or special occasions with long-lasting appeal."
624,RASASI,DEHN AL OUDH AL NOKHBA,"Saffron, Bergamot","Rose, Jasmine","Oud, Amber, Musk","Discover Dehn Al Oudh Al Nokhba by Rasasi, a refined fragrance crafted to make a lasting impression. It opens with saffron and fresh accords, develops into a smooth heart of rose and elegant spices, then settles into a rich base of oud and warm woods. Perfect for daily wear or special occasions with long-lasting appeal."
625,RASASI,HAWAS,"Grapefruit, Mint","Lavender, Sage","Tonka Bean, Cedar, Musk","Discover Hawas by Rasasi, a refined fragrance crafted to make a lasting impression. It opens with grapefruit and fresh accords, develops into a smooth heart of lavender and elegant spices, then settles into a rich base of tonka bean and warm woods. Perfect for daily wear or special occasions with long-lasting appeal."
626,RASASI,NEBRAS AL ISHQ NOOR,"Grapefruit, Mint","Lavender, Sage","Tonka Bean, Cedar, Musk","Discover Nebras Al Ishq Noor by Rasasi, a refined fragrance crafted to make a lasting impression. It opens with grapefruit and fresh accords, develops into a smooth heart of lavender and elegant spices, then settles into a rich base of tonka bean and warm woods. Perfect for daily wear or special occasions with long-lasting appeal."
627,RASASI,AFSHAAN,"Mandarin, Pear","Rose, Orange Blossom","Vanilla, Musk, Sandalwood","Discover Afshaan by Rasasi, a refined fragrance crafted to make a lasting impression. It opens with mandarin and fresh accords, develops into a smooth heart of rose and elegant spices, then settles into a rich base of vanilla and warm woods. Perfect for daily wear or special occasions with long-lasting appeal."
628,RASASI,RASASI HAWAS ICE,"Apple, Bergamot","Lavender, Geranium","Cedarwood, Musk, Amber","Discover Rasasi Hawas Ice by Rasasi, a refined fragrance crafted to make a lasting impression. It opens with apple and fresh accords, develops into a smooth heart of lavender and elegant spices, then settles into a rich base of cedarwood and warm woods. Perfect for daily wear or special occasions with long-lasting appeal."
629,ROBERTO CAVALLI,JUST CAVALLI MEN,"Grapefruit, Mint","Lavender, Sage","Tonka Bean, Cedar, Musk","Discover Just Cavalli Men by Roberto Cavalli, a refined fragrance crafted to make a lasting impression. It opens with grapefruit and fresh accords, develops into a smooth heart of lavender and elegant spices, then settles into a rich base of tonka bean and warm woods. Perfect for daily wear or special occasions with long-lasting appeal."
630,ROBERTO CAVALLI,FLORENCE AMBER,"Lemon, Pink Pepper","Jasmine, Cardamom","Patchouli, Vetiver, Amber","Discover Florence Amber by Roberto Cavalli, a refined fragrance crafted to make a lasting impression. It opens with lemon and fresh accords, develops into a smooth heart of jasmine and elegant spices, then settles into a rich base of patchouli and warm woods. Perfect for daily wear or special occasions with long-lasting appeal."
631,ROBERTO CAVALLI,SERPENTINE,"Lemon, Pink Pepper","Jasmine, Cardamom","Patchouli, Vetiver, Amber","Discover Serpentine by Roberto Cavalli, a refined fragrance crafted to make a lasting impression. It opens with lemon and fresh accords, develops into a smooth heart of jasmine and elegant spices, then settles into a rich base of patchouli and warm woods. Perfect for daily wear or special occasions with long-lasting appeal."
632,ROBERTO CAVALLI,JUST CAVALI MEN,"Lemon, Pink Pepper","Jasmine, Cardamom","Patchouli, Vetiver, Amber","Discover Just Cavali Men by Roberto Cavalli, a refined fragrance crafted to make a lasting impression. It opens with lemon and fresh accords, develops into a smooth heart of jasmine and elegant spices, then settles into a rich base of patchouli and warm woods. Perfect for daily wear or special occasions with long-lasting appeal."
633,ROBERTO CAVALLI,PARADISO,"Grapefruit, Mint","Lavender, Sage","Tonka Bean, Cedar, Musk","Discover Paradiso by Roberto Cavalli, a refined fragrance crafted to make a lasting impression. It opens with grapefruit and fresh accords, develops into a smooth heart of lavender and elegant spices, then settles into a rich base of tonka bean and warm woods. Perfect for daily wear or special occasions with long-lasting appeal."
634,ROJA,ELYSIUM,"Mandarin, Pear","Rose, Orange Blossom","Vanilla, Musk, Sandalwood","Discover Elysium by Roja, a refined fragrance crafted to make a lasting impression. It opens with mandarin and fresh accords, develops into a smooth heart of rose and elegant spices, then settles into a rich base of vanilla and warm woods. Perfect for daily wear or special occasions with long-lasting appeal."
635,ROJA,AMBER AOUD,"Saffron, Bergamot","Rose, Jasmine","Oud, Amber, Musk","Discover Amber Aoud by Roja, a refined fragrance crafted to make a lasting impression. It opens with saffron and fresh accords, develops into a smooth heart of rose and elegant spices, then settles into a rich base of oud and warm woods. Perfect for daily wear or special occasions with long-lasting appeal."
636,ROJA,ENIGMA,"Mandarin, Pear","Rose, Orange Blossom","Vanilla, Musk, Sandalwood","Discover Enigma by Roja, a refined fragrance crafted to make a lasting impression. It opens with mandarin and fresh accords, develops into a smooth heart of rose and elegant spices, then settles into a rich base of vanilla and warm woods. Perfect for daily wear or special occasions with long-lasting appeal."
637,ROJA,DOVE HAUTE LUXE,"Lemon, Pink Pepper","Jasmine, Cardamom","Patchouli, Vetiver, Amber","Discover Dove Haute Luxe by Roja, a refined fragrance crafted to make a lasting impression. It opens with lemon and fresh accords, develops into a smooth heart of jasmine and elegant spices, then settles into a rich base of patchouli and warm woods. Perfect for daily wear or special occasions with long-lasting appeal."
638,ROJA,FRUITY AOUD,"Saffron, Bergamot","Rose, Jasmine","Oud, Amber, Musk","Discover Fruity Aoud by Roja, a refined fragrance crafted to make a lasting impression. It opens with saffron and fresh accords, develops into a smooth heart of rose and elegant spices, then settles into a rich base of oud and warm woods. Perfect for daily wear or special occasions with long-lasting appeal."
639,ROJA,MUSK OUD -,"Saffron, Bergamot","Rose, Jasmine","Oud, Amber, Musk","Discover Musk Oud - by Roja, a refined fragrance crafted to make a lasting impression. It opens with saffron and fresh accords, develops into a smooth heart of rose and elegant spices, then settles into a rich base of oud and warm woods. Perfect for daily wear or special occasions with long-lasting appeal."
640,ROJA,OLIGARCH,"Lemon, Pink Pepper","Jasmine, Cardamom","Patchouli, Vetiver, Amber","Discover Oligarch by Roja, a refined fragrance crafted to make a lasting impression. It opens with lemon and fresh accords, develops into a smooth heart of jasmine and elegant spices, then settles into a rich base of patchouli and warm woods. Perfect for daily wear or special occasions with long-lasting appeal."
641,ROJA,ENSLAVED,"Mandarin, Pear","Rose, Orange Blossom","Vanilla, Musk, Sandalwood","Discover Enslaved by Roja, a refined fragrance crafted to make a lasting impression. It opens with mandarin and fresh accords, develops into a smooth heart of rose and elegant spices, then settles into a rich base of vanilla and warm woods. Perfect for daily wear or special occasions with long-lasting appeal."
642,ROJA,UNSPOKEN,"Apple, Bergamot","Lavender, Geranium","Cedarwood, Musk, Amber","Discover Unspoken by Roja, a refined fragrance crafted to make a lasting impression. It opens with apple and fresh accords, develops into a smooth heart of lavender and elegant spices, then settles into a rich base of cedarwood and warm woods. Perfect for daily wear or special occasions with long-lasting appeal."
643,ROJA,LOST IN PARIS,"Grapefruit, Mint","Lavender, Sage","Tonka Bean, Cedar, Musk","Discover Lost In Paris by Roja, a refined fragrance crafted to make a lasting impression. It opens with grapefruit and fresh accords, develops into a smooth heart of lavender and elegant spices, then settles into a rich base of tonka bean and warm woods. Perfect for daily wear or special occasions with long-lasting appeal."
644,SOL DE JANEIRO,CHEIROSA 40,"Mandarin, Pear","Rose, Orange Blossom","Vanilla, Musk, Sandalwood","Discover Cheirosa 40 by Sol De Janeiro, a refined fragrance crafted to make a lasting impression. It opens with mandarin and fresh accords, develops into a smooth heart of rose and elegant spices, then settles into a rich base of vanilla and warm woods. Perfect for daily wear or special occasions with long-lasting appeal."
645,SOL DE JANEIRO,CHEIROSA 71,"Mandarin, Pear","Rose, Orange Blossom","Vanilla, Musk, Sandalwood","Discover Cheirosa 71 by Sol De Janeiro, a refined fragrance crafted to make a lasting impression. It opens with mandarin and fresh accords, develops into a smooth heart of rose and elegant spices, then settles into a rich base of vanilla and warm woods. Perfect for daily wear or special occasions with long-lasting appeal."
646,SOL DE JANEIRO,CHEIROSA 59,"Grapefruit, Mint","Lavender, Sage","Tonka Bean, Cedar, Musk","Discover Cheirosa 59 by Sol De Janeiro, a refined fragrance crafted to make a lasting impression. It opens with grapefruit and fresh accords, develops into a smooth heart of lavender and elegant spices, then settles into a rich base of tonka bean and warm woods. Perfect for daily wear or special occasions with long-lasting appeal."
647,SOL DE JANEIRO,CHEIROSA 68,"Apple, Bergamot","Lavender, Geranium","Cedarwood, Musk, Amber","Discover Cheirosa 68 by Sol De Janeiro, a refined fragrance crafted to make a lasting impression. It opens with apple and fresh accords, develops into a smooth heart of lavender and elegant spices, then settles into a rich base of cedarwood and warm woods. Perfect for daily wear or special occasions with long-lasting appeal."
648,SOL DE JANEIRO,CHEIROSA 62,"Lemon, Pink Pepper","Jasmine, Cardamom","Patchouli, Vetiver, Amber","Discover Cheirosa 62 by Sol De Janeiro, a refined fragrance crafted to make a lasting impression. It opens with lemon and fresh accords, develops into a smooth heart of jasmine and elegant spices, then settles into a rich base of patchouli and warm woods. Perfect for daily wear or special occasions with long-lasting appeal."
649,SOL DE JANEIRO,CARIOCA CRUSH,"Grapefruit, Mint","Lavender, Sage","Tonka Bean, Cedar, Musk","Discover Carioca Crush by Sol De Janeiro, a refined fragrance crafted to make a lasting impression. It opens with grapefruit and fresh accords, develops into a smooth heart of lavender and elegant spices, then settles into a rich base of tonka bean and warm woods. Perfect for daily wear or special occasions with long-lasting appeal."
650,SORA DORA,JANY,"Lemon, Pink Pepper","Jasmine, Cardamom","Patchouli, Vetiver, Amber","Discover Jany by Sora Dora, a refined fragrance crafted to make a lasting impression. It opens with lemon and fresh accords, develops into a smooth heart of jasmine and elegant spices, then settles into a rich base of patchouli and warm woods. Perfect for daily wear or special occasions with long-lasting appeal."
651,SOSPIRO,VIBRATO,"Apple, Bergamot","Lavender, Geranium","Cedarwood, Musk, Amber","Discover Vibrato by Sospiro, a refined fragrance crafted to make a lasting impression. It opens with apple and fresh accords, develops into a smooth heart of lavender and elegant spices, then settles into a rich base of cedarwood and warm woods. Perfect for daily wear or special occasions with long-lasting appeal."
652,SOSPIRO,MUSE,"Lemon, Pink Pepper","Jasmine, Cardamom","Patchouli, Vetiver, Amber","Discover Muse by Sospiro, a refined fragrance crafted to make a lasting impression. It opens with lemon and fresh accords, develops into a smooth heart of jasmine and elegant spices, then settles into a rich base of patchouli and warm woods. Perfect for daily wear or special occasions with long-lasting appeal."
653,SOSPIRO,ERBA PURA,"Apple, Bergamot","Lavender, Geranium","Cedarwood, Musk, Amber","Discover Erba Pura by Sospiro, a refined fragrance crafted to make a lasting impression. It opens with apple and fresh accords, develops into a smooth heart of lavender and elegant spices, then settles into a rich base of cedarwood and warm woods. Perfect for daily wear or special occasions with long-lasting appeal."
654,SPIRIT OF DUBAI,DUSRA -,"Mandarin, Pear","Rose, Orange Blossom","Vanilla, Musk, Sandalwood","Discover Dusra - by Spirit Of Dubai, a refined fragrance crafted to make a lasting impression. It opens with mandarin and fresh accords, develops into a smooth heart of rose and elegant spices, then settles into a rich base of vanilla and warm woods. Perfect for daily wear or special occasions with long-lasting appeal."
655,SPIRIT OF DUBAI,MEYDAN -,"Mandarin, Pear","Rose, Orange Blossom","Vanilla, Musk, Sandalwood","Discover Meydan - by Spirit Of Dubai, a refined fragrance crafted to make a lasting impression. It opens with mandarin and fresh accords, develops into a smooth heart of rose and elegant spices, then settles into a rich base of vanilla and warm woods. Perfect for daily wear or special occasions with long-lasting appeal."
656,SPIRIT OF DUBAI,AJBAR -,"Mandarin, Pear","Rose, Orange Blossom","Vanilla, Musk, Sandalwood","Discover Ajbar - by Spirit Of Dubai, a refined fragrance crafted to make a lasting impression. It opens with mandarin and fresh accords, develops into a smooth heart of rose and elegant spices, then settles into a rich base of vanilla and warm woods. Perfect for daily wear or special occasions with long-lasting appeal."
657,STEPHANE HUMBERT LUCAS 777,MANGO KISS SOLEIL DE JEDDAH,"Mandarin, Pear","Rose, Orange Blossom","Vanilla, Musk, Sandalwood","Discover Mango Kiss Soleil De Jeddah by Stephane Humbert Lucas 777, a refined fragrance crafted to make a lasting impression. It opens with mandarin and fresh accords, develops into a smooth heart of rose and elegant spices, then settles into a rich base of vanilla and warm woods. Perfect for daily wear or special occasions with long-lasting appeal."
658,STEPHANE HUMBERT LUCAS 777,PINK BOA,"Grapefruit, Mint","Lavender, Sage","Tonka Bean, Cedar, Musk","Discover Pink Boa by Stephane Humbert Lucas 777, a refined fragrance crafted to make a lasting impression. It opens with grapefruit and fresh accords, develops into a smooth heart of lavender and elegant spices, then settles into a rich base of tonka bean and warm woods. Perfect for daily wear or special occasions with long-lasting appeal."
659,SURRATI,MUKHALLAT FARIS,"Grapefruit, Mint","Lavender, Sage","Tonka Bean, Cedar, Musk","Discover Mukhallat Faris by Surrati, a refined fragrance crafted to make a lasting impression. It opens with grapefruit and fresh accords, develops into a smooth heart of lavender and elegant spices, then settles into a rich base of tonka bean and warm woods. Perfect for daily wear or special occasions with long-lasting appeal."
660,SWISS ARABIAN,SOUL OF BALI,"Apple, Bergamot","Lavender, Geranium","Cedarwood, Musk, Amber","Discover Soul Of Bali by Swiss Arabian, a refined fragrance crafted to make a lasting impression. It opens with apple and fresh accords, develops into a smooth heart of lavender and elegant spices, then settles into a rich base of cedarwood and warm woods. Perfect for daily wear or special occasions with long-lasting appeal."
661,THAMEEM,CARVED OUD,"Saffron, Bergamot","Rose, Jasmine","Oud, Amber, Musk","Discover Carved Oud by Thameem, a refined fragrance crafted to make a lasting impression. It opens with saffron and fresh accords, develops into a smooth heart of rose and elegant spices, then settles into a rich base of oud and warm woods. Perfect for daily wear or special occasions with long-lasting appeal."
662,THOMAS KHOSALA,APRES L'AMOUR NO. 4,"Apple, Bergamot","Lavender, Geranium","Cedarwood, Musk, Amber","Discover Apres L'Amour No. 4 by Thomas Khosala, a refined fragrance crafted to make a lasting impression. It opens with apple and fresh accords, develops into a smooth heart of lavender and elegant spices, then settles into a rich base of cedarwood and warm woods. Perfect for daily wear or special occasions with long-lasting appeal."
663,TIZIANA TERENZI,NERO OUDH,"Saffron, Bergamot","Rose, Jasmine","Oud, Amber, Musk","Discover Nero Oudh by Tiziana Terenzi, a refined fragrance crafted to make a lasting impression. It opens with saffron and fresh accords, develops into a smooth heart of rose and elegant spices, then settles into a rich base of oud and warm woods. Perfect for daily wear or special occasions with long-lasting appeal."
664,TOM FORD,ROSE EXPOSED,"Lychee, Bergamot","Rose, Peony","Musk, Patchouli, Vanilla","Discover Rose Exposed by Tom Ford, a refined fragrance crafted to make a lasting impression. It opens with lychee and fresh accords, develops into a smooth heart of rose and elegant spices, then settles into a rich base of musk and warm woods. Perfect for daily wear or special occasions with long-lasting appeal."
665,TOM FORD,BLACK ORCHID RESERVE,"Grapefruit, Mint","Lavender, Sage","Tonka Bean, Cedar, Musk","Discover Black Orchid Reserve by Tom Ford, a refined fragrance crafted to make a lasting impression. It opens with grapefruit and fresh accords, develops into a smooth heart of lavender and elegant spices, then settles into a rich base of tonka bean and warm woods. Perfect for daily wear or special occasions with long-lasting appeal."
666,TOM FORD,BLACK ORCHID,"Mandarin, Pear","Rose, Orange Blossom","Vanilla, Musk, Sandalwood","Discover Black Orchid by Tom Ford, a refined fragrance crafted to make a lasting impression. It opens with mandarin and fresh accords, develops into a smooth heart of rose and elegant spices, then settles into a rich base of vanilla and warm woods. Perfect for daily wear or special occasions with long-lasting appeal."
667,TOM FORD,FKING FABULOUS,"Apple, Bergamot","Lavender, Geranium","Cedarwood, Musk, Amber","Discover Fking Fabulous by Tom Ford, a refined fragrance crafted to make a lasting impression. It opens with apple and fresh accords, develops into a smooth heart of lavender and elegant spices, then settles into a rich base of cedarwood and warm woods. Perfect for daily wear or special occasions with long-lasting appeal."
668,TOM FORD,GREY VETIVER,"Apple, Bergamot","Lavender, Geranium","Cedarwood, Musk, Amber","Discover Grey Vetiver by Tom Ford, a refined fragrance crafted to make a lasting impression. It opens with apple and fresh accords, develops into a smooth heart of lavender and elegant spices, then settles into a rich base of cedarwood and warm woods. Perfect for daily wear or special occasions with long-lasting appeal."
669,TOM FORD,ITALIAN CYPRESS,"Grapefruit, Mint","Lavender, Sage","Tonka Bean, Cedar, Musk","Discover Italian Cypress by Tom Ford, a refined fragrance crafted to make a lasting impression. It opens with grapefruit and fresh accords, develops into a smooth heart of lavender and elegant spices, then settles into a rich base of tonka bean and warm woods. Perfect for daily wear or special occasions with long-lasting appeal."
670,TOM FORD,LOST CHERRY,"Apple, Bergamot","Lavender, Geranium","Cedarwood, Musk, Amber","Discover Lost Cherry by Tom Ford, a refined fragrance crafted to make a lasting impression. It opens with apple and fresh accords, develops into a smooth heart of lavender and elegant spices, then settles into a rich base of cedarwood and warm woods. Perfect for daily wear or special occasions with long-lasting appeal."
671,TOM FORD,NEROLI PORTOFINO,"Apple, Bergamot","Lavender, Geranium","Cedarwood, Musk, Amber","Discover Neroli Portofino by Tom Ford, a refined fragrance crafted to make a lasting impression. It opens with apple and fresh accords, develops into a smooth heart of lavender and elegant spices, then settles into a rich base of cedarwood and warm woods. Perfect for daily wear or special occasions with long-lasting appeal."
672,TOM FORD,ANTHRACITE,"Lemon, Pink Pepper","Jasmine, Cardamom","Patchouli, Vetiver, Amber","Discover Anthracite by Tom Ford, a refined fragrance crafted to make a lasting impression. It opens with lemon and fresh accords, develops into a smooth heart of jasmine and elegant spices, then settles into a rich base of patchouli and warm woods. Perfect for daily wear or special occasions with long-lasting appeal."
673,TOM FORD,NOIR MEN,"Grapefruit, Mint","Lavender, Sage","Tonka Bean, Cedar, Musk","Discover Noir Men by Tom Ford, a refined fragrance crafted to make a lasting impression. It opens with grapefruit and fresh accords, develops into a smooth heart of lavender and elegant spices, then settles into a rich base of tonka bean and warm woods. Perfect for daily wear or special occasions with long-lasting appeal."
674,TOM FORD,NOIR WOMEN,"Apple, Bergamot","Lavender, Geranium","Cedarwood, Musk, Amber","Discover Noir Women by Tom Ford, a refined fragrance crafted to make a lasting impression. It opens with apple and fresh accords, develops into a smooth heart of lavender and elegant spices, then settles into a rich base of cedarwood and warm woods. Perfect for daily wear or special occasions with long-lasting appeal."
675,TOM FORD,NOIR DE NOIR,"Grapefruit, Mint","Lavender, Sage","Tonka Bean, Cedar, Musk","Discover Noir De Noir by Tom Ford, a refined fragrance crafted to make a lasting impression. It opens with grapefruit and fresh accords, develops into a smooth heart of lavender and elegant spices, then settles into a rich base of tonka bean and warm woods. Perfect for daily wear or special occasions with long-lasting appeal."
676,TOM FORD,ORCHID SOLEIL,"Lemon, Pink Pepper","Jasmine, Cardamom","Patchouli, Vetiver, Amber","Discover Orchid Soleil by Tom Ford, a refined fragrance crafted to make a lasting impression. It opens with lemon and fresh accords, develops into a smooth heart of jasmine and elegant spices, then settles into a rich base of patchouli and warm woods. Perfect for daily wear or special occasions with long-lasting appeal."
677,TOM FORD,JASMINE ROUGE,"Grapefruit, Mint","Lavender, Sage","Tonka Bean, Cedar, Musk","Discover Jasmine Rouge by Tom Ford, a refined fragrance crafted to make a lasting impression. It opens with grapefruit and fresh accords, develops into a smooth heart of lavender and elegant spices, then settles into a rich base of tonka bean and warm woods. Perfect for daily wear or special occasions with long-lasting appeal."
678,TOM FORD,NOIR EXTREME,"Lemon, Pink Pepper","Jasmine, Cardamom","Patchouli, Vetiver, Amber","Discover Noir Extreme by Tom Ford, a refined fragrance crafted to make a lasting impression. It opens with lemon and fresh accords, develops into a smooth heart of jasmine and elegant spices, then settles into a rich base of patchouli and warm woods. Perfect for daily wear or special occasions with long-lasting appeal."
679,TOM FORD,OMBRE LEATHER,"Grapefruit, Mint","Lavender, Sage","Tonka Bean, Cedar, Musk","Discover Ombre Leather by Tom Ford, a refined fragrance crafted to make a lasting impression. It opens with grapefruit and fresh accords, develops into a smooth heart of lavender and elegant spices, then settles into a rich base of tonka bean and warm woods. Perfect for daily wear or special occasions with long-lasting appeal."
680,TOM FORD,SANTAL BLUSH,"Apple, Bergamot","Lavender, Geranium","Cedarwood, Musk, Amber","Discover Santal Blush by Tom Ford, a refined fragrance crafted to make a lasting impression. It opens with apple and fresh accords, develops into a smooth heart of lavender and elegant spices, then settles into a rich base of cedarwood and warm woods. Perfect for daily wear or special occasions with long-lasting appeal."
681,TOM FORD,OUDH MINERAL,"Saffron, Bergamot","Rose, Jasmine","Oud, Amber, Musk","Discover Oudh Mineral by Tom Ford, a refined fragrance crafted to make a lasting impression. It opens with saffron and fresh accords, develops into a smooth heart of rose and elegant spices, then settles into a rich base of oud and warm woods. Perfect for daily wear or special occasions with long-lasting appeal."
682,TOM FORD,OUDH WOOD,"Saffron, Bergamot","Rose, Jasmine","Oud, Amber, Musk","Discover Oudh Wood by Tom Ford, a refined fragrance crafted to make a lasting impression. It opens with saffron and fresh accords, develops into a smooth heart of rose and elegant spices, then settles into a rich base of oud and warm woods. Perfect for daily wear or special occasions with long-lasting appeal."
683,TOM FORD,TOBACCO OUDH,"Saffron, Bergamot","Rose, Jasmine","Oud, Amber, Musk","Discover Tobacco Oudh by Tom Ford, a refined fragrance crafted to make a lasting impression. It opens with saffron and fresh accords, develops into a smooth heart of rose and elegant spices, then settles into a rich base of oud and warm woods. Perfect for daily wear or special occasions with long-lasting appeal."
684,TOM FORD,TOBACCO VANILLA,"Citrus, Pear","Jasmine, Tonka Bean","Vanilla, Amber, Sandalwood","Discover Tobacco Vanilla by Tom Ford, a refined fragrance crafted to make a lasting impression. It opens with citrus and fresh accords, develops into a smooth heart of jasmine and elegant spices, then settles into a rich base of vanilla and warm woods. Perfect for daily wear or special occasions with long-lasting appeal."
685,TOM FORD,TUSCAN LEATHER,"Mandarin, Pear","Rose, Orange Blossom","Vanilla, Musk, Sandalwood","Discover Tuscan Leather by Tom Ford, a refined fragrance crafted to make a lasting impression. It opens with mandarin and fresh accords, develops into a smooth heart of rose and elegant spices, then settles into a rich base of vanilla and warm woods. Perfect for daily wear or special occasions with long-lasting appeal."
686,TOM FORD,VELVET ORCHID,"Lemon, Pink Pepper","Jasmine, Cardamom","Patchouli, Vetiver, Amber","Discover Velvet Orchid by Tom Ford, a refined fragrance crafted to make a lasting impression. It opens with lemon and fresh accords, develops into a smooth heart of jasmine and elegant spices, then settles into a rich base of patchouli and warm woods. Perfect for daily wear or special occasions with long-lasting appeal."
687,TOM FORD,WHITE PATCHOULI,"Apple, Bergamot","Lavender, Geranium","Cedarwood, Musk, Amber","Discover White Patchouli by Tom Ford, a refined fragrance crafted to make a lasting impression. It opens with apple and fresh accords, develops into a smooth heart of lavender and elegant spices, then settles into a rich base of cedarwood and warm woods. Perfect for daily wear or special occasions with long-lasting appeal."
688,TOM FORD,AMBER ABSOLU,"Mandarin, Pear","Rose, Orange Blossom","Vanilla, Musk, Sandalwood","Discover Amber Absolu by Tom Ford, a refined fragrance crafted to make a lasting impression. It opens with mandarin and fresh accords, develops into a smooth heart of rose and elegant spices, then settles into a rich base of vanilla and warm woods. Perfect for daily wear or special occasions with long-lasting appeal."
689,TOM FORD,METALLIC,"Apple, Bergamot","Lavender, Geranium","Cedarwood, Musk, Amber","Discover Metallic by Tom Ford, a refined fragrance crafted to make a lasting impression. It opens with apple and fresh accords, develops into a smooth heart of lavender and elegant spices, then settles into a rich base of cedarwood and warm woods. Perfect for daily wear or special occasions with long-lasting appeal."
690,TOM FORD,BITTER PEACH,"Grapefruit, Mint","Lavender, Sage","Tonka Bean, Cedar, Musk","Discover Bitter Peach by Tom Ford, a refined fragrance crafted to make a lasting impression. It opens with grapefruit and fresh accords, develops into a smooth heart of lavender and elegant spices, then settles into a rich base of tonka bean and warm woods. Perfect for daily wear or special occasions with long-lasting appeal."
691,TOM FORD,SAHARA NOIR,"Mandarin, Pear","Rose, Orange Blossom","Vanilla, Musk, Sandalwood","Discover Sahara Noir by Tom Ford, a refined fragrance crafted to make a lasting impression. It opens with mandarin and fresh accords, develops into a smooth heart of rose and elegant spices, then settles into a rich base of vanilla and warm woods. Perfect for daily wear or special occasions with long-lasting appeal."
692,TOM FORD,SHANGHAI LILY,"Lemon, Pink Pepper","Jasmine, Cardamom","Patchouli, Vetiver, Amber","Discover Shanghai Lily by Tom Ford, a refined fragrance crafted to make a lasting impression. It opens with lemon and fresh accords, develops into a smooth heart of jasmine and elegant spices, then settles into a rich base of patchouli and warm woods. Perfect for daily wear or special occasions with long-lasting appeal."
693,TOM FORD,CHERRY SMOKE,"Lemon, Pink Pepper","Jasmine, Cardamom","Patchouli, Vetiver, Amber","Discover Cherry Smoke by Tom Ford, a refined fragrance crafted to make a lasting impression. It opens with lemon and fresh accords, develops into a smooth heart of jasmine and elegant spices, then settles into a rich base of patchouli and warm woods. Perfect for daily wear or special occasions with long-lasting appeal."
694,TOM FORD,OUD VOYAGER (H),"Saffron, Bergamot","Rose, Jasmine","Oud, Amber, Musk","Discover Oud Voyager (H) by Tom Ford, a refined fragrance crafted to make a lasting impression. It opens with saffron and fresh accords, develops into a smooth heart of rose and elegant spices, then settles into a rich base of oud and warm woods. Perfect for daily wear or special occasions with long-lasting appeal."
695,TOM FORD,OUD VOYAGER (L),"Saffron, Bergamot","Rose, Jasmine","Oud, Amber, Musk","Discover Oud Voyager (L) by Tom Ford, a refined fragrance crafted to make a lasting impression. It opens with saffron and fresh accords, develops into a smooth heart of rose and elegant spices, then settles into a rich base of oud and warm woods. Perfect for daily wear or special occasions with long-lasting appeal."
696,TOM FORD,OUD VOYAGER,"Saffron, Bergamot","Rose, Jasmine","Oud, Amber, Musk","Discover Oud Voyager by Tom Ford, a refined fragrance crafted to make a lasting impression. It opens with saffron and fresh accords, develops into a smooth heart of rose and elegant spices, then settles into a rich base of oud and warm woods. Perfect for daily wear or special occasions with long-lasting appeal."
697,TOMFORD,SOLIEL BLANC -,"Apple, Bergamot","Lavender, Geranium","Cedarwood, Musk, Amber","Discover Soliel Blanc - by Tomford, a refined fragrance crafted to make a lasting impression. It opens with apple and fresh accords, develops into a smooth heart of lavender and elegant spices, then settles into a rich base of cedarwood and warm woods. Perfect for daily wear or special occasions with long-lasting appeal."
698,TOMFORD,ROSE D AMALFI-,"Lychee, Bergamot","Rose, Peony","Musk, Patchouli, Vanilla","Discover Rose D Amalfi- by Tomford, a refined fragrance crafted to make a lasting impression. It opens with lychee and fresh accords, develops into a smooth heart of rose and elegant spices, then settles into a rich base of musk and warm woods. Perfect for daily wear or special occasions with long-lasting appeal."
699,TOMFORD,MANDARINO DI AMALFI -,"Mandarin, Pear","Rose, Orange Blossom","Vanilla, Musk, Sandalwood","Discover Mandarino Di Amalfi - by Tomford, a refined fragrance crafted to make a lasting impression. It opens with mandarin and fresh accords, develops into a smooth heart of rose and elegant spices, then settles into a rich base of vanilla and warm woods. Perfect for daily wear or special occasions with long-lasting appeal."
700,TOMFORD,BLACK VIOLET -,"Mandarin, Pear","Rose, Orange Blossom","Vanilla, Musk, Sandalwood","Discover Black Violet - by Tomford, a refined fragrance crafted to make a lasting impression. It opens with mandarin and fresh accords, develops into a smooth heart of rose and elegant spices, then settles into a rich base of vanilla and warm woods. Perfect for daily wear or special occasions with long-lasting appeal."
701,TOMFORD,ROSE PRICK,"Lychee, Bergamot","Rose, Peony","Musk, Patchouli, Vanilla","Discover Rose Prick by Tomford, a refined fragrance crafted to make a lasting impression. It opens with lychee and fresh accords, develops into a smooth heart of rose and elegant spices, then settles into a rich base of musk and warm woods. Perfect for daily wear or special occasions with long-lasting appeal."
702,TOMFORD,VANILLA FATALE -,"Citrus, Pear","Jasmine, Tonka Bean","Vanilla, Amber, Sandalwood","Discover Vanilla Fatale - by Tomford, a refined fragrance crafted to make a lasting impression. It opens with citrus and fresh accords, develops into a smooth heart of jasmine and elegant spices, then settles into a rich base of vanilla and warm woods. Perfect for daily wear or special occasions with long-lasting appeal."
703,TOMFORD,BEAU DE JOUR,"Grapefruit, Mint","Lavender, Sage","Tonka Bean, Cedar, Musk","Discover Beau De Jour by Tomford, a refined fragrance crafted to make a lasting impression. It opens with grapefruit and fresh accords, develops into a smooth heart of lavender and elegant spices, then settles into a rich base of tonka bean and warm woods. Perfect for daily wear or special occasions with long-lasting appeal."
704,TOMFORD,PLUM JAPONAIS,"Lemon, Pink Pepper","Jasmine, Cardamom","Patchouli, Vetiver, Amber","Discover Plum Japonais by Tomford, a refined fragrance crafted to make a lasting impression. It opens with lemon and fresh accords, develops into a smooth heart of jasmine and elegant spices, then settles into a rich base of patchouli and warm woods. Perfect for daily wear or special occasions with long-lasting appeal."
705,TOMFORD,WHITE SUEDE,"Lemon, Pink Pepper","Jasmine, Cardamom","Patchouli, Vetiver, Amber","Discover White Suede by Tomford, a refined fragrance crafted to make a lasting impression. It opens with lemon and fresh accords, develops into a smooth heart of jasmine and elegant spices, then settles into a rich base of patchouli and warm woods. Perfect for daily wear or special occasions with long-lasting appeal."
706,TOMFORD,PATCHOLI ABSOLU,"Mandarin, Pear","Rose, Orange Blossom","Vanilla, Musk, Sandalwood","Discover Patcholi Absolu by Tomford, a refined fragrance crafted to make a lasting impression. It opens with mandarin and fresh accords, develops into a smooth heart of rose and elegant spices, then settles into a rich base of vanilla and warm woods. Perfect for daily wear or special occasions with long-lasting appeal."
707,TOMMY HILFIGER,TOMY GIRL,"Mandarin, Pear","Rose, Orange Blossom","Vanilla, Musk, Sandalwood","Discover Tomy Girl by Tommy Hilfiger, a refined fragrance crafted to make a lasting impression. It opens with mandarin and fresh accords, develops into a smooth heart of rose and elegant spices, then settles into a rich base of vanilla and warm woods. Perfect for daily wear or special occasions with long-lasting appeal."
708,UNKNOWN,STW ONLY,"Lemon, Pink Pepper","Jasmine, Cardamom","Patchouli, Vetiver, Amber","Discover Stw Only by Unknown, a refined fragrance crafted to make a lasting impression. It opens with lemon and fresh accords, develops into a smooth heart of jasmine and elegant spices, then settles into a rich base of patchouli and warm woods. Perfect for daily wear or special occasions with long-lasting appeal."
709,UNKNOWN,COFFEE CAPPUCCINO,"Apple, Bergamot","Lavender, Geranium","Cedarwood, Musk, Amber","Discover Coffee Cappuccino by Unknown, a refined fragrance crafted to make a lasting impression. It opens with apple and fresh accords, develops into a smooth heart of lavender and elegant spices, then settles into a rich base of cedarwood and warm woods. Perfect for daily wear or special occasions with long-lasting appeal."
710,VALENTINO,VALENTINO OUDH ABSOLUTE,"Saffron, Bergamot","Rose, Jasmine","Oud, Amber, Musk","Discover Valentino Oudh Absolute by Valentino, a refined fragrance crafted to make a lasting impression. It opens with saffron and fresh accords, develops into a smooth heart of rose and elegant spices, then settles into a rich base of oud and warm woods. Perfect for daily wear or special occasions with long-lasting appeal."
711,VALENTINO,UOMO,"Grapefruit, Mint","Lavender, Sage","Tonka Bean, Cedar, Musk","Discover Uomo by Valentino, a refined fragrance crafted to make a lasting impression. It opens with grapefruit and fresh accords, develops into a smooth heart of lavender and elegant spices, then settles into a rich base of tonka bean and warm woods. Perfect for daily wear or special occasions with long-lasting appeal."
712,VALENTINO,UOMO BORN IN ROMA MEN,"Mandarin, Pear","Rose, Orange Blossom","Vanilla, Musk, Sandalwood","Discover Uomo Born In Roma Men by Valentino, a refined fragrance crafted to make a lasting impression. It opens with mandarin and fresh accords, develops into a smooth heart of rose and elegant spices, then settles into a rich base of vanilla and warm woods. Perfect for daily wear or special occasions with long-lasting appeal."
713,VALENTINO,UOMO INTENSE,"Grapefruit, Pepper","Lavender, Cardamom","Amber, Vetiver, Woods","Discover Uomo Intense by Valentino, a refined fragrance crafted to make a lasting impression. It opens with grapefruit and fresh accords, develops into a smooth heart of lavender and elegant spices, then settles into a rich base of amber and warm woods. Perfect for daily wear or special occasions with long-lasting appeal."
714,VALENTINO,VALENTINO UOMO,"Lemon, Pink Pepper","Jasmine, Cardamom","Patchouli, Vetiver, Amber","Discover Valentino Uomo by Valentino, a refined fragrance crafted to make a lasting impression. It opens with lemon and fresh accords, develops into a smooth heart of jasmine and elegant spices, then settles into a rich base of patchouli and warm woods. Perfect for daily wear or special occasions with long-lasting appeal."
715,VALENTINO,"VALENTINO UOMO BORN IN ROMA
EXTRADOSE","Apple, Bergamot","Lavender, Geranium","Cedarwood, Musk, Amber","Discover Valentino Uomo Born In Roma
Extradose by Valentino, a refined fragrance crafted to make a lasting impression. It opens with apple and fresh accords, develops into a smooth heart of lavender and elegant spices, then settles into a rich base of cedarwood and warm woods. Perfect for daily wear or special occasions with long-lasting appeal."
716,VERSACE,EROS FLAME -,"Grapefruit, Mint","Lavender, Sage","Tonka Bean, Cedar, Musk","Discover Eros Flame - by Versace, a refined fragrance crafted to make a lasting impression. It opens with grapefruit and fresh accords, develops into a smooth heart of lavender and elegant spices, then settles into a rich base of tonka bean and warm woods. Perfect for daily wear or special occasions with long-lasting appeal."
717,VERSACE,BRIGHT CRYSTAL,"Grapefruit, Mint","Lavender, Sage","Tonka Bean, Cedar, Musk","Discover Bright Crystal by Versace, a refined fragrance crafted to make a lasting impression. It opens with grapefruit and fresh accords, develops into a smooth heart of lavender and elegant spices, then settles into a rich base of tonka bean and warm woods. Perfect for daily wear or special occasions with long-lasting appeal."
718,VERSACE,CRYSTAL NOIR,"Apple, Bergamot","Lavender, Geranium","Cedarwood, Musk, Amber","Discover Crystal Noir by Versace, a refined fragrance crafted to make a lasting impression. It opens with apple and fresh accords, develops into a smooth heart of lavender and elegant spices, then settles into a rich base of cedarwood and warm woods. Perfect for daily wear or special occasions with long-lasting appeal."
719,VERSACE,DYLAN BLUE MEN,"Lemon, Mint","Lavender, Geranium","Amberwood, Musk, Cedar","Discover Dylan Blue Men by Versace, a refined fragrance crafted to make a lasting impression. It opens with lemon and fresh accords, develops into a smooth heart of lavender and elegant spices, then settles into a rich base of amberwood and warm woods. Perfect for daily wear or special occasions with long-lasting appeal."
720,VERSACE,DYLAN BLUE WOMEN,"Lemon, Mint","Lavender, Geranium","Amberwood, Musk, Cedar","Discover Dylan Blue Women by Versace, a refined fragrance crafted to make a lasting impression. It opens with lemon and fresh accords, develops into a smooth heart of lavender and elegant spices, then settles into a rich base of amberwood and warm woods. Perfect for daily wear or special occasions with long-lasting appeal."
721,VERSACE,EROS WOMEN,"Mandarin, Pear","Rose, Orange Blossom","Vanilla, Musk, Sandalwood","Discover Eros Women by Versace, a refined fragrance crafted to make a lasting impression. It opens with mandarin and fresh accords, develops into a smooth heart of rose and elegant spices, then settles into a rich base of vanilla and warm woods. Perfect for daily wear or special occasions with long-lasting appeal."
722,VERSACE,EROS,"Apple, Bergamot","Lavender, Geranium","Cedarwood, Musk, Amber","Discover Eros by Versace, a refined fragrance crafted to make a lasting impression. It opens with apple and fresh accords, develops into a smooth heart of lavender and elegant spices, then settles into a rich base of cedarwood and warm woods. Perfect for daily wear or special occasions with long-lasting appeal."
723,VERSACE,EAU FRACHIE,"Grapefruit, Mint","Lavender, Sage","Tonka Bean, Cedar, Musk","Discover Eau Frachie by Versace, a refined fragrance crafted to make a lasting impression. It opens with grapefruit and fresh accords, develops into a smooth heart of lavender and elegant spices, then settles into a rich base of tonka bean and warm woods. Perfect for daily wear or special occasions with long-lasting appeal."
724,VERSACE,OUDH NOIR,"Saffron, Bergamot","Rose, Jasmine","Oud, Amber, Musk","Discover Oudh Noir by Versace, a refined fragrance crafted to make a lasting impression. It opens with saffron and fresh accords, develops into a smooth heart of rose and elegant spices, then settles into a rich base of oud and warm woods. Perfect for daily wear or special occasions with long-lasting appeal."
725,VERSACE,VANITAS,"Apple, Bergamot","Lavender, Geranium","Cedarwood, Musk, Amber","Discover Vanitas by Versace, a refined fragrance crafted to make a lasting impression. It opens with apple and fresh accords, develops into a smooth heart of lavender and elegant spices, then settles into a rich base of cedarwood and warm woods. Perfect for daily wear or special occasions with long-lasting appeal."
726,VICTOR & ROLF,FLOWERBOMB,"Mandarin, Pear","Rose, Orange Blossom","Vanilla, Musk, Sandalwood","Discover Flowerbomb by Victor & Rolf, a refined fragrance crafted to make a lasting impression. It opens with mandarin and fresh accords, develops into a smooth heart of rose and elegant spices, then settles into a rich base of vanilla and warm woods. Perfect for daily wear or special occasions with long-lasting appeal."
727,VICTOR & ROLF,SPICEBOMB,"Grapefruit, Mint","Lavender, Sage","Tonka Bean, Cedar, Musk","Discover Spicebomb by Victor & Rolf, a refined fragrance crafted to make a lasting impression. It opens with grapefruit and fresh accords, develops into a smooth heart of lavender and elegant spices, then settles into a rich base of tonka bean and warm woods. Perfect for daily wear or special occasions with long-lasting appeal."
728,VICTOR & ROLF,SPICEBOMB EXTREME,"Lemon, Pink Pepper","Jasmine, Cardamom","Patchouli, Vetiver, Amber","Discover Spicebomb Extreme by Victor & Rolf, a refined fragrance crafted to make a lasting impression. It opens with lemon and fresh accords, develops into a smooth heart of jasmine and elegant spices, then settles into a rich base of patchouli and warm woods. Perfect for daily wear or special occasions with long-lasting appeal."
729,VICTORIA'S SECRET,AMBER ROMANCE,"Apple, Bergamot","Lavender, Geranium","Cedarwood, Musk, Amber","Discover Amber Romance by Victoria'S Secret, a refined fragrance crafted to make a lasting impression. It opens with apple and fresh accords, develops into a smooth heart of lavender and elegant spices, then settles into a rich base of cedarwood and warm woods. Perfect for daily wear or special occasions with long-lasting appeal."
730,VICTORIA'S SECRET,BOMBSHELL,"Apple, Bergamot","Lavender, Geranium","Cedarwood, Musk, Amber","Discover Bombshell by Victoria'S Secret, a refined fragrance crafted to make a lasting impression. It opens with apple and fresh accords, develops into a smooth heart of lavender and elegant spices, then settles into a rich base of cedarwood and warm woods. Perfect for daily wear or special occasions with long-lasting appeal."
731,VICTORIA'S SECRET,BOMBSHELL BEACH,"Grapefruit, Mint","Lavender, Sage","Tonka Bean, Cedar, Musk","Discover Bombshell Beach by Victoria'S Secret, a refined fragrance crafted to make a lasting impression. It opens with grapefruit and fresh accords, develops into a smooth heart of lavender and elegant spices, then settles into a rich base of tonka bean and warm woods. Perfect for daily wear or special occasions with long-lasting appeal."
732,VICTORIA'S SECRET,PEAR GLACE,"Apple, Bergamot","Lavender, Geranium","Cedarwood, Musk, Amber","Discover Pear Glace by Victoria'S Secret, a refined fragrance crafted to make a lasting impression. It opens with apple and fresh accords, develops into a smooth heart of lavender and elegant spices, then settles into a rich base of cedarwood and warm woods. Perfect for daily wear or special occasions with long-lasting appeal."
733,VICTORIA'S SECRET,LOVE SPELL,"Grapefruit, Mint","Lavender, Sage","Tonka Bean, Cedar, Musk","Discover Love Spell by Victoria'S Secret, a refined fragrance crafted to make a lasting impression. It opens with grapefruit and fresh accords, develops into a smooth heart of lavender and elegant spices, then settles into a rich base of tonka bean and warm woods. Perfect for daily wear or special occasions with long-lasting appeal."
734,VICTORIA'S SECRET,BOMBSHELL OUD,"Saffron, Bergamot","Rose, Jasmine","Oud, Amber, Musk","Discover Bombshell Oud by Victoria'S Secret, a refined fragrance crafted to make a lasting impression. It opens with saffron and fresh accords, develops into a smooth heart of rose and elegant spices, then settles into a rich base of oud and warm woods. Perfect for daily wear or special occasions with long-lasting appeal."
735,VICTORIA'S SECRET,BOMBSHELL WILD FLOWER,"Lemon, Pink Pepper","Jasmine, Cardamom","Patchouli, Vetiver, Amber","Discover Bombshell Wild Flower by Victoria'S Secret, a refined fragrance crafted to make a lasting impression. It opens with lemon and fresh accords, develops into a smooth heart of jasmine and elegant spices, then settles into a rich base of patchouli and warm woods. Perfect for daily wear or special occasions with long-lasting appeal."
736,VICTORIA'S SECRET,PURE SEDUCTION,"Lemon, Pink Pepper","Jasmine, Cardamom","Patchouli, Vetiver, Amber","Discover Pure Seduction by Victoria'S Secret, a refined fragrance crafted to make a lasting impression. It opens with lemon and fresh accords, develops into a smooth heart of jasmine and elegant spices, then settles into a rich base of patchouli and warm woods. Perfect for daily wear or special occasions with long-lasting appeal."
737,VICTORIA'S SECRET,SHEER LOVE,"Apple, Bergamot","Lavender, Geranium","Cedarwood, Musk, Amber","Discover Sheer Love by Victoria'S Secret, a refined fragrance crafted to make a lasting impression. It opens with apple and fresh accords, develops into a smooth heart of lavender and elegant spices, then settles into a rich base of cedarwood and warm woods. Perfect for daily wear or special occasions with long-lasting appeal."
738,VILHELM PARFUMERIE,DEAR POLLY,"Grapefruit, Mint","Lavender, Sage","Tonka Bean, Cedar, Musk","Discover Dear Polly by Vilhelm Parfumerie, a refined fragrance crafted to make a lasting impression. It opens with grapefruit and fresh accords, develops into a smooth heart of lavender and elegant spices, then settles into a rich base of tonka bean and warm woods. Perfect for daily wear or special occasions with long-lasting appeal."
739,VILHELM PARFUMERIE,MANGO SKIN,"Grapefruit, Mint","Lavender, Sage","Tonka Bean, Cedar, Musk","Discover Mango Skin by Vilhelm Parfumerie, a refined fragrance crafted to make a lasting impression. It opens with grapefruit and fresh accords, develops into a smooth heart of lavender and elegant spices, then settles into a rich base of tonka bean and warm woods. Perfect for daily wear or special occasions with long-lasting appeal."
740,VILHELM PARFUMERIE,FACES OF FRANCIS,"Grapefruit, Mint","Lavender, Sage","Tonka Bean, Cedar, Musk","Discover Faces Of Francis by Vilhelm Parfumerie, a refined fragrance crafted to make a lasting impression. It opens with grapefruit and fresh accords, develops into a smooth heart of lavender and elegant spices, then settles into a rich base of tonka bean and warm woods. Perfect for daily wear or special occasions with long-lasting appeal."
741,XERJOFF,ITALICA,"Mandarin, Pear","Rose, Orange Blossom","Vanilla, Musk, Sandalwood","Discover Italica by Xerjoff, a refined fragrance crafted to make a lasting impression. It opens with mandarin and fresh accords, develops into a smooth heart of rose and elegant spices, then settles into a rich base of vanilla and warm woods. Perfect for daily wear or special occasions with long-lasting appeal."
742,XERJOFF,LA TOSCA CASAMORATI,"Lemon, Pink Pepper","Jasmine, Cardamom","Patchouli, Vetiver, Amber","Discover La Tosca Casamorati by Xerjoff, a refined fragrance crafted to make a lasting impression. It opens with lemon and fresh accords, develops into a smooth heart of jasmine and elegant spices, then settles into a rich base of patchouli and warm woods. Perfect for daily wear or special occasions with long-lasting appeal."
743,XERJOFF,AMBERSTAR,"Mandarin, Pear","Rose, Orange Blossom","Vanilla, Musk, Sandalwood","Discover Amberstar by Xerjoff, a refined fragrance crafted to make a lasting impression. It opens with mandarin and fresh accords, develops into a smooth heart of rose and elegant spices, then settles into a rich base of vanilla and warm woods. Perfect for daily wear or special occasions with long-lasting appeal."
744,XERJOFF,ALEXANDRIA III,"Apple, Bergamot","Lavender, Geranium","Cedarwood, Musk, Amber","Discover Alexandria Iii by Xerjoff, a refined fragrance crafted to make a lasting impression. It opens with apple and fresh accords, develops into a smooth heart of lavender and elegant spices, then settles into a rich base of cedarwood and warm woods. Perfect for daily wear or special occasions with long-lasting appeal."
745,XERJOFF,ALEXANDRIA II,"Lemon, Pink Pepper","Jasmine, Cardamom","Patchouli, Vetiver, Amber","Discover Alexandria Ii by Xerjoff, a refined fragrance crafted to make a lasting impression. It opens with lemon and fresh accords, develops into a smooth heart of jasmine and elegant spices, then settles into a rich base of patchouli and warm woods. Perfect for daily wear or special occasions with long-lasting appeal."
746,XERJOFF,LA TOSCA CASAMORATI -,"Lemon, Pink Pepper","Jasmine, Cardamom","Patchouli, Vetiver, Amber","Discover La Tosca Casamorati - by Xerjoff, a refined fragrance crafted to make a lasting impression. It opens with lemon and fresh accords, develops into a smooth heart of jasmine and elegant spices, then settles into a rich base of patchouli and warm woods. Perfect for daily wear or special occasions with long-lasting appeal."
747,XERJOFF,MAFISTO,"Grapefruit, Mint","Lavender, Sage","Tonka Bean, Cedar, Musk","Discover Mafisto by Xerjoff, a refined fragrance crafted to make a lasting impression. It opens with grapefruit and fresh accords, develops into a smooth heart of lavender and elegant spices, then settles into a rich base of tonka bean and warm woods. Perfect for daily wear or special occasions with long-lasting appeal."
748,XERJOFF,40KNOTS,"Mandarin, Pear","Rose, Orange Blossom","Vanilla, Musk, Sandalwood","Discover 40Knots by Xerjoff, a refined fragrance crafted to make a lasting impression. It opens with mandarin and fresh accords, develops into a smooth heart of rose and elegant spices, then settles into a rich base of vanilla and warm woods. Perfect for daily wear or special occasions with long-lasting appeal."
749,XERJOFF,ACCENTO,"Grapefruit, Mint","Lavender, Sage","Tonka Bean, Cedar, Musk","Discover Accento by Xerjoff, a refined fragrance crafted to make a lasting impression. It opens with grapefruit and fresh accords, develops into a smooth heart of lavender and elegant spices, then settles into a rich base of tonka bean and warm woods. Perfect for daily wear or special occasions with long-lasting appeal."
750,XERJOFF,MEFISTO,"Apple, Bergamot","Lavender, Geranium","Cedarwood, Musk, Amber","Discover Mefisto by Xerjoff, a refined fragrance crafted to make a lasting impression. It opens with apple and fresh accords, develops into a smooth heart of lavender and elegant spices, then settles into a rich base of cedarwood and warm woods. Perfect for daily wear or special occasions with long-lasting appeal."
751,XERJOFF,NAXOS,"Lemon, Pink Pepper","Jasmine, Cardamom","Patchouli, Vetiver, Amber","Discover Naxos by Xerjoff, a refined fragrance crafted to make a lasting impression. It opens with lemon and fresh accords, develops into a smooth heart of jasmine and elegant spices, then settles into a rich base of patchouli and warm woods. Perfect for daily wear or special occasions with long-lasting appeal."
752,XERJOFF,ACCENTO OVERDOSE,"Apple, Bergamot","Lavender, Geranium","Cedarwood, Musk, Amber","Discover Accento Overdose by Xerjoff, a refined fragrance crafted to make a lasting impression. It opens with apple and fresh accords, develops into a smooth heart of lavender and elegant spices, then settles into a rich base of cedarwood and warm woods. Perfect for daily wear or special occasions with long-lasting appeal."
753,YSL,YSL BLACK OPIUM W,"Apple, Bergamot","Lavender, Geranium","Cedarwood, Musk, Amber","Discover Ysl Black Opium W by Ysl, a refined fragrance crafted to make a lasting impression. It opens with apple and fresh accords, develops into a smooth heart of lavender and elegant spices, then settles into a rich base of cedarwood and warm woods. Perfect for daily wear or special occasions with long-lasting appeal."
754,YSL,BLACK OPIUM W,"Mandarin, Pear","Rose, Orange Blossom","Vanilla, Musk, Sandalwood","Discover Black Opium W by Ysl, a refined fragrance crafted to make a lasting impression. It opens with mandarin and fresh accords, develops into a smooth heart of rose and elegant spices, then settles into a rich base of vanilla and warm woods. Perfect for daily wear or special occasions with long-lasting appeal."
755,YSL,LA NUIT,"Apple, Bergamot","Lavender, Geranium","Cedarwood, Musk, Amber","Discover La Nuit by Ysl, a refined fragrance crafted to make a lasting impression. It opens with apple and fresh accords, develops into a smooth heart of lavender and elegant spices, then settles into a rich base of cedarwood and warm woods. Perfect for daily wear or special occasions with long-lasting appeal."
756,YSL,LA NUIT BLEU ELETRIQUE,"Grapefruit, Mint","Lavender, Sage","Tonka Bean, Cedar, Musk","Discover La Nuit Bleu Eletrique by Ysl, a refined fragrance crafted to make a lasting impression. It opens with grapefruit and fresh accords, develops into a smooth heart of lavender and elegant spices, then settles into a rich base of tonka bean and warm woods. Perfect for daily wear or special occasions with long-lasting appeal."
757,YSL,TUXEDO,"Mandarin, Pear","Rose, Orange Blossom","Vanilla, Musk, Sandalwood","Discover Tuxedo by Ysl, a refined fragrance crafted to make a lasting impression. It opens with mandarin and fresh accords, develops into a smooth heart of rose and elegant spices, then settles into a rich base of vanilla and warm woods. Perfect for daily wear or special occasions with long-lasting appeal."
758,YSL,KOURUS SILVER,"Bergamot, Lemon","Iris, Violet","Musk, Cedar, Amber","Discover Kourus Silver by Ysl, a refined fragrance crafted to make a lasting impression. It opens with bergamot and fresh accords, develops into a smooth heart of iris and elegant spices, then settles into a rich base of musk and warm woods. Perfect for daily wear or special occasions with long-lasting appeal."
759,YSL,KOURUS BLACK,"Mandarin, Pear","Rose, Orange Blossom","Vanilla, Musk, Sandalwood","Discover Kourus Black by Ysl, a refined fragrance crafted to make a lasting impression. It opens with mandarin and fresh accords, develops into a smooth heart of rose and elegant spices, then settles into a rich base of vanilla and warm woods. Perfect for daily wear or special occasions with long-lasting appeal."
760,YSL,OPIUM W,"Grapefruit, Mint","Lavender, Sage","Tonka Bean, Cedar, Musk","Discover Opium W by Ysl, a refined fragrance crafted to make a lasting impression. It opens with grapefruit and fresh accords, develops into a smooth heart of lavender and elegant spices, then settles into a rich base of tonka bean and warm woods. Perfect for daily wear or special occasions with long-lasting appeal."
761,YSL,PARIS,"Lemon, Pink Pepper","Jasmine, Cardamom","Patchouli, Vetiver, Amber","Discover Paris by Ysl, a refined fragrance crafted to make a lasting impression. It opens with lemon and fresh accords, develops into a smooth heart of jasmine and elegant spices, then settles into a rich base of patchouli and warm woods. Perfect for daily wear or special occasions with long-lasting appeal."
762,YSL,Y EDP BLACK,"Apple, Bergamot","Lavender, Geranium","Cedarwood, Musk, Amber","Discover Y Edp Black by Ysl, a refined fragrance crafted to make a lasting impression. It opens with apple and fresh accords, develops into a smooth heart of lavender and elegant spices, then settles into a rich base of cedarwood and warm woods. Perfect for daily wear or special occasions with long-lasting appeal."
763,YSL,LIBRE -,"Apple, Bergamot","Lavender, Geranium","Cedarwood, Musk, Amber","Discover Libre - by Ysl, a refined fragrance crafted to make a lasting impression. It opens with apple and fresh accords, develops into a smooth heart of lavender and elegant spices, then settles into a rich base of cedarwood and warm woods. Perfect for daily wear or special occasions with long-lasting appeal."
764,YSL,LIBRE VANILLE COUTURE,"Apple, Bergamot","Lavender, Geranium","Cedarwood, Musk, Amber","Discover Libre Vanille Couture by Ysl, a refined fragrance crafted to make a lasting impression. It opens with apple and fresh accords, develops into a smooth heart of lavender and elegant spices, then settles into a rich base of cedarwood and warm woods. Perfect for daily wear or special occasions with long-lasting appeal."
765,ZARA,ORCHID,"Apple, Bergamot","Lavender, Geranium","Cedarwood, Musk, Amber","Discover Orchid by Zara, a refined fragrance crafted to make a lasting impression. It opens with apple and fresh accords, develops into a smooth heart of lavender and elegant spices, then settles into a rich base of cedarwood and warm woods. Perfect for daily wear or special occasions with long-lasting appeal."
766,ZARA,VIOLET BLOSSOM,"Grapefruit, Mint","Lavender, Sage","Tonka Bean, Cedar, Musk","Discover Violet Blossom by Zara, a refined fragrance crafted to make a lasting impression. It opens with grapefruit and fresh accords, develops into a smooth heart of lavender and elegant spices, then settles into a rich base of tonka bean and warm woods. Perfect for daily wear or special occasions with long-lasting appeal."
767,ZARA,ROSE EDP,"Lychee, Bergamot","Rose, Peony","Musk, Patchouli, Vanilla","Discover Rose Edp by Zara, a refined fragrance crafted to make a lasting impression. It opens with lychee and fresh accords, develops into a smooth heart of rose and elegant spices, then settles into a rich base of musk and warm woods. Perfect for daily wear or special occasions with long-lasting appeal."
768,ZARA,RED TEMPTATION,"Mandarin, Pear","Rose, Orange Blossom","Vanilla, Musk, Sandalwood","Discover Red Temptation by Zara, a refined fragrance crafted to make a lasting impression. It opens with mandarin and fresh accords, develops into a smooth heart of rose and elegant spices, then settles into a rich base of vanilla and warm woods. Perfect for daily wear or special occasions with long-lasting appeal."
769,ZARA,RED VANILLA,"Citrus, Pear","Jasmine, Tonka Bean","Vanilla, Amber, Sandalwood","Discover Red Vanilla by Zara, a refined fragrance crafted to make a lasting impression. It opens with citrus and fresh accords, develops into a smooth heart of jasmine and elegant spices, then settles into a rich base of vanilla and warm woods. Perfect for daily wear or special occasions with long-lasting appeal."
770,ZARA,DEEP GARDEN,"Grapefruit, Mint","Lavender, Sage","Tonka Bean, Cedar, Musk","Discover Deep Garden by Zara, a refined fragrance crafted to make a lasting impression. It opens with grapefruit and fresh accords, develops into a smooth heart of lavender and elegant spices, then settles into a rich base of tonka bean and warm woods. Perfect for daily wear or special occasions with long-lasting appeal."
771,ZARA,GARDENIA,"Lemon, Pink Pepper","Jasmine, Cardamom","Patchouli, Vetiver, Amber","Discover Gardenia by Zara, a refined fragrance crafted to make a lasting impression. It opens with lemon and fresh accords, develops into a smooth heart of jasmine and elegant spices, then settles into a rich base of patchouli and warm woods. Perfect for daily wear or special occasions with long-lasting appeal."
772,ZARA,SUBLIME EUROPE,"Lemon, Pink Pepper","Jasmine, Cardamom","Patchouli, Vetiver, Amber","Discover Sublime Europe by Zara, a refined fragrance crafted to make a lasting impression. It opens with lemon and fresh accords, develops into a smooth heart of jasmine and elegant spices, then settles into a rich base of patchouli and warm woods. Perfect for daily wear or special occasions with long-lasting appeal."
773,ZARA,MEN SILVER,"Bergamot, Lemon","Iris, Violet","Musk, Cedar, Amber","Discover Men Silver by Zara, a refined fragrance crafted to make a lasting impression. It opens with bergamot and fresh accords, develops into a smooth heart of iris and elegant spices, then settles into a rich base of musk and warm woods. Perfect for daily wear or special occasions with long-lasting appeal."
774,ZARA,MAN GOLD,"Mandarin, Saffron","Rose, Cinnamon","Amber, Vanilla, Oud","Discover Man Gold by Zara, a refined fragrance crafted to make a lasting impression. It opens with mandarin and fresh accords, develops into a smooth heart of rose and elegant spices, then settles into a rich base of amber and warm woods. Perfect for daily wear or special occasions with long-lasting appeal."
775,ZARA,MAN UOMO,"Mandarin, Pear","Rose, Orange Blossom","Vanilla, Musk, Sandalwood","Discover Man Uomo by Zara, a refined fragrance crafted to make a lasting impression. It opens with mandarin and fresh accords, develops into a smooth heart of rose and elegant spices, then settles into a rich base of vanilla and warm woods. Perfect for daily wear or special occasions with long-lasting appeal."
776,ZARA,9.O,"Apple, Bergamot","Lavender, Geranium","Cedarwood, Musk, Amber","Discover 9.O by Zara, a refined fragrance crafted to make a lasting impression. It opens with apple and fresh accords, develops into a smooth heart of lavender and elegant spices, then settles into a rich base of cedarwood and warm woods. Perfect for daily wear or special occasions with long-lasting appeal."
777,ZARA,VIBRANT LEATHER,"Mandarin, Pear","Rose, Orange Blossom","Vanilla, Musk, Sandalwood","Discover Vibrant Leather by Zara, a refined fragrance crafted to make a lasting impression. It opens with mandarin and fresh accords, develops into a smooth heart of rose and elegant spices, then settles into a rich base of vanilla and warm woods. Perfect for daily wear or special occasions with long-lasting appeal."
778,ZARA,SEOUL,"Lemon, Pink Pepper","Jasmine, Cardamom","Patchouli, Vetiver, Amber","Discover Seoul by Zara, a refined fragrance crafted to make a lasting impression. It opens with lemon and fresh accords, develops into a smooth heart of jasmine and elegant spices, then settles into a rich base of patchouli and warm woods. Perfect for daily wear or special occasions with long-lasting appeal."
779,ZARA,LISBOA,"Grapefruit, Mint","Lavender, Sage","Tonka Bean, Cedar, Musk","Discover Lisboa by Zara, a refined fragrance crafted to make a lasting impression. It opens with grapefruit and fresh accords, develops into a smooth heart of lavender and elegant spices, then settles into a rich base of tonka bean and warm woods. Perfect for daily wear or special occasions with long-lasting appeal."
780,ZARA,NIGHT POUR HOMME V,"Apple, Bergamot","Cinnamon, Lavender","Vanilla, Tonka Bean, Amber","Discover Night Pour Homme V by Zara, a refined fragrance crafted to make a lasting impression. It opens with apple and fresh accords, develops into a smooth heart of cinnamon and elegant spices, then settles into a rich base of vanilla and warm woods. Perfect for daily wear or special occasions with long-lasting appeal."
781,ZARA,APPLE JUICE,"Grapefruit, Mint","Lavender, Sage","Tonka Bean, Cedar, Musk","Discover Apple Juice by Zara, a refined fragrance crafted to make a lasting impression. It opens with grapefruit and fresh accords, develops into a smooth heart of lavender and elegant spices, then settles into a rich base of tonka bean and warm woods. Perfect for daily wear or special occasions with long-lasting appeal."
782,ZARA,NIGHT POUR HOMME II,"Apple, Bergamot","Cinnamon, Lavender","Vanilla, Tonka Bean, Amber","Discover Night Pour Homme Ii by Zara, a refined fragrance crafted to make a lasting impression. It opens with apple and fresh accords, develops into a smooth heart of cinnamon and elegant spices, then settles into a rich base of vanilla and warm woods. Perfect for daily wear or special occasions with long-lasting appeal."
783,ZARA,NAVY BLACK,"Lemon, Pink Pepper","Jasmine, Cardamom","Patchouli, Vetiver, Amber","Discover Navy Black by Zara, a refined fragrance crafted to make a lasting impression. It opens with lemon and fresh accords, develops into a smooth heart of jasmine and elegant spices, then settles into a rich base of patchouli and warm woods. Perfect for daily wear or special occasions with long-lasting appeal."
784,ZARA,8.O,"Grapefruit, Mint","Lavender, Sage","Tonka Bean, Cedar, Musk","Discover 8.O by Zara, a refined fragrance crafted to make a lasting impression. It opens with grapefruit and fresh accords, develops into a smooth heart of lavender and elegant spices, then settles into a rich base of tonka bean and warm woods. Perfect for daily wear or special occasions with long-lasting appeal."
785,ZARA,TOBACCO INTENSE DARK,"Grapefruit, Pepper","Lavender, Cardamom","Amber, Vetiver, Woods","Discover Tobacco Intense Dark by Zara, a refined fragrance crafted to make a lasting impression. It opens with grapefruit and fresh accords, develops into a smooth heart of lavender and elegant spices, then settles into a rich base of amber and warm woods. Perfect for daily wear or special occasions with long-lasting appeal."
786,ZARA,CHERRY SMOOTHIE,"Mandarin, Pear","Rose, Orange Blossom","Vanilla, Musk, Sandalwood","Discover Cherry Smoothie by Zara, a refined fragrance crafted to make a lasting impression. It opens with mandarin and fresh accords, develops into a smooth heart of rose and elegant spices, then settles into a rich base of vanilla and warm woods. Perfect for daily wear or special occasions with long-lasting appeal."
787,ZARA,MARSHMELLOW CANDY,"Mandarin, Pear","Rose, Orange Blossom","Vanilla, Musk, Sandalwood","Discover Marshmellow Candy by Zara, a refined fragrance crafted to make a lasting impression. It opens with mandarin and fresh accords, develops into a smooth heart of rose and elegant spices, then settles into a rich base of vanilla and warm woods. Perfect for daily wear or special occasions with long-lasting appeal."
788,ZOOLOGIST,BAT,"Apple, Bergamot","Lavender, Geranium","Cedarwood, Musk, Amber","Discover Bat by Zoologist, a refined fragrance crafted to make a lasting impression. It opens with apple and fresh accords, develops into a smooth heart of lavender and elegant spices, then settles into a rich base of cedarwood and warm woods. Perfect for daily wear or special occasions with long-lasting appeal."
789,ZOOLOGIST,BEE,"Lemon, Pink Pepper","Jasmine, Cardamom","Patchouli, Vetiver, Amber","Discover Bee by Zoologist, a refined fragrance crafted to make a lasting impression. It opens with lemon and fresh accords, develops into a smooth heart of jasmine and elegant spices, then settles into a rich base of patchouli and warm woods. Perfect for daily wear or special occasions with long-lasting appeal."
790,ZOOLOGIST,MACAQUE,"Grapefruit, Mint","Lavender, Sage","Tonka Bean, Cedar, Musk","Discover Macaque by Zoologist, a refined fragrance crafted to make a lasting impression. It opens with grapefruit and fresh accords, develops into a smooth heart of lavender and elegant spices, then settles into a rich base of tonka bean and warm woods. Perfect for daily wear or special occasions with long-lasting appeal."
791,ZOOLOGIST,RABBIT,"Mandarin, Pear","Rose, Orange Blossom","Vanilla, Musk, Sandalwood","Discover Rabbit by Zoologist, a refined fragrance crafted to make a lasting impression. It opens with mandarin and fresh accords, develops into a smooth heart of rose and elegant spices, then settles into a rich base of vanilla and warm woods. Perfect for daily wear or special occasions with long-lasting appeal."
