SL NO,BRANDS,PRODUCTS,TOP NOTE,MIDDLE NOTE,BASE NOTE,DESCRIPTION,OCCASION
1,ABDUL SAMAD AL QURASHI,SAFARI EXTREME,"Bergamot, Saffron, Pink Pepper","Rose, Leather, Patchouli","Oud, Amber, Musk","Safari Extreme by Abdul Samad Al Qurashi is a captivating fragrance that opens with bergamot, saffron, creating a fresh and inviting first impression. The heart reveals rose, leather, adding depth and sophistication, while the base of oud, amber leaves a smooth and long-lasting trail. An ideal scent for both everyday elegance and special occasions.",Date Night / Evening
2,ABDUL SAMAD AL QURASHI,MUSK AL AROOS,"Aldehydes, Citrus, Bergamot","White Florals, Rose, Powdery Notes","Musk, Sandalwood, Amber","Musk Al Aroos by Abdul Samad Al Qurashi is a captivating fragrance that opens with aldehydes, citrus, creating a fresh and inviting first impression. The heart reveals white florals, rose, adding depth and sophistication, while the base of musk, sandalwood leaves a smooth and long-lasting trail. An ideal scent for both everyday elegance and special occasions.",Office / Daily
3,ABDUL SAMAD AL QURASHI,SAFARI,"Citrus, Green Notes, Mandarin","Floral Notes, Spices, Rose","Oud, Amber, Musk","Safari by Abdul Samad Al Qurashi is a captivating fragrance that opens with citrus, green notes, creating a fresh and inviting first impression. The heart reveals floral notes, spices, adding depth and sophistication, while the base of oud, amber leaves a smooth and long-lasting trail. An ideal scent for both everyday elegance and special occasions.",Date Night / Evening
4,ABERCROMBIE & FITCH,FIERCE,"Lemon, Orange, Fir","Jasmine, Rosemary, Rose","Musk, Oakmoss, Vetiver","Fierce by Abercrombie & Fitch is a captivating fragrance that opens with lemon, orange, creating a fresh and inviting first impression. The heart reveals jasmine, rosemary, adding depth and sophistication, while the base of musk, oakmoss leaves a smooth and long-lasting trail. An ideal scent for both everyday elegance and special occasions.",Formal / Special Occasions
5,AFNAN,9 PM ELIXIR,"Apple, Cinnamon, Bergamot","Lavender, Orange Blossom, Plum","Vanilla, Tonka Bean, Amber","9 Pm Elixir by Afnan is a captivating fragrance that opens with apple, cinnamon, creating a fresh and inviting first impression. The heart reveals lavender, orange blossom, adding depth and sophistication, while the base of vanilla, tonka bean leaves a smooth and long-lasting trail. An ideal scent for both everyday elegance and special occasions.",Date Night / Evening
6,AFNAN,TURATHI BLUE ELECTRIC,"Grapefruit, Citrus, Bergamot","Ginger, Lavender, Pepper","Amber, Musk, Vetiver","Turathi Blue Electric by Afnan is a captivating fragrance that opens with grapefruit, citrus, creating a fresh and inviting first impression. The heart reveals ginger, lavender, adding depth and sophistication, while the base of amber, musk leaves a smooth and long-lasting trail. An ideal scent for both everyday elegance and special occasions.",Gym / Casual
7,AHMED AL MAGHRIBI,SUMMER OUD,"Citrus, Saffron, Bergamot","Rose, Oud, Jasmine","Amber, Musk, Woods","Summer Oud by Ahmed Al Maghribi is a captivating fragrance that opens with citrus, saffron, creating a fresh and inviting first impression. The heart reveals rose, oud, adding depth and sophistication, while the base of amber, musk leaves a smooth and long-lasting trail. An ideal scent for both everyday elegance and special occasions.",Date Night / Evening
8,AHMED AL MAGHRIBI,KAAF,"Marine Notes, Citrus, Mint","Lavender, Spices, Geranium","Musk, Amber, Woods","Kaaf by Ahmed Al Maghribi is a captivating fragrance that opens with marine notes, citrus, creating a fresh and inviting first impression. The heart reveals lavender, spices, adding depth and sophistication, while the base of musk, amber leaves a smooth and long-lasting trail. An ideal scent for both everyday elegance and special occasions.",Date Night / Evening
9,AHMED AL MAGHRIBI,BIN SHAIKH,"Saffron, Rose, Spices","Oud, Amber, Floral","Musk, Vanilla, Resin","Bin Shaikh by Ahmed Al Maghribi is a captivating fragrance that opens with saffron, rose, creating a fresh and inviting first impression. The heart reveals oud, amber, adding depth and sophistication, while the base of musk, vanilla leaves a smooth and long-lasting trail. An ideal scent for both everyday elegance and special occasions.",Office / Daily
10,AHMED AL MAGHRIBI,AHL,"Fruity Notes, Citrus, Saffron","Floral Notes, Rose, Jasmine","Musk, Sandalwood, Vanilla","Ahl by Ahmed Al Maghribi is a captivating fragrance that opens with fruity notes, citrus, creating a fresh and inviting first impression. The heart reveals floral notes, rose, adding depth and sophistication, while the base of musk, sandalwood leaves a smooth and long-lasting trail. An ideal scent for both everyday elegance and special occasions.",Office / Daily
11,AHMED AL MAGHRIBI,ASWAD,"Spices, Saffron, Citrus","Oud, Rose, Patchouli","Amber, Leather, Musk","Aswad by Ahmed Al Maghribi is a captivating fragrance that opens with spices, saffron, creating a fresh and inviting first impression. The heart reveals oud, rose, adding depth and sophistication, while the base of amber, leather leaves a smooth and long-lasting trail. An ideal scent for both everyday elegance and special occasions.",Formal / Special Occasions
12,AHMED AL MAGHRIBl,MARJ,"Citrus, Green Notes, Fruity","Floral Notes, Rose, Jasmine","Musk, Amber, Woods","Marj by Ahmed Al Maghribl is a captivating fragrance that opens with citrus, green notes, creating a fresh and inviting first impression. The heart reveals floral notes, rose, adding depth and sophistication, while the base of musk, amber leaves a smooth and long-lasting trail. An ideal scent for both everyday elegance and special occasions.",Office / Daily
13,AJMAL,WISAL LAYL.,"Fruity Notes, Citrus, Apple","Rose, Jasmine, Spices","Musk, Amber, Sandalwood","Wisal Layl. by Ajmal is a captivating fragrance that opens with fruity notes, citrus, creating a fresh and inviting first impression. The heart reveals rose, jasmine, adding depth and sophistication, while the base of musk, amber leaves a smooth and long-lasting trail. An ideal scent for both everyday elegance and special occasions.",Office / Daily
14,AJMAL,MUKHALLAT KUWAITI,"Saffron, Rose, Fruity","Oud, Amber, Floral","Musk, Sandalwood, Resin","Mukhallat Kuwaiti by Ajmal is a captivating fragrance that opens with saffron, rose, creating a fresh and inviting first impression. The heart reveals oud, amber, adding depth and sophistication, while the base of musk, sandalwood leaves a smooth and long-lasting trail. An ideal scent for both everyday elegance and special occasions.",Office / Daily
15,AJMAL,DEHNAL OUDH SHAMS -,"Smoky Notes, Spices, Resin","Oud, Leather, Woods","Amber, Musk, Animalic","Dehnal Oudh Shams - by Ajmal is a captivating fragrance that opens with smoky notes, spices, creating a fresh and inviting first impression. The heart reveals oud, leather, adding depth and sophistication, while the base of amber, musk leaves a smooth and long-lasting trail. An ideal scent for both everyday elegance and special occasions.",Date Night / Evening
16,AJMAL,OUD DESIRE,"Saffron, Citrus, Spices","Oud, Rose, Jasmine","Amber, Musk, Vanilla","Oud Desire by Ajmal is a captivating fragrance that opens with saffron, citrus, creating a fresh and inviting first impression. The heart reveals oud, rose, adding depth and sophistication, while the base of amber, musk leaves a smooth and long-lasting trail. An ideal scent for both everyday elegance and special occasions.",Date Night / Evening
17,AJMAL,BLU,"Bergamot, Lavender, Lemon","Aquatic Notes, Jasmine, Spices","Musk, Sandalwood, Amber","Blu by Ajmal is a captivating fragrance that opens with bergamot, lavender, creating a fresh and inviting first impression. The heart reveals aquatic notes, jasmine, adding depth and sophistication, while the base of musk, sandalwood leaves a smooth and long-lasting trail. An ideal scent for both everyday elegance and special occasions.",Office / Daily
18,AJMAL,AURUM,"Raspberry, Citrus, Lemon","Floral Notes, Jasmine, Orange Blossom","Amber, Musk, Vanilla","Aurum by Ajmal is a captivating fragrance that opens with raspberry, citrus, creating a fresh and inviting first impression. The heart reveals floral notes, jasmine, adding depth and sophistication, while the base of amber, musk leaves a smooth and long-lasting trail. An ideal scent for both everyday elegance and special occasions.",Office / Daily
19,AJMAL,HATKORA WOOD,"Lemon, Grapefruit, Citrus","Spices, Ginger, Pepper","Vetiver, Woods, Amber","Hatkora Wood by Ajmal is a captivating fragrance that opens with lemon, grapefruit, creating a fresh and inviting first impression. The heart reveals spices, ginger, adding depth and sophistication, while the base of vetiver, woods leaves a smooth and long-lasting trail. An ideal scent for both everyday elegance and special occasions.",Office / Daily
20,AJMAL,AMBER WOOD,"Apple, Spices, Lavender","Cedarwood, Orris, Patchouli","Amber, Musk, Woods","Amber Wood by Ajmal is a captivating fragrance that opens with apple, spices, creating a fresh and inviting first impression. The heart reveals cedarwood, orris, adding depth and sophistication, while the base of amber, musk leaves a smooth and long-lasting trail. An ideal scent for both everyday elegance and special occasions.",Office / Daily
21,AJMAL,RAINDROP,"Bergamot, Fruity Notes, Aldehydes","Jasmine, Rose, Floral Notes","Musk, Amber, Woody Notes","Raindrop by Ajmal is a captivating fragrance that opens with bergamot, fruity notes, creating a fresh and inviting first impression. The heart reveals jasmine, rose, adding depth and sophistication, while the base of musk, amber leaves a smooth and long-lasting trail. An ideal scent for both everyday elegance and special occasions.",Formal / Special Occasions
22,AJMAL,SACRIFICE,"Jasmine, Water Notes, Orange Blossom","Vanilla, Sugar, Floral Notes","Musk, Ambergris, Wood","Sacrifice by Ajmal is a captivating fragrance that opens with jasmine, water notes, creating a fresh and inviting first impression. The heart reveals vanilla, sugar, adding depth and sophistication, while the base of musk, ambergris leaves a smooth and long-lasting trail. An ideal scent for both everyday elegance and special occasions.",Gym / Casual
23,AJMAL,MIZYAAN,"Citrus, Saffron, Spice","Rose, Jasmine, Patchouli","Oud, Amber, Musk","Mizyaan by Ajmal is a captivating fragrance that opens with citrus, saffron, creating a fresh and inviting first impression. The heart reveals rose, jasmine, adding depth and sophistication, while the base of oud, amber leaves a smooth and long-lasting trail. An ideal scent for both everyday elegance and special occasions.",Date Night / Evening
24,AJMAL,AMIR ONE,"Lemon, Mint, Green Notes","Lavender, Geranium, Spice","Cedarwood, Musk, Amber","Amir One by Ajmal is a captivating fragrance that opens with lemon, mint, creating a fresh and inviting first impression. The heart reveals lavender, geranium, adding depth and sophistication, while the base of cedarwood, musk leaves a smooth and long-lasting trail. An ideal scent for both everyday elegance and special occasions.",Office / Daily
25,AJMAL,KHOFOOQ,"Bergamot, Citrus, Saffron","Rose, Jasmine, Leather","Oud, Amber, Musk","Khofooq by Ajmal is a captivating fragrance that opens with bergamot, citrus, creating a fresh and inviting first impression. The heart reveals rose, jasmine, adding depth and sophistication, while the base of oud, amber leaves a smooth and long-lasting trail. An ideal scent for both everyday elegance and special occasions.",Date Night / Evening
26,AJMAL,BLUE MOON,"Lemon, Apple, Mint","Marine, Lavender, Geranium","Musk, Amber, Cedar","Blue Moon by Ajmal is a captivating fragrance that opens with lemon, apple, creating a fresh and inviting first impression. The heart reveals marine, lavender, adding depth and sophistication, while the base of musk, amber leaves a smooth and long-lasting trail. An ideal scent for both everyday elegance and special occasions.",Gym / Casual
27,AJMAL,DUBAI OUD,"Saffron, Spices, Citrus","Rose, Oud, Patchouli","Amber, Musk, Sandalwood","Dubai Oud by Ajmal is a captivating fragrance that opens with saffron, spices, creating a fresh and inviting first impression. The heart reveals rose, oud, adding depth and sophistication, while the base of amber, musk leaves a smooth and long-lasting trail. An ideal scent for both everyday elegance and special occasions.",Date Night / Evening
28,AJMAL,QASIDA,"Apple, Bergamot, Cinnamon","Rose, Jasmine, Caramel","Vanilla, Musk, Amber","Qasida by Ajmal is a captivating fragrance that opens with apple, bergamot, creating a fresh and inviting first impression. The heart reveals rose, jasmine, adding depth and sophistication, while the base of vanilla, musk leaves a smooth and long-lasting trail. An ideal scent for both everyday elegance and special occasions.",Office / Daily
29,ALEXANDRE.J,IRIS VIOLET,"Apple, Bergamot, Exotic Fruits","Iris, Rose, Jasmine","Musk, Vanilla, Cashmere Wood","Iris Violet by Alexandre.J is a captivating fragrance that opens with apple, bergamot, creating a fresh and inviting first impression. The heart reveals iris, rose, adding depth and sophistication, while the base of musk, vanilla leaves a smooth and long-lasting trail. An ideal scent for both everyday elegance and special occasions.",Formal / Special Occasions
30,AMOUAGE,INTERLUDE,"Bergamot, Oregano, Pimento Berry","Amber, Frankincense, Cistus","Oud, Leather, Sandalwood","Interlude by Amouage is a captivating fragrance that opens with bergamot, oregano, creating a fresh and inviting first impression. The heart reveals amber, frankincense, adding depth and sophistication, while the base of oud, leather leaves a smooth and long-lasting trail. An ideal scent for both everyday elegance and special occasions.",Date Night / Evening
31,AMOUAGE,INTERLUDE BLACK IRIS,"Rosemary, Violet Leaf, Bergamot","Iris, Amber, Myrrh","Oud, Leather, Sandalwood","Interlude Black Iris by Amouage is a captivating fragrance that opens with rosemary, violet leaf, creating a fresh and inviting first impression. The heart reveals iris, amber, adding depth and sophistication, while the base of oud, leather leaves a smooth and long-lasting trail. An ideal scent for both everyday elegance and special occasions.",Date Night / Evening
32,AMOUAGE,BRACKEN,"Lemon, Bergamot, Clove","Cinnamon, Lavender, Cedar","Patchouli, Musk, Oakmoss","Bracken by Amouage is a captivating fragrance that opens with lemon, bergamot, creating a fresh and inviting first impression. The heart reveals cinnamon, lavender, adding depth and sophistication, while the base of patchouli, musk leaves a smooth and long-lasting trail. An ideal scent for both everyday elegance and special occasions.",Date Night / Evening
33,AMOUAGE,EPIC,"Pink Pepper, Saffron, Nutmeg","Geranium, Myrrh, Tea","Oud, Leather, Sandalwood","Epic by Amouage is a captivating fragrance that opens with pink pepper, saffron, creating a fresh and inviting first impression. The heart reveals geranium, myrrh, adding depth and sophistication, while the base of oud, leather leaves a smooth and long-lasting trail. An ideal scent for both everyday elegance and special occasions.",Office / Daily
34,AMOUAGE,OVERTURE,"Grapefruit, Apple, Cumin","Cinnamon, Myrrh, Rose","Leather, Smoke, Patchouli","Overture by Amouage is a captivating fragrance that opens with grapefruit, apple, creating a fresh and inviting first impression. The heart reveals cinnamon, myrrh, adding depth and sophistication, while the base of leather, smoke leaves a smooth and long-lasting trail. An ideal scent for both everyday elegance and special occasions.",Formal / Special Occasions
35,AMOUAGE,POTRAYAL WOMEN,"Jasmine, Tobacco, Vanilla","Floral Notes, Resin, Sweet Notes","Elemi, Amber, Smoke","Potrayal Women by Amouage is a captivating fragrance that opens with jasmine, tobacco, creating a fresh and inviting first impression. The heart reveals floral notes, resin, adding depth and sophistication, while the base of elemi, amber leaves a smooth and long-lasting trail. An ideal scent for both everyday elegance and special occasions.",Formal / Special Occasions
36,AMOUAGE,THE LIBRARY COLLECTION OPUS,"Citrus, Aldehydes, Spices","Incense, Rose, Woods","Amber, Oud, Musk","The Library Collection Opus by Amouage is a captivating fragrance that opens with citrus, aldehydes, creating a fresh and inviting first impression. The heart reveals incense, rose, adding depth and sophistication, while the base of amber, oud leaves a smooth and long-lasting trail. An ideal scent for both everyday elegance and special occasions.",Office / Daily
37,AMOUAGE,JUBILATION 25,"Blackberry, Orange, Labdanum","Honey, Orchid, Rose","Oud, Amber, Patchouli","Jubilation 25 by Amouage is a captivating fragrance that opens with blackberry, orange, creating a fresh and inviting first impression. The heart reveals honey, orchid, adding depth and sophistication, while the base of oud, amber leaves a smooth and long-lasting trail. An ideal scent for both everyday elegance and special occasions.",Office / Daily
38,AMOUAGE,REFLECTION MEN,"Rosemary, Red Pepper, Petitgrain","Jasmine, Neroli, Orris","Sandalwood, Cedar, Vetiver","Reflection Men by Amouage is a captivating fragrance that opens with rosemary, red pepper, creating a fresh and inviting first impression. The heart reveals jasmine, neroli, adding depth and sophistication, while the base of sandalwood, cedar leaves a smooth and long-lasting trail. An ideal scent for both everyday elegance and special occasions.",Date Night / Evening
39,AMOUAGE,MATERIAL,"Elemi, Patchouli, Benzoin","Vanilla, Incense, Resin","Amber, Oud, Guaiac Wood","Material by Amouage is a captivating fragrance that opens with elemi, patchouli, creating a fresh and inviting first impression. The heart reveals vanilla, incense, adding depth and sophistication, while the base of amber, oud leaves a smooth and long-lasting trail. An ideal scent for both everyday elegance and special occasions.",Office / Daily
40,AMOUAGE,HONOR MEN,"Pink Pepper, Black Pepper, Geranium","Nutmeg, Elemi, Frankincense","Vetiver, Tonka Bean, Musk","Honor Men by Amouage is a captivating fragrance that opens with pink pepper, black pepper, creating a fresh and inviting first impression. The heart reveals nutmeg, elemi, adding depth and sophistication, while the base of vetiver, tonka bean leaves a smooth and long-lasting trail. An ideal scent for both everyday elegance and special occasions.",Formal / Special Occasions
41,AMOUAGE,JOURNEY MAN,"Bergamot, Earl Grey Tea, Clove","Orange Blossom, Jasmine, Leather","Oud, Guaiac Wood, Tonka Bean","Journey Man by Amouage is a captivating fragrance that opens with bergamot, earl grey tea, creating a fresh and inviting first impression. The heart reveals orange blossom, jasmine, adding depth and sophistication, while the base of oud, guaiac wood leaves a smooth and long-lasting trail. An ideal scent for both everyday elegance and special occasions.",Office / Daily
42,AMOUAGE,GUIDANCE MEN,"Lemon, Pink Pepper","Pear, Hazelnut, Frankincense","Osmanthus, Rose, Saffron","Guidance Men by Amouage is a captivating fragrance that opens with lemon, pink pepper, creating a fresh and inviting first impression. The heart reveals pear, hazelnut, adding depth and sophistication, while the base of osmanthus, rose leaves a smooth and long-lasting trail. An ideal scent for both everyday elegance and special occasions.",Formal / Special Occasions
43,AMOUAGE,OUTLANDS MAN,"Lemon, Pink Pepper","Citrus, Pepper, Herbs","Woods, Incense, Resin","Outlands Man by Amouage is a captivating fragrance that opens with lemon, pink pepper, creating a fresh and inviting first impression. The heart reveals citrus, pepper, adding depth and sophistication, while the base of woods, incense leaves a smooth and long-lasting trail. An ideal scent for both everyday elegance and special occasions.",Formal / Special Occasions
44,AMOUAGE,PURPOSE 50,"Lemon, Pink Pepper","Pink Pepper, Bergamot, Pimento","Sandalwood, Vetiver, Papyrus","Purpose 50 by Amouage is a captivating fragrance that opens with lemon, pink pepper, creating a fresh and inviting first impression. The heart reveals pink pepper, bergamot, adding depth and sophistication, while the base of sandalwood, vetiver leaves a smooth and long-lasting trail. An ideal scent for both everyday elegance and special occasions.",Formal / Special Occasions
45,AMOUAGE,HONOUR MAN,"Mandarin, Pear","Pink Pepper, Black Pepper, Elemi","Geranium, Nutmeg, Incense","Honour Man by Amouage is a captivating fragrance that opens with mandarin, pear, creating a fresh and inviting first impression. The heart reveals pink pepper, black pepper, adding depth and sophistication, while the base of geranium, nutmeg leaves a smooth and long-lasting trail. An ideal scent for both everyday elegance and special occasions.",Date Night / Evening
46,AMOUAGE,OPUS XVII TIMBER,"Grapefruit, Mint","Bergamot, Pink Pepper, Lavender","Leather, Rose, Jasmine","Opus Xvii Timber by Amouage is a captivating fragrance that opens with grapefruit, mint, creating a fresh and inviting first impression. The heart reveals bergamot, pink pepper, adding depth and sophistication, while the base of leather, rose leaves a smooth and long-lasting trail. An ideal scent for both everyday elegance and special occasions.",Office / Daily
47,AMOUAGE,HONOUR WOMAN,"Grapefruit, Mint","Pepper, Rhubarb, Coriander","Jasmine, Tuberose, Gardenia","Honour Woman by Amouage is a captivating fragrance that opens with grapefruit, mint, creating a fresh and inviting first impression. The heart reveals pepper, rhubarb, adding depth and sophistication, while the base of jasmine, tuberose leaves a smooth and long-lasting trail. An ideal scent for both everyday elegance and special occasions.",Office / Daily
48,AMOUROUD,OUD AFTER DARK,"Saffron, Bergamot","Saffron, Apricot, Pink Pepper","Rose, Oud, Incense","Oud After Dark by Amouroud is a captivating fragrance that opens with saffron, bergamot, creating a fresh and inviting first impression. The heart reveals saffron, apricot, adding depth and sophistication, while the base of rose, oud leaves a smooth and long-lasting trail. An ideal scent for both everyday elegance and special occasions.",Date Night / Evening
49,ARABIAN OUD,KASHMIRI MUSK,"Bergamot, Aldehydes","Citrus, Saffron, Spices","Rose, White Musk, Jasmine","Kashmiri Musk by Arabian Oud is a captivating fragrance that opens with bergamot, aldehydes, creating a fresh and inviting first impression. The heart reveals citrus, saffron, adding depth and sophistication, while the base of rose, white musk leaves a smooth and long-lasting trail. An ideal scent for both everyday elegance and special occasions.",Office / Daily
50,ARD AL ZAAFARAN,MOUSOUF BROWN,"Mandarin, Pear","Grape, Chocolate, Caramel","Oud, Spice, Floral","Mousouf Brown by Ard Al Zaafaran is a captivating fragrance that opens with mandarin, pear, creating a fresh and inviting first impression. The heart reveals grape, chocolate, adding depth and sophistication, while the base of oud, spice leaves a smooth and long-lasting trail. An ideal scent for both everyday elegance and special occasions.",Date Night / Evening
51,ARD AL ZAAFARAN,DIRHAM,"Grapefruit, Mint","Bergamot, Citrus, Cardamom","Rose, Jasmine, Lavender","Dirham by Ard Al Zaafaran is a captivating fragrance that opens with grapefruit, mint, creating a fresh and inviting first impression. The heart reveals bergamot, citrus, adding depth and sophistication, while the base of rose, jasmine leaves a smooth and long-lasting trail. An ideal scent for both everyday elegance and special occasions.",Office / Daily
52,ARMAF,HIGH STREET,"Lemon, Pink Pepper","Lemon, Bergamot, Neroli","Tuberose, Jasmine, Orange Blossom","High Street by Armaf is a captivating fragrance that opens with lemon, pink pepper, creating a fresh and inviting first impression. The heart reveals lemon, bergamot, adding depth and sophistication, while the base of tuberose, jasmine leaves a smooth and long-lasting trail. An ideal scent for both everyday elegance and special occasions.",Formal / Special Occasions
53,ARMANI,AQUA DI GIO PARFUM,"Marine Notes, Lemon","Marine, Bergamot, Ginger","Clary Sage, Geranium, Rosemary","Aqua Di Gio Parfum by Armani is a captivating fragrance that opens with marine notes, lemon, creating a fresh and inviting first impression. The heart reveals marine, bergamot, adding depth and sophistication, while the base of clary sage, geranium leaves a smooth and long-lasting trail. An ideal scent for both everyday elegance and special occasions.",Gym / Casual
54,ARMANI,CODE PURFUMO,"Lemon, Pink Pepper","Cardamom, Apple, Green Mandarin","Nutmeg, Orange Blossom, Lavender","Code Purfumo by Armani is a captivating fragrance that opens with lemon, pink pepper, creating a fresh and inviting first impression. The heart reveals cardamom, apple, adding depth and sophistication, while the base of nutmeg, orange blossom leaves a smooth and long-lasting trail. An ideal scent for both everyday elegance and special occasions.",Formal / Special Occasions
55,ARMANI,CODE WOMEN,"Apple, Bergamot","Orange Blossom, Ginger, Pear","Jasmine, Orange Blossom, Honey","Code Women by Armani is a captivating fragrance that opens with apple, bergamot, creating a fresh and inviting first impression. The heart reveals orange blossom, ginger, adding depth and sophistication, while the base of jasmine, orange blossom leaves a smooth and long-lasting trail. An ideal scent for both everyday elegance and special occasions.",Office / Daily
56,ARMANI,CODE MEN,"Apple, Bergamot","Lemon, Bergamot, Olive Blossom","Star Anise, Guaiac Wood, Leather","Code Men by Armani is a captivating fragrance that opens with apple, bergamot, creating a fresh and inviting first impression. The heart reveals lemon, bergamot, adding depth and sophistication, while the base of star anise, guaiac wood leaves a smooth and long-lasting trail. An ideal scent for both everyday elegance and special occasions.",Office / Daily
57,ARMANI,AQUA DI GIO POUR HOMME,"Marine Notes, Lemon","Bergamot, Lime, Lemon","Jasmine, Marine, Coriander","Aqua Di Gio Pour Homme by Armani is a captivating fragrance that opens with marine notes, lemon, creating a fresh and inviting first impression. The heart reveals bergamot, lime, adding depth and sophistication, while the base of jasmine, marine leaves a smooth and long-lasting trail. An ideal scent for both everyday elegance and special occasions.",Gym / Casual
58,ARMANI,AQUA DI GIO PROFUMO,"Marine Notes, Lemon","Bergamot, Marine, Rosemary","Geranium, Sage, Incense","Aqua Di Gio Profumo by Armani is a captivating fragrance that opens with marine notes, lemon, creating a fresh and inviting first impression. The heart reveals bergamot, marine, adding depth and sophistication, while the base of geranium, sage leaves a smooth and long-lasting trail. An ideal scent for both everyday elegance and special occasions.",Gym / Casual
59,ARMANI,AQUA DI GIO PROFONDO,"Marine Notes, Lemon","Green Mandarin, Bergamot, Marine","Lavender, Rosemary, Cypress","Aqua Di Gio Profondo by Armani is a captivating fragrance that opens with marine notes, lemon, creating a fresh and inviting first impression. The heart reveals green mandarin, bergamot, adding depth and sophistication, while the base of lavender, rosemary leaves a smooth and long-lasting trail. An ideal scent for both everyday elegance and special occasions.",Gym / Casual
60,ARMANI,AQUA DI GIO ABSOLU,"Marine Notes, Lemon","Bergamot, Apple, Marine","Lavender, Geranium, Rosemary","Aqua Di Gio Absolu by Armani is a captivating fragrance that opens with marine notes, lemon, creating a fresh and inviting first impression. The heart reveals bergamot, apple, adding depth and sophistication, while the base of lavender, geranium leaves a smooth and long-lasting trail. An ideal scent for both everyday elegance and special occasions.",Gym / Casual
61,ARMANI,IKAT ROUGE,"Lemon, Pink Pepper","Bergamot, Pink Pepper, Blackcurrant","Rose, Jasmine, Patchouli","Ikat Rouge by Armani is a captivating fragrance that opens with lemon, pink pepper, creating a fresh and inviting first impression. The heart reveals bergamot, pink pepper, adding depth and sophistication, while the base of rose, jasmine leaves a smooth and long-lasting trail. An ideal scent for both everyday elegance and special occasions.",Formal / Special Occasions
62,ARMANI,STRONGER WITH YOU,"Mandarin, Pear","Cardamom, Pink Pepper, Mint","Sage, Melon, Pineapple","Stronger With You by Armani is a captivating fragrance that opens with mandarin, pear, creating a fresh and inviting first impression. The heart reveals cardamom, pink pepper, adding depth and sophistication, while the base of sage, melon leaves a smooth and long-lasting trail. An ideal scent for both everyday elegance and special occasions.",Date Night / Evening
63,ARMANI,STRONGER WITH YOU FREEZE,"Lemon, Pink Pepper","Ginger, Lime, Apple","Lavender, Sage, Geranium","Stronger With You Freeze by Armani is a captivating fragrance that opens with lemon, pink pepper, creating a fresh and inviting first impression. The heart reveals ginger, lime, adding depth and sophistication, while the base of lavender, sage leaves a smooth and long-lasting trail. An ideal scent for both everyday elegance and special occasions.",Formal / Special Occasions
64,ARMANI,ROSE MILANO,"Lychee, Bergamot","Lemon, Bergamot, Blackcurrant","Rose, Geranium, Jasmine","Rose Milano by Armani is a captivating fragrance that opens with lychee, bergamot, creating a fresh and inviting first impression. The heart reveals lemon, bergamot, adding depth and sophistication, while the base of rose, geranium leaves a smooth and long-lasting trail. An ideal scent for both everyday elegance and special occasions.",Office / Daily
65,ARMANI,CODE SPORT,"Mandarin, Pear","Lemon, Mint, Ginger","Lavender, Apple, Geranium","Code Sport by Armani is a captivating fragrance that opens with mandarin, pear, creating a fresh and inviting first impression. The heart reveals lemon, mint, adding depth and sophistication, while the base of lavender, apple leaves a smooth and long-lasting trail. An ideal scent for both everyday elegance and special occasions.",Gym / Casual
66,ARMANI,SI PASSIONE,"Grapefruit, Mint","Pear, Blackcurrant, Pink Pepper","Rose, Jasmine, Heliotrope","Si Passione by Armani is a captivating fragrance that opens with grapefruit, mint, creating a fresh and inviting first impression. The heart reveals pear, blackcurrant, adding depth and sophistication, while the base of rose, jasmine leaves a smooth and long-lasting trail. An ideal scent for both everyday elegance and special occasions.",Office / Daily
67,ARMANI,ARMANI SI,"Mandarin, Pear","Blackcurrant, Mandarin, Bergamot","Rose, Neroli, Freesia","Armani Si by Armani is a captivating fragrance that opens with mandarin, pear, creating a fresh and inviting first impression. The heart reveals blackcurrant, mandarin, adding depth and sophistication, while the base of rose, neroli leaves a smooth and long-lasting trail. An ideal scent for both everyday elegance and special occasions.",Date Night / Evening
68,ARMANI,MY WAY,"Apple, Bergamot","Bergamot, Orange Blossom","Tuberose, Jasmine","My Way by Armani is a captivating fragrance that opens with apple, bergamot, creating a fresh and inviting first impression. The heart reveals bergamot, orange blossom, adding depth and sophistication, while the base of tuberose, jasmine leaves a smooth and long-lasting trail. An ideal scent for both everyday elegance and special occasions.",Office / Daily
69,ARMANI,AQUA INSTINCT,"Marine Notes, Lemon","Grapefruit, Bergamot, Pepper","Marine, Lavender, Geranium","Aqua Instinct by Armani is a captivating fragrance that opens with marine notes, lemon, creating a fresh and inviting first impression. The heart reveals grapefruit, bergamot, adding depth and sophistication, while the base of marine, lavender leaves a smooth and long-lasting trail. An ideal scent for both everyday elegance and special occasions.",Gym / Casual
70,ARMANI,CODE COLONIA,"Grapefruit, Mint","Bergamot, Mandarin, Pink Pepper","Orange Blossom, Clary Sage","Code Colonia by Armani is a captivating fragrance that opens with grapefruit, mint, creating a fresh and inviting first impression. The heart reveals bergamot, mandarin, adding depth and sophistication, while the base of orange blossom, clary sage leaves a smooth and long-lasting trail. An ideal scent for both everyday elegance and special occasions.",Office / Daily
71,ARMANI,MANIA ARMANI,"Mandarin, Pear","Mandarin, Saffron, Green Notes","Cedarwood, Vetiver, Patchouli","Mania Armani by Armani is a captivating fragrance that opens with mandarin, pear, creating a fresh and inviting first impression. The heart reveals mandarin, saffron, adding depth and sophistication, while the base of cedarwood, vetiver leaves a smooth and long-lasting trail. An ideal scent for both everyday elegance and special occasions.",Date Night / Evening
72,ARMANI,PRIVE OUDH,"Saffron, Bergamot","Saffron, Rose, Spices","Oud, Incense, Patchouli","Prive Oudh by Armani is a captivating fragrance that opens with saffron, bergamot, creating a fresh and inviting first impression. The heart reveals saffron, rose, adding depth and sophistication, while the base of oud, incense leaves a smooth and long-lasting trail. An ideal scent for both everyday elegance and special occasions.",Date Night / Evening
73,ARMANI,STRONGER WITH YOU OUD -,"Saffron, Bergamot","Pink Pepper, Cardamom, Lavender","Sage, Vanilla, Oud","Stronger With You Oud - by Armani is a captivating fragrance that opens with saffron, bergamot, creating a fresh and inviting first impression. The heart reveals pink pepper, cardamom, adding depth and sophistication, while the base of sage, vanilla leaves a smooth and long-lasting trail. An ideal scent for both everyday elegance and special occasions.",Date Night / Evening
74,ARMANI,STRONGER WITH YOU LEATHER,"Grapefruit, Mint","Chestnut, Spices, Elemi","Lavender, Sage, Leather","Stronger With You Leather by Armani is a captivating fragrance that opens with grapefruit, mint, creating a fresh and inviting first impression. The heart reveals chestnut, spices, adding depth and sophistication, while the base of lavender, sage leaves a smooth and long-lasting trail. An ideal scent for both everyday elegance and special occasions.",Office / Daily
75,ARMANI,OUD PRIVE,"Saffron, Bergamot","Saffron, Incense, Rose","Oud, Patchouli, Cedar","Oud Prive by Armani is a captivating fragrance that opens with saffron, bergamot, creating a fresh and inviting first impression. The heart reveals saffron, incense, adding depth and sophistication, while the base of oud, patchouli leaves a smooth and long-lasting trail. An ideal scent for both everyday elegance and special occasions.",Date Night / Evening
76,ARMANI,MUSC SHAMAL,"Apple, Bergamot","Citrus, Aldehydes, Spice","Rose, Musk, Jasmine","Musc Shamal by Armani is a captivating fragrance that opens with apple, bergamot, creating a fresh and inviting first impression. The heart reveals citrus, aldehydes, adding depth and sophistication, while the base of rose, musk leaves a smooth and long-lasting trail. An ideal scent for both everyday elegance and special occasions.",Office / Daily
77,ARMANI,PRIVE ROSE D'ARABIA,"Lychee, Bergamot","Saffron, Rose, Spices","Damask Rose, Patchouli, Oud","Prive Rose D'Arabia by Armani is a captivating fragrance that opens with lychee, bergamot, creating a fresh and inviting first impression. The heart reveals saffron, rose, adding depth and sophistication, while the base of damask rose, patchouli leaves a smooth and long-lasting trail. An ideal scent for both everyday elegance and special occasions.",Office / Daily
78,ARMANI,STRONGER WITH SANDALWOOD,"Grapefruit, Mint","Cardamom, Pepper, Bergamot","Sage, Lavender, Sandalwood","Stronger With Sandalwood by Armani is a captivating fragrance that opens with grapefruit, mint, creating a fresh and inviting first impression. The heart reveals cardamom, pepper, adding depth and sophistication, while the base of sage, lavender leaves a smooth and long-lasting trail. An ideal scent for both everyday elegance and special occasions.",Office / Daily
79,ARMANI,STRONGER WITH YOU PARFUM,"Apple, Bergamot","Chestnut, Spices, Elemi","Lavender, Sage, Vanilla","Stronger With You Parfum by Armani is a captivating fragrance that opens with apple, bergamot, creating a fresh and inviting first impression. The heart reveals chestnut, spices, adding depth and sophistication, while the base of lavender, sage leaves a smooth and long-lasting trail. An ideal scent for both everyday elegance and special occasions.",Office / Daily
80,ATKINSONS,OUD SAVE THE QUEEN -,"Saffron, Bergamot","Bergamot, Earl Grey Tea, Clove","Orange Blossom, Jasmine, Leather","Oud Save The Queen - by Atkinsons is a captivating fragrance that opens with saffron, bergamot, creating a fresh and inviting first impression. The heart reveals bergamot, earl grey tea, adding depth and sophistication, while the base of orange blossom, jasmine leaves a smooth and long-lasting trail. An ideal scent for both everyday elegance and special occasions.",Date Night / Evening
81,AZZARO,THE MOST WANTED PARFUM,"Mandarin, Pear","Ginger, Cardamom, Bergamot","Toffee, Woods, Sage","The Most Wanted Parfum by Azzaro is a captivating fragrance that opens with mandarin, pear, creating a fresh and inviting first impression. The heart reveals ginger, cardamom, adding depth and sophistication, while the base of toffee, woods leaves a smooth and long-lasting trail. An ideal scent for both everyday elegance and special occasions.",Date Night / Evening
82,AZZARO,POUR HOMME,"Mandarin, Pear","Lavender, Lemon, Basil","Geranium, Vetiver, Patchouli","Pour Homme by Azzaro is a captivating fragrance that opens with mandarin, pear, creating a fresh and inviting first impression. The heart reveals lavender, lemon, adding depth and sophistication, while the base of geranium, vetiver leaves a smooth and long-lasting trail. An ideal scent for both everyday elegance and special occasions.",Date Night / Evening
83,AZZARO,WANTED,"Apple, Bergamot","Lemon, Ginger, Lavender","Cardamom, Juniper, Apple","Wanted by Azzaro is a captivating fragrance that opens with apple, bergamot, creating a fresh and inviting first impression. The heart reveals lemon, ginger, adding depth and sophistication, while the base of cardamom, juniper leaves a smooth and long-lasting trail. An ideal scent for both everyday elegance and special occasions.",Office / Daily
84,AZZARO,CHROME,"Grapefruit, Mint","Lemon, Bergamot, Neroli","Coriander, Jasmine, Cyclamen","Chrome by Azzaro is a captivating fragrance that opens with grapefruit, mint, creating a fresh and inviting first impression. The heart reveals lemon, bergamot, adding depth and sophistication, while the base of coriander, jasmine leaves a smooth and long-lasting trail. An ideal scent for both everyday elegance and special occasions.",Office / Daily
85,AZZARO,WANTED BY NIGHT,"Apple, Bergamot","Cinnamon, Mandarin, Lavender","Red Cedar, Incense, Cumin","Wanted By Night by Azzaro is a captivating fragrance that opens with apple, bergamot, creating a fresh and inviting first impression. The heart reveals cinnamon, mandarin, adding depth and sophistication, while the base of red cedar, incense leaves a smooth and long-lasting trail. An ideal scent for both everyday elegance and special occasions.",Date Night / Evening
86,AZZARO,MOST WANTED,"Apple, Bergamot","Cardamom, Toffee, Amberwood","Sage, Woods, Caramel","Most Wanted by Azzaro is a captivating fragrance that opens with apple, bergamot, creating a fresh and inviting first impression. The heart reveals cardamom, toffee, adding depth and sophistication, while the base of sage, woods leaves a smooth and long-lasting trail. An ideal scent for both everyday elegance and special occasions.",Office / Daily
87,AZZARO,AZZARO POUR ELLE,"Apple, Bergamot","Cardamom, Orange, Champagne","Rose, Lily, Peach","Azzaro Pour Elle by Azzaro is a captivating fragrance that opens with apple, bergamot, creating a fresh and inviting first impression. The heart reveals cardamom, orange, adding depth and sophistication, while the base of rose, lily leaves a smooth and long-lasting trail. An ideal scent for both everyday elegance and special occasions.",Office / Daily
88,AZZARO,FOREVER WANTED ELIXIR,"Mandarin, Pear","Raspberry, Bergamot, Cardamom","Lavender, Sage, Rose","Forever Wanted Elixir by Azzaro is a captivating fragrance that opens with mandarin, pear, creating a fresh and inviting first impression. The heart reveals raspberry, bergamot, adding depth and sophistication, while the base of lavender, sage leaves a smooth and long-lasting trail. An ideal scent for both everyday elegance and special occasions.",Date Night / Evening
89,BATH & BODY WORKS,PINK CHIFFON,"Apple, Bergamot","Pear, Apple, Mandarin","Jasmine, Peony, Tiare","Pink Chiffon by Bath & Body Works is a captivating fragrance that opens with apple, bergamot, creating a fresh and inviting first impression. The heart reveals pear, apple, adding depth and sophistication, while the base of jasmine, peony leaves a smooth and long-lasting trail. An ideal scent for both everyday elegance and special occasions.",Office / Daily
90,BOADICEA,BLUE SAPPHIRE,"Lemon, Mint","Lemon, Chamomile, Sage","Rose, Jasmine, Magnolia","Blue Sapphire by Boadicea is a captivating fragrance that opens with lemon, mint, creating a fresh and inviting first impression. The heart reveals lemon, chamomile, adding depth and sophistication, while the base of rose, jasmine leaves a smooth and long-lasting trail. An ideal scent for both everyday elegance and special occasions.",Gym / Casual
91,BODICEA THE VICTORIOUS,HANUMAN,"Mandarin, Pear","Citrus, Saffron, Spices","Rose, Oud, Jasmine","Hanuman by Bodicea The Victorious is a captivating fragrance that opens with mandarin, pear, creating a fresh and inviting first impression. The heart reveals citrus, saffron, adding depth and sophistication, while the base of rose, oud leaves a smooth and long-lasting trail. An ideal scent for both everyday elegance and special occasions.",Date Night / Evening
92,BOND NO 9,NEY YORK OUD,"Saffron, Bergamot","Plum, Red Wine, Saffron","Rose, Honey, Oud","Ney York Oud by Bond No 9 is a captivating fragrance that opens with saffron, bergamot, creating a fresh and inviting first impression. The heart reveals plum, red wine, adding depth and sophistication, while the base of rose, honey leaves a smooth and long-lasting trail. An ideal scent for both everyday elegance and special occasions.",Date Night / Evening
93,BRUT,CLASSIC,"Apple, Bergamot","Lavender, Anise, Basil","Geranium, Jasmine, Ylang-Ylang","Classic by Brut is a captivating fragrance that opens with apple, bergamot, creating a fresh and inviting first impression. The heart reveals lavender, anise, adding depth and sophistication, while the base of geranium, jasmine leaves a smooth and long-lasting trail. An ideal scent for both everyday elegance and special occasions.",Office / Daily
94,BURBERRY,BODY WOMEN,"Lemon, Pink Pepper","Peach, Freesia, Wormwood","Rose, Iris, Sandalwood","Body Women by Burberry is a captivating fragrance that opens with lemon, pink pepper, creating a fresh and inviting first impression. The heart reveals peach, freesia, adding depth and sophistication, while the base of rose, iris leaves a smooth and long-lasting trail. An ideal scent for both everyday elegance and special occasions.",Formal / Special Occasions
95,BURBERRY,BRIT RHYTHM MEN,"Lemon, Pink Pepper","Basil, Cardamom, Juniper","Leather, Patchouli, Styrax","Brit Rhythm Men by Burberry is a captivating fragrance that opens with lemon, pink pepper, creating a fresh and inviting first impression. The heart reveals basil, cardamom, adding depth and sophistication, while the base of leather, patchouli leaves a smooth and long-lasting trail. An ideal scent for both everyday elegance and special occasions.",Formal / Special Occasions
96,BURBERRY,MR BURBERY,"Apple, Bergamot","Grapefruit, Cardamom, Tarragon","Birch Leaf, Nutmeg, Cedar","Mr Burbery by Burberry is a captivating fragrance that opens with apple, bergamot, creating a fresh and inviting first impression. The heart reveals grapefruit, cardamom, adding depth and sophistication, while the base of birch leaf, nutmeg leaves a smooth and long-lasting trail. An ideal scent for both everyday elegance and special occasions.",Office / Daily
97,BURBERRY,WEEKEND WOMEN,"Apple, Bergamot","Mandarin, Sage, Mignonette","Blue Hyacinth, Peach Blossom, Rose","Weekend Women by Burberry is a captivating fragrance that opens with apple, bergamot, creating a fresh and inviting first impression. The heart reveals mandarin, sage, adding depth and sophistication, while the base of blue hyacinth, peach blossom leaves a smooth and long-lasting trail. An ideal scent for both everyday elegance and special occasions.",Office / Daily
98,BURBERRY,MY BURBERY BLACK WOMEN,"Mandarin, Pear","Jasmine, Peach, Rose","Rose, Caramel, Patchouli","My Burbery Black Women by Burberry is a captivating fragrance that opens with mandarin, pear, creating a fresh and inviting first impression. The heart reveals jasmine, peach, adding depth and sophistication, while the base of rose, caramel leaves a smooth and long-lasting trail. An ideal scent for both everyday elegance and special occasions.",Date Night / Evening
99,BURBERRY,TOUCH MEN,"Grapefruit, Mint","Artemisia, Violet Leaf, Mandarin","Nutmeg, White Pepper, Cedar","Touch Men by Burberry is a captivating fragrance that opens with grapefruit, mint, creating a fresh and inviting first impression. The heart reveals artemisia, violet leaf, adding depth and sophistication, while the base of nutmeg, white pepper leaves a smooth and long-lasting trail. An ideal scent for both everyday elegance and special occasions.",Office / Daily
100,BURBERRY,HERO,"Apple, Bergamot","Bergamot, Juniper, Black Pepper","Cedarwood, Vetiver, Jasmine","Hero by Burberry is a captivating fragrance that opens with apple, bergamot, creating a fresh and inviting first impression. The heart reveals bergamot, juniper, adding depth and sophistication, while the base of cedarwood, vetiver leaves a smooth and long-lasting trail. An ideal scent for both everyday elegance and special occasions.",Office / Daily
101,BURBERRY,BURBERRY HER ELIXIR DE PERFUME,"Strawberry, Blackberry, Bergamot","Jasmine, Violet, Orange Blossom","Vanilla, Amber, Sandalwood","Burberry Her Elixir De Perfume by Burberry is a captivating fragrance that opens with strawberry, blackberry, creating a fresh and inviting first impression. The heart reveals jasmine, violet, adding depth and sophistication, while the base of vanilla, amber leaves a smooth and long-lasting trail. An ideal scent for both everyday elegance and special occasions.",Date Night / Evening
102,BURBERRY,LONDON MEN,"Bergamot, Lavender, Cinnamon","Leather, Mimosa, Port Wine","Tobacco, Guaiac Wood, Oakmoss","London Men by Burberry is a captivating fragrance that opens with bergamot, lavender, creating a fresh and inviting first impression. The heart reveals leather, mimosa, adding depth and sophistication, while the base of tobacco, guaiac wood leaves a smooth and long-lasting trail. An ideal scent for both everyday elegance and special occasions.",Office / Daily
103,BURBERRY,FOR HER,"Strawberry, Raspberry, Blackberry","Jasmine, Violet, Musk","Amber, Cashmere Wood, Vanilla","For Her by Burberry is a captivating fragrance that opens with strawberry, raspberry, creating a fresh and inviting first impression. The heart reveals jasmine, violet, adding depth and sophistication, while the base of amber, cashmere wood leaves a smooth and long-lasting trail. An ideal scent for both everyday elegance and special occasions.",Office / Daily
104,BVLGARI,AQUA,"Mandarin, Orange, Petitgrain","Seaweed, Lavender, Cotton Flower","Amber, Cedarwood, Clary Sage","Aqua by Bvlgari is a captivating fragrance that opens with mandarin, orange, creating a fresh and inviting first impression. The heart reveals seaweed, lavender, adding depth and sophistication, while the base of amber, cedarwood leaves a smooth and long-lasting trail. An ideal scent for both everyday elegance and special occasions.",Gym / Casual
105,BVLGARI,AQUA AMARA,"Sicilian Mandarin, Neroli, Bergamot","Water Notes, Orange Blossom, Rosemary","Incense, Patchouli, Amber","Aqua Amara by Bvlgari is a captivating fragrance that opens with sicilian mandarin, neroli, creating a fresh and inviting first impression. The heart reveals water notes, orange blossom, adding depth and sophistication, while the base of incense, patchouli leaves a smooth and long-lasting trail. An ideal scent for both everyday elegance and special occasions.",Gym / Casual
106,BVLGARI,WOOD ESSENCE,"Citrus Zest, Coriander, Lemon","Cypress, Cedarwood, Vetiver","Benzoin, Amber, Woody Notes","Wood Essence by Bvlgari is a captivating fragrance that opens with citrus zest, coriander, creating a fresh and inviting first impression. The heart reveals cypress, cedarwood, adding depth and sophistication, while the base of benzoin, amber leaves a smooth and long-lasting trail. An ideal scent for both everyday elegance and special occasions.",Date Night / Evening
107,BVLGARI,TYGAR,"Grapefruit, Ginger, Bergamot","Ambroxan, Iris, Woody Notes","Musk, Ambergris, Vetiver","Tygar by Bvlgari is a captivating fragrance that opens with grapefruit, ginger, creating a fresh and inviting first impression. The heart reveals ambroxan, iris, adding depth and sophistication, while the base of musk, ambergris leaves a smooth and long-lasting trail. An ideal scent for both everyday elegance and special occasions.",Date Night / Evening
108,BVLGARI,AQUA MARINE,"Grapefruit, Neroli, Mandarin","Seaweed, Rosemary, Water Notes","Cedarwood, Amber, Mineral Notes","Aqua Marine by Bvlgari is a captivating fragrance that opens with grapefruit, neroli, creating a fresh and inviting first impression. The heart reveals seaweed, rosemary, adding depth and sophistication, while the base of cedarwood, amber leaves a smooth and long-lasting trail. An ideal scent for both everyday elegance and special occasions.",Gym / Casual
109,BVLGARI,EXTREME,"Coriander, Lavender, Grapefruit","Nutmeg, Pepper, Cardamom","Musk, Oakmoss, Sandalwood","Extreme by Bvlgari is a captivating fragrance that opens with coriander, lavender, creating a fresh and inviting first impression. The heart reveals nutmeg, pepper, adding depth and sophistication, while the base of musk, oakmoss leaves a smooth and long-lasting trail. An ideal scent for both everyday elegance and special occasions.",Date Night / Evening
110,BVLGARI,MAN IN BLACK,"Rum, Spices, Tobacco","Iris, Leather, Tuberose","Tonka Bean, Benzoin, Guaiac Wood","Man In Black by Bvlgari is a captivating fragrance that opens with rum, spices, creating a fresh and inviting first impression. The heart reveals iris, leather, adding depth and sophistication, while the base of tonka bean, benzoin leaves a smooth and long-lasting trail. An ideal scent for both everyday elegance and special occasions.",Date Night / Evening
111,BVLGARI,OMNIA AMYTHYST,"Pink Grapefruit, Green Notes","Lotus, Iris, Bulgarian Rose","Heliotrope, Woodsy Notes, Musk","Omnia Amythyst by Bvlgari is a captivating fragrance that opens with pink grapefruit, green notes, creating a fresh and inviting first impression. The heart reveals lotus, iris, adding depth and sophistication, while the base of heliotrope, woodsy notes leaves a smooth and long-lasting trail. An ideal scent for both everyday elegance and special occasions.",Date Night / Evening
112,BVLGARI,LE GEMME FALKAR MEN,"Nutmeg, Cinnamon, Bergamot","Oud, Incense, Cypriol","Saffron, Amber, Musk","Le Gemme Falkar Men by Bvlgari is a captivating fragrance that opens with nutmeg, cinnamon, creating a fresh and inviting first impression. The heart reveals oud, incense, adding depth and sophistication, while the base of saffron, amber leaves a smooth and long-lasting trail. An ideal scent for both everyday elegance and special occasions.",Date Night / Evening
113,BVLGARI,TERRAE ESSENCE,"Citron, Calamansi, Bergamot","Vetiver, Orris, Earthy Notes","Amber, Wood, Musk","Terrae Essence by Bvlgari is a captivating fragrance that opens with citron, calamansi, creating a fresh and inviting first impression. The heart reveals vetiver, orris, adding depth and sophistication, while the base of amber, wood leaves a smooth and long-lasting trail. An ideal scent for both everyday elegance and special occasions.",Office / Daily
114,BVLGARI,GYAN,"Jasmine, Orange Blossom, Saffron","Sandalwood, Cedarwood, Patchouli","Amber, Vanilla, Musk","Gyan by Bvlgari is a captivating fragrance that opens with jasmine, orange blossom, creating a fresh and inviting first impression. The heart reveals sandalwood, cedarwood, adding depth and sophistication, while the base of amber, vanilla leaves a smooth and long-lasting trail. An ideal scent for both everyday elegance and special occasions.",Formal / Special Occasions
115,BVLGARI,BACIAMI,"Gardenia, Peach, Bergamot","Honey, Jasmine, Rose","Vanilla, Benzoin, Amber","Baciami by Bvlgari is a captivating fragrance that opens with gardenia, peach, creating a fresh and inviting first impression. The heart reveals honey, jasmine, adding depth and sophistication, while the base of vanilla, benzoin leaves a smooth and long-lasting trail. An ideal scent for both everyday elegance and special occasions.",Office / Daily
116,BVLGARI,LE GEMME OROM,"Citrus Notes, Ginger, Cardamom","Oud, Sandalwood, Cedarwood","Amber, Resin, Musk","Le Gemme Orom by Bvlgari is a captivating fragrance that opens with citrus notes, ginger, creating a fresh and inviting first impression. The heart reveals oud, sandalwood, adding depth and sophistication, while the base of amber, resin leaves a smooth and long-lasting trail. An ideal scent for both everyday elegance and special occasions.",Formal / Special Occasions
117,BYREDO,BIBLIOTHEQUE,"Peach, Plum, Violet","Leather, Peony, Patchouli","Vanilla, Musk, Amber","Bibliotheque by Byredo is a captivating fragrance that opens with peach, plum, creating a fresh and inviting first impression. The heart reveals leather, peony, adding depth and sophistication, while the base of vanilla, musk leaves a smooth and long-lasting trail. An ideal scent for both everyday elegance and special occasions.",Date Night / Evening
118,BYREDO,OPEN SKY,"Pomelo, Black Pepper, Cannabis","Vetiver, Palo Santo, Labdanum","Amber, Woody Notes, Musk","Open Sky by Byredo is a captivating fragrance that opens with pomelo, black pepper, creating a fresh and inviting first impression. The heart reveals vetiver, palo santo, adding depth and sophistication, while the base of amber, woody notes leaves a smooth and long-lasting trail. An ideal scent for both everyday elegance and special occasions.",Office / Daily
119,BYREDO,SUPER CEDAR,"Rose Petals, Bergamot","Cedarwood, Bamboo","Vetiver, Musk, Amber","Super Cedar by Byredo is a captivating fragrance that opens with rose petals, bergamot, creating a fresh and inviting first impression. The heart reveals cedarwood, bamboo, adding depth and sophistication, while the base of vetiver, musk leaves a smooth and long-lasting trail. An ideal scent for both everyday elegance and special occasions.",Date Night / Evening
120,BYREDO,ROSE OF NO MAN'S LAND ABSOLU,"Pink Pepper, Turkish Rose","Raspberry Blossom, Papyrus","Amber, Patchouli, Musk","Rose Of No Man'S Land Absolu by Byredo is a captivating fragrance that opens with pink pepper, turkish rose, creating a fresh and inviting first impression. The heart reveals raspberry blossom, papyrus, adding depth and sophistication, while the base of amber, patchouli leaves a smooth and long-lasting trail. An ideal scent for both everyday elegance and special occasions.",Office / Daily
121,BYREDO,SUNDAZED,"Mandarin, Lemon, Neroli","Jasmine, Cotton Candy, Tiare Flower","Musk, Vanilla, White Woods","Sundazed by Byredo is a captivating fragrance that opens with mandarin, lemon, creating a fresh and inviting first impression. The heart reveals jasmine, cotton candy, adding depth and sophistication, while the base of musk, vanilla leaves a smooth and long-lasting trail. An ideal scent for both everyday elegance and special occasions.",Office / Daily
122,BYREDO,BAL D AFRIQUE,"Bergamot, Lemon, Neroli","Violet, Jasmine, Cyclamen","Vetiver, Amber, Musk","Bal D Afrique by Byredo is a captivating fragrance that opens with bergamot, lemon, creating a fresh and inviting first impression. The heart reveals violet, jasmine, adding depth and sophistication, while the base of vetiver, amber leaves a smooth and long-lasting trail. An ideal scent for both everyday elegance and special occasions.",Office / Daily
123,BYREDO,ACCORD OUD,"Blackberry, Saffron, Rum","Leather, Clary Sage, Patchouli","Oud, Amber, Musk","Accord Oud by Byredo is a captivating fragrance that opens with blackberry, saffron, creating a fresh and inviting first impression. The heart reveals leather, clary sage, adding depth and sophistication, while the base of oud, amber leaves a smooth and long-lasting trail. An ideal scent for both everyday elegance and special occasions.",Date Night / Evening
124,BYREDO,MOJAVE GHOST,"Ambrette, Sapodilla","Violet, Magnolia, Sandalwood","Ambergris, Cedarwood, Musk","Mojave Ghost by Byredo is a captivating fragrance that opens with ambrette, sapodilla, creating a fresh and inviting first impression. The heart reveals violet, magnolia, adding depth and sophistication, while the base of ambergris, cedarwood leaves a smooth and long-lasting trail. An ideal scent for both everyday elegance and special occasions.",Office / Daily
125,BYREDO,BLACK SAFFRON,"Saffron, Juniper Berries, Pomelo","Leather, Violet, Rose","Raspberry, Vetiver, Cashmeran","Black Saffron by Byredo is a captivating fragrance that opens with saffron, juniper berries, creating a fresh and inviting first impression. The heart reveals leather, violet, adding depth and sophistication, while the base of raspberry, vetiver leaves a smooth and long-lasting trail. An ideal scent for both everyday elegance and special occasions.",Date Night / Evening
126,BYREDO,11TH HOUR,"Bergamot, Sichuan Pepper","Rum, Carrot Seeds, Fig","Tonka Bean, Cashmere Wood, Amber","11Th Hour by Byredo is a captivating fragrance that opens with bergamot, sichuan pepper, creating a fresh and inviting first impression. The heart reveals rum, carrot seeds, adding depth and sophistication, while the base of tonka bean, cashmere wood leaves a smooth and long-lasting trail. An ideal scent for both everyday elegance and special occasions.",Formal / Special Occasions
127,BYREDO,CASABLANCA LILY,"Gardenia, Plum","Lily, Tuberose, Honey","Rosewood, Musk, Amber","Casablanca Lily by Byredo is a captivating fragrance that opens with gardenia, plum, creating a fresh and inviting first impression. The heart reveals lily, tuberose, adding depth and sophistication, while the base of rosewood, musk leaves a smooth and long-lasting trail. An ideal scent for both everyday elegance and special occasions.",Office / Daily
128,BYREDO,ROSE OF NO MANS LAND,"Pink Pepper, Turkish Rose","Raspberry Blossom, Papyrus","Amber, White Amber, Musk","Rose Of No Mans Land by Byredo is a captivating fragrance that opens with pink pepper, turkish rose, creating a fresh and inviting first impression. The heart reveals raspberry blossom, papyrus, adding depth and sophistication, while the base of amber, white amber leaves a smooth and long-lasting trail. An ideal scent for both everyday elegance and special occasions.",Office / Daily
129,BYREDO,ANIMALIQUE,"Lemon, Bergamot","Suede, Violet Leaf, Mimosa","Amber, Sandalwood, Tobacco","Animalique by Byredo is a captivating fragrance that opens with lemon, bergamot, creating a fresh and inviting first impression. The heart reveals suede, violet leaf, adding depth and sophistication, while the base of amber, sandalwood leaves a smooth and long-lasting trail. An ideal scent for both everyday elegance and special occasions.",Date Night / Evening
130,CALVIN KLEIN,CK 1,"Bergamot, Pineapple, Papaya","Jasmine, Violet, Nutmeg","Musk, Amber, Cedarwood","Ck 1 by Calvin Klein is a captivating fragrance that opens with bergamot, pineapple, creating a fresh and inviting first impression. The heart reveals jasmine, violet, adding depth and sophistication, while the base of musk, amber leaves a smooth and long-lasting trail. An ideal scent for both everyday elegance and special occasions.",Office / Daily
131,CALVIN KLEIN,CK ETERNITY MEN,"Lavender, Bergamot, Lemon","Coriander, Orange Blossom, Juniper","Amber, Sandalwood, Musk","Ck Eternity Men by Calvin Klein is a captivating fragrance that opens with lavender, bergamot, creating a fresh and inviting first impression. The heart reveals coriander, orange blossom, adding depth and sophistication, while the base of amber, sandalwood leaves a smooth and long-lasting trail. An ideal scent for both everyday elegance and special occasions.",Office / Daily
132,CALVIN KLEIN,CK ETERNITY WOMEN,"Freesia, Mandarin, Sage","Lily, Jasmine, Rose","Sandalwood, Amber, Patchouli","Ck Eternity Women by Calvin Klein is a captivating fragrance that opens with freesia, mandarin, creating a fresh and inviting first impression. The heart reveals lily, jasmine, adding depth and sophistication, while the base of sandalwood, amber leaves a smooth and long-lasting trail. An ideal scent for both everyday elegance and special occasions.",Date Night / Evening
133,CALVIN KLEIN,CK EUPHORIA MEN,"Ginger, Pepper, Rain Accord","Black Basil, Sage, Cedar","Amber, Suede, Patchouli","Ck Euphoria Men by Calvin Klein is a captivating fragrance that opens with ginger, pepper, creating a fresh and inviting first impression. The heart reveals black basil, sage, adding depth and sophistication, while the base of amber, suede leaves a smooth and long-lasting trail. An ideal scent for both everyday elegance and special occasions.",Office / Daily
134,CALVIN KLEIN,CK EUPHORIA WOMEN,"Pomegranate, Persimmon, Green Notes","Black Orchid, Lotus, Champaca","Mahogany, Amber, Musk","Ck Euphoria Women by Calvin Klein is a captivating fragrance that opens with pomegranate, persimmon, creating a fresh and inviting first impression. The heart reveals black orchid, lotus, adding depth and sophistication, while the base of mahogany, amber leaves a smooth and long-lasting trail. An ideal scent for both everyday elegance and special occasions.",Date Night / Evening
135,CALVIN KLEIN,DEFY,"Bergamot, Lavender, Mandarin","Vetiver, Iris, Violet","Amber, Musk, Patchouli","Defy by Calvin Klein is a captivating fragrance that opens with bergamot, lavender, creating a fresh and inviting first impression. The heart reveals vetiver, iris, adding depth and sophistication, while the base of amber, musk leaves a smooth and long-lasting trail. An ideal scent for both everyday elegance and special occasions.",Date Night / Evening
136,CALVIN KLEIN,ESCAPE MEN,"Mango, Grapefruit, Bergamot","Sea Notes, Birch Leaf, Sage","Oakmoss, Amber, Sandalwood","Escape Men by Calvin Klein is a captivating fragrance that opens with mango, grapefruit, creating a fresh and inviting first impression. The heart reveals sea notes, birch leaf, adding depth and sophistication, while the base of oakmoss, amber leaves a smooth and long-lasting trail. An ideal scent for both everyday elegance and special occasions.",Office / Daily
137,CALVIN KLEIN,OBSESSION,"Mandarin, Bergamot, Vanilla","Jasmine, Orange Blossom, Spices","Amber, Incense, Musk","Obsession by Calvin Klein is a captivating fragrance that opens with mandarin, bergamot, creating a fresh and inviting first impression. The heart reveals jasmine, orange blossom, adding depth and sophistication, while the base of amber, incense leaves a smooth and long-lasting trail. An ideal scent for both everyday elegance and special occasions.",Date Night / Evening
138,CALVIN KLEIN,ETERNITY AIR,"Ozone, Mandarin, Juniper","Lavender, Apple, Violet","Ambergris, Seaweed, Musk","Eternity Air by Calvin Klein is a captivating fragrance that opens with ozone, mandarin, creating a fresh and inviting first impression. The heart reveals lavender, apple, adding depth and sophistication, while the base of ambergris, seaweed leaves a smooth and long-lasting trail. An ideal scent for both everyday elegance and special occasions.",Office / Daily
139,CALVIN KLEIN,OBSESSION NIGHT,"Pear, Cardamom, Artemisia","Nutmeg, Musk, Vetiver","Vanilla, Patchouli, Amber","Obsession Night by Calvin Klein is a captivating fragrance that opens with pear, cardamom, creating a fresh and inviting first impression. The heart reveals nutmeg, musk, adding depth and sophistication, while the base of vanilla, patchouli leaves a smooth and long-lasting trail. An ideal scent for both everyday elegance and special occasions.",Date Night / Evening
140,CALVIN KLEIN,ESCAPE WOMEN,"Apple, Peach, Plum","Rose, Jasmine, Lily of Valley","Sandalwood, Musk, Vanilla","Escape Women by Calvin Klein is a captivating fragrance that opens with apple, peach, creating a fresh and inviting first impression. The heart reveals rose, jasmine, adding depth and sophistication, while the base of sandalwood, musk leaves a smooth and long-lasting trail. An ideal scent for both everyday elegance and special occasions.",Office / Daily
141,CALVIN KLEIN,SHOCK MEN,"Clementine, Cucumber, Lavender","Cardamom, Pepper, Basil","Tobacco, Amber, Musk","Shock Men by Calvin Klein is a captivating fragrance that opens with clementine, cucumber, creating a fresh and inviting first impression. The heart reveals cardamom, pepper, adding depth and sophistication, while the base of tobacco, amber leaves a smooth and long-lasting trail. An ideal scent for both everyday elegance and special occasions.",Date Night / Evening
142,CALVIN KLEIN,CK 2,"Wasabi, Mandarin, Violet","Iris, Rose, Vetiver","Incense, Sandalwood, Musk","Ck 2 by Calvin Klein is a captivating fragrance that opens with wasabi, mandarin, creating a fresh and inviting first impression. The heart reveals iris, rose, adding depth and sophistication, while the base of incense, sandalwood leaves a smooth and long-lasting trail. An ideal scent for both everyday elegance and special occasions.",Office / Daily
143,CAROLINA HERRERA,LA BOMBA,"Bergamot, Red Fruits, Orange Blossom","Jasmine, Tuberose, Rose","Vanilla, Tonka Bean, Musk","La Bomba by Carolina Herrera is a captivating fragrance that opens with bergamot, red fruits, creating a fresh and inviting first impression. The heart reveals jasmine, tuberose, adding depth and sophistication, while the base of vanilla, tonka bean leaves a smooth and long-lasting trail. An ideal scent for both everyday elegance and special occasions.",Office / Daily
144,CAROLINA HERRERA,CH MEN WILD LOVE,"Black Pepper, Bergamot","Cacao, Tobacco, Leather","Amber, Vanilla, Wood","Ch Men Wild Love by Carolina Herrera is a captivating fragrance that opens with black pepper, bergamot, creating a fresh and inviting first impression. The heart reveals cacao, tobacco, adding depth and sophistication, while the base of amber, vanilla leaves a smooth and long-lasting trail. An ideal scent for both everyday elegance and special occasions.",Office / Daily
145,CAROLINA HERRERA,STALLION LEATHER,"Saffron, Bergamot","Leather, Rose, Oud","Amber, Patchouli, Musk","Stallion Leather by Carolina Herrera is a captivating fragrance that opens with saffron, bergamot, creating a fresh and inviting first impression. The heart reveals leather, rose, adding depth and sophistication, while the base of amber, patchouli leaves a smooth and long-lasting trail. An ideal scent for both everyday elegance and special occasions.",Date Night / Evening
146,CAROLINA HERRERA,AMETHYST HAZE,"Pink Pepper, Lavender","Orris, Rose, Tobacco","Tonka Bean, Vanilla, Amber","Amethyst Haze by Carolina Herrera is a captivating fragrance that opens with pink pepper, lavender, creating a fresh and inviting first impression. The heart reveals orris, rose, adding depth and sophistication, while the base of tonka bean, vanilla leaves a smooth and long-lasting trail. An ideal scent for both everyday elegance and special occasions.",Office / Daily
147,CAROLINA HERRERA,212 CH HEROS,"Pear, Ginger, Cannabis","Geranium, Sage, Lavender","Leather, Musk, Amber","212 Ch Heros by Carolina Herrera is a captivating fragrance that opens with pear, ginger, creating a fresh and inviting first impression. The heart reveals geranium, sage, adding depth and sophistication, while the base of leather, musk leaves a smooth and long-lasting trail. An ideal scent for both everyday elegance and special occasions.",Office / Daily
148,CAROLINA HERRERA,212 VIP MEN,"Lime, Pepper, Passionfruit","Vodka, Gin, Mint","Amber, Leather, Wood","212 Vip Men by Carolina Herrera is a captivating fragrance that opens with lime, pepper, creating a fresh and inviting first impression. The heart reveals vodka, gin, adding depth and sophistication, while the base of amber, leather leaves a smooth and long-lasting trail. An ideal scent for both everyday elegance and special occasions.",Office / Daily
149,CAROLINA HERRERA,212 VIP WOMEN,"Rum, Passionfruit","Gardenia, Musk","Benzoin, Vanilla, Tonka Bean","212 Vip Women by Carolina Herrera is a captivating fragrance that opens with rum, passionfruit, creating a fresh and inviting first impression. The heart reveals gardenia, musk, adding depth and sophistication, while the base of benzoin, vanilla leaves a smooth and long-lasting trail. An ideal scent for both everyday elegance and special occasions.",Formal / Special Occasions
150,CAROLINA HERRERA,212 VIP ROSE WOMEN,"Champagne, Pink Pepper","Peach Blossom, Rose","White Musk, Amber, Woody Notes","212 Vip Rose Women by Carolina Herrera is a captivating fragrance that opens with champagne, pink pepper, creating a fresh and inviting first impression. The heart reveals peach blossom, rose, adding depth and sophistication, while the base of white musk, amber leaves a smooth and long-lasting trail. An ideal scent for both everyday elegance and special occasions.",Office / Daily
151,CAROLINA HERRERA,CK BE,"Bergamot, Juniper, Mint","Peach, Jasmine, Orchid","Sandalwood, Musk, Vanilla","Ck Be by Carolina Herrera is a captivating fragrance that opens with bergamot, juniper, creating a fresh and inviting first impression. The heart reveals peach, jasmine, adding depth and sophistication, while the base of sandalwood, musk leaves a smooth and long-lasting trail. An ideal scent for both everyday elegance and special occasions.",Office / Daily
152,CAROLINA HERRERA,GOLD MYRH ABSOLUTE,"Incense, Pink Pepper","Myrrh, Rose, Labdanum","Amber, Vanilla, Oud","Gold Myrh Absolute by Carolina Herrera is a captivating fragrance that opens with incense, pink pepper, creating a fresh and inviting first impression. The heart reveals myrrh, rose, adding depth and sophistication, while the base of amber, vanilla leaves a smooth and long-lasting trail. An ideal scent for both everyday elegance and special occasions.",Date Night / Evening
153,CAROLINA HERRERA,212 VIP BLACK,"Absinthe, Anise, Fennel","Lavender, Leather","Vanilla, Musk, Amber","212 Vip Black by Carolina Herrera is a captivating fragrance that opens with absinthe, anise, creating a fresh and inviting first impression. The heart reveals lavender, leather, adding depth and sophistication, while the base of vanilla, musk leaves a smooth and long-lasting trail. An ideal scent for both everyday elegance and special occasions.",Date Night / Evening
154,CAROLINA HERRERA,212 SEXY MEN,"Mandarin, Bergamot, Green Notes","Cardamom, Pepper, Flowers","Vanilla, Sandalwood, Musk","212 Sexy Men by Carolina Herrera is a captivating fragrance that opens with mandarin, bergamot, creating a fresh and inviting first impression. The heart reveals cardamom, pepper, adding depth and sophistication, while the base of vanilla, sandalwood leaves a smooth and long-lasting trail. An ideal scent for both everyday elegance and special occasions.",Date Night / Evening
155,CAROLINA HERRERA,212 NYC MEN,"Grapefruit, Bergamot, Lavender","Ginger, Gardenia, Violet","Sandalwood, Musk, Incense","212 Nyc Men by Carolina Herrera is a captivating fragrance that opens with grapefruit, bergamot, creating a fresh and inviting first impression. The heart reveals ginger, gardenia, adding depth and sophistication, while the base of sandalwood, musk leaves a smooth and long-lasting trail. An ideal scent for both everyday elegance and special occasions.",Formal / Special Occasions
156,CAROLINA HERRERA,GOOD GIRL,"Almond, Coffee, Bergamot","Jasmine, Tuberose, Orange Blossom","Tonka Bean, Cocoa, Vanilla","Good Girl by Carolina Herrera is a captivating fragrance that opens with almond, coffee, creating a fresh and inviting first impression. The heart reveals jasmine, tuberose, adding depth and sophistication, while the base of tonka bean, cocoa leaves a smooth and long-lasting trail. An ideal scent for both everyday elegance and special occasions.",Date Night / Evening
157,CAROLINA HERRERA,NIGHTFALL PATCHOL,"Bergamot, Pink Pepper","Patchouli, Rose, Incense","Amber, Vanilla, Musk","Nightfall Patchol by Carolina Herrera is a captivating fragrance that opens with bergamot, pink pepper, creating a fresh and inviting first impression. The heart reveals patchouli, rose, adding depth and sophistication, while the base of amber, vanilla leaves a smooth and long-lasting trail. An ideal scent for both everyday elegance and special occasions.",Date Night / Evening
158,CAROLINA HERRERA,BAD BOY,"White Pepper, Bergamot","Clary Sage, Cedarwood","Tonka Bean, Cacao, Amberwood","Bad Boy by Carolina Herrera is a captivating fragrance that opens with white pepper, bergamot, creating a fresh and inviting first impression. The heart reveals clary sage, cedarwood, adding depth and sophistication, while the base of tonka bean, cacao leaves a smooth and long-lasting trail. An ideal scent for both everyday elegance and special occasions.",Office / Daily
159,CAROLINA HERRERA,MEN PRIVE,"Whiskey, Grapefruit, Pomelo","Lavender, Sage, Cardamom","Leather, Tonka Bean, Benzoin","Men Prive by Carolina Herrera is a captivating fragrance that opens with whiskey, grapefruit, creating a fresh and inviting first impression. The heart reveals lavender, sage, adding depth and sophistication, while the base of leather, tonka bean leaves a smooth and long-lasting trail. An ideal scent for both everyday elegance and special occasions.",Office / Daily
160,CAROLINA HERRERA,BRONZE TONKA,"Bergamot, Spices","Tonka Bean, Tobacco, Cacao","Amber, Vanilla, Wood","Bronze Tonka by Carolina Herrera is a captivating fragrance that opens with bergamot, spices, creating a fresh and inviting first impression. The heart reveals tonka bean, tobacco, adding depth and sophistication, while the base of amber, vanilla leaves a smooth and long-lasting trail. An ideal scent for both everyday elegance and special occasions.",Date Night / Evening
161,CAROLINA HERRERA,212 VIP BLACK EXTRA,"Rum, Grapefruit, Spices","Lavender, Leather","Vanilla, Amber, Musk","212 Vip Black Extra by Carolina Herrera is a captivating fragrance that opens with rum, grapefruit, creating a fresh and inviting first impression. The heart reveals lavender, leather, adding depth and sophistication, while the base of vanilla, amber leaves a smooth and long-lasting trail. An ideal scent for both everyday elegance and special occasions.",Date Night / Evening
162,CARTIER,PASHA,"Mint, Lavender, Mandarin","Coriander, Brazilian Rosewood","Oakmoss, Patchouli, Sandalwood","Pasha by Cartier is a captivating fragrance that opens with mint, lavender, creating a fresh and inviting first impression. The heart reveals coriander, brazilian rosewood, adding depth and sophistication, while the base of oakmoss, patchouli leaves a smooth and long-lasting trail. An ideal scent for both everyday elegance and special occasions.",Office / Daily
163,CARTIER,DECLARATION,"Bergamot, Orange, Birch","Cardamom, Juniper, Ginger","Vetiver, Cedarwood, Oakmoss","Declaration by Cartier is a captivating fragrance that opens with bergamot, orange, creating a fresh and inviting first impression. The heart reveals cardamom, juniper, adding depth and sophistication, while the base of vetiver, cedarwood leaves a smooth and long-lasting trail. An ideal scent for both everyday elegance and special occasions.",Office / Daily
164,CHANEL,BLEU DE CHANEL L'EXCLUSIF,"Lemon, Bergamot, Mint","Lavender, Geranium, Pineapple","Sandalwood, Amber, Cedarwood","Bleu De Chanel L'Exclusif by Chanel is a captivating fragrance that opens with lemon, bergamot, creating a fresh and inviting first impression. The heart reveals lavender, geranium, adding depth and sophistication, while the base of sandalwood, amber leaves a smooth and long-lasting trail. An ideal scent for both everyday elegance and special occasions.",Date Night / Evening
165,CHANEL,BLEU EAU DE PARFUM,"Grapefruit, Lemon, Mint","Ginger, Jasmine, Nutmeg","Incense, Sandalwood, Amber","Bleu Eau De Parfum by Chanel is a captivating fragrance that opens with grapefruit, lemon, creating a fresh and inviting first impression. The heart reveals ginger, jasmine, adding depth and sophistication, while the base of incense, sandalwood leaves a smooth and long-lasting trail. An ideal scent for both everyday elegance and special occasions.",Date Night / Evening
166,CHANEL,BLEU DE CHANEL,"Lemon, Grapefruit, Mint","Ginger, Iso E Super, Jasmine","Incense, Cedarwood, Sandalwood","Bleu De Chanel by Chanel is a captivating fragrance that opens with lemon, grapefruit, creating a fresh and inviting first impression. The heart reveals ginger, iso e super, adding depth and sophistication, while the base of incense, cedarwood leaves a smooth and long-lasting trail. An ideal scent for both everyday elegance and special occasions.",Office / Daily
167,CHANEL,CHANEL NO.5,"Aldehydes, Neroli, Ylang-Ylang","Rose, Jasmine, Iris","Sandalwood, Vetiver, Vanilla","Chanel No.5 by Chanel is a captivating fragrance that opens with aldehydes, neroli, creating a fresh and inviting first impression. The heart reveals rose, jasmine, adding depth and sophistication, while the base of sandalwood, vetiver leaves a smooth and long-lasting trail. An ideal scent for both everyday elegance and special occasions.",Office / Daily
168,CHANEL,COCO CHANEL MADEMOISELLE,"Orange, Bergamot, Grapefruit","Rose, Jasmine, Litchi","Patchouli, Vanilla, Musk","Coco Chanel Mademoiselle by Chanel is a captivating fragrance that opens with orange, bergamot, creating a fresh and inviting first impression. The heart reveals rose, jasmine, adding depth and sophistication, while the base of patchouli, vanilla leaves a smooth and long-lasting trail. An ideal scent for both everyday elegance and special occasions.",Date Night / Evening
169,CHANEL,ALLURE CHANEL SPORT,"Orange, Aldehydes, Mandarin","Neroli, Pepper, Cedarwood","Vanilla, Tonka Bean, Musk","Allure Chanel Sport by Chanel is a captivating fragrance that opens with orange, aldehydes, creating a fresh and inviting first impression. The heart reveals neroli, pepper, adding depth and sophistication, while the base of vanilla, tonka bean leaves a smooth and long-lasting trail. An ideal scent for both everyday elegance and special occasions.",Gym / Casual
170,CHANEL,PLATINUM EGOIST,"Lavender, Rosemary, Neroli","Geranium, Clary Sage, Galbanum","Oakmoss, Vetiver, Cedarwood","Platinum Egoist by Chanel is a captivating fragrance that opens with lavender, rosemary, creating a fresh and inviting first impression. The heart reveals geranium, clary sage, adding depth and sophistication, while the base of oakmoss, vetiver leaves a smooth and long-lasting trail. An ideal scent for both everyday elegance and special occasions.",Office / Daily
171,CHANEL,No. 1 Lâ€™eau Rouge,"Citrus Notes, Red Berries","Rose, Jasmine, Orange Blossom","Musk, Tonka Bean, Sandalwood","No. 1 Lâ€™Eau Rouge by Chanel is a captivating fragrance that opens with citrus notes, red berries, creating a fresh and inviting first impression. The heart reveals rose, jasmine, adding depth and sophistication, while the base of musk, tonka bean leaves a smooth and long-lasting trail. An ideal scent for both everyday elegance and special occasions.",Formal / Special Occasions
172,CHANEL,PARIS VENISE,"Orange, Bergamot","Neroli, Ylang-Ylang","Tonka Bean, Vanilla, Musk","Paris Venise by Chanel is a captivating fragrance that opens with orange, bergamot, creating a fresh and inviting first impression. The heart reveals neroli, ylang-ylang, adding depth and sophistication, while the base of tonka bean, vanilla leaves a smooth and long-lasting trail. An ideal scent for both everyday elegance and special occasions.",Office / Daily
173,CHANEL,CHANCE,"Pink Pepper, Lemon, Pineapple","Jasmine, Iris, Hyacinth","Patchouli, Vetiver, Musk","Chance by Chanel is a captivating fragrance that opens with pink pepper, lemon, creating a fresh and inviting first impression. The heart reveals jasmine, iris, adding depth and sophistication, while the base of patchouli, vetiver leaves a smooth and long-lasting trail. An ideal scent for both everyday elegance and special occasions.",Office / Daily
174,CHANEL,COCO CHANEL,"Mandarin, Orange Blossom, Coriander","Jasmine, Mimosa, Rose","Patchouli, Amber, Sandalwood","Coco Chanel by Chanel is a captivating fragrance that opens with mandarin, orange blossom, creating a fresh and inviting first impression. The heart reveals jasmine, mimosa, adding depth and sophistication, while the base of patchouli, amber leaves a smooth and long-lasting trail. An ideal scent for both everyday elegance and special occasions.",Formal / Special Occasions
175,CHERGUI,SERGE LUTENS,"Hay, Honey, Tobacco","Iris, Rose, Incense","Amber, Sandalwood, Musk","Serge Lutens by Chergui is a captivating fragrance that opens with hay, honey, creating a fresh and inviting first impression. The heart reveals iris, rose, adding depth and sophistication, while the base of amber, sandalwood leaves a smooth and long-lasting trail. An ideal scent for both everyday elegance and special occasions.",Formal / Special Occasions
176,CHOPARD,OUD MALIKI,"Grapefruit, Lavender","Tobacco, Spices, Leather","Oud, Amber, Dark Woods","Oud Maliki by Chopard is a captivating fragrance that opens with grapefruit, lavender, creating a fresh and inviting first impression. The heart reveals tobacco, spices, adding depth and sophistication, while the base of oud, amber leaves a smooth and long-lasting trail. An ideal scent for both everyday elegance and special occasions.",Date Night / Evening
177,CHOPARD,AMBER MALIKI,"Incense, Lavender","Amber, Benzoin, Labdanum","Vanilla, Sandalwood, Musk","Amber Maliki by Chopard is a captivating fragrance that opens with incense, lavender, creating a fresh and inviting first impression. The heart reveals amber, benzoin, adding depth and sophistication, while the base of vanilla, sandalwood leaves a smooth and long-lasting trail. An ideal scent for both everyday elegance and special occasions.",Office / Daily
178,CLINIQUE,HAPPY MEN,"Lime, Green Notes, Mandarin","Jasmine, Freesia, Lily","Cedarwood, Musk, Amber","Happy Men by Clinique is a captivating fragrance that opens with lime, green notes, creating a fresh and inviting first impression. The heart reveals jasmine, freesia, adding depth and sophistication, while the base of cedarwood, musk leaves a smooth and long-lasting trail. An ideal scent for both everyday elegance and special occasions.",Office / Daily
179,CLINIQUE,HAPPY WOMEN,"Orange, Grapefruit, Apple","Freesia, Lily, Rose","Magnolia, Musk, Amber","Happy Women by Clinique is a captivating fragrance that opens with orange, grapefruit, creating a fresh and inviting first impression. The heart reveals freesia, lily, adding depth and sophistication, while the base of magnolia, musk leaves a smooth and long-lasting trail. An ideal scent for both everyday elegance and special occasions.",Date Night / Evening
180,CLIVE CHRISTIAN,TOWN&COUNTRY,"Lemon, Clary Sage","Cypress, Ambergris, Juniper","Cedarwood, Sandalwood, Musk","Town&Country by Clive Christian is a captivating fragrance that opens with lemon, clary sage, creating a fresh and inviting first impression. The heart reveals cypress, ambergris, adding depth and sophistication, while the base of cedarwood, sandalwood leaves a smooth and long-lasting trail. An ideal scent for both everyday elegance and special occasions.",Office / Daily
181,CLIVE CHRISTIAN,BLONDE AMBER,"Bergamot, Pink Pepper","Iris, Jasmine, Heliotrope","Amber, Vanilla, Musk","Blonde Amber by Clive Christian is a captivating fragrance that opens with bergamot, pink pepper, creating a fresh and inviting first impression. The heart reveals iris, jasmine, adding depth and sophistication, while the base of amber, vanilla leaves a smooth and long-lasting trail. An ideal scent for both everyday elegance and special occasions.",Date Night / Evening
182,CLIVE CHRISTIAN,RED TEA,"Bergamot, Lemon","Red Tea, Mate, Violet","Cedarwood, Musk, Amber","Red Tea by Clive Christian is a captivating fragrance that opens with bergamot, lemon, creating a fresh and inviting first impression. The heart reveals red tea, mate, adding depth and sophistication, while the base of cedarwood, musk leaves a smooth and long-lasting trail. An ideal scent for both everyday elegance and special occasions.",Formal / Special Occasions
183,CLIVE CHRISTIAN,MATSUTAKE,"Bergamot, Spices","Mushroom, Incense, Wood","Amber, Patchouli, Musk","Matsutake by Clive Christian is a captivating fragrance that opens with bergamot, spices, creating a fresh and inviting first impression. The heart reveals mushroom, incense, adding depth and sophistication, while the base of amber, patchouli leaves a smooth and long-lasting trail. An ideal scent for both everyday elegance and special occasions.",Office / Daily
184,CLIVE CRISTIAN,NO.1,"Bergamot, Lime, Mandarin","Rose, Jasmine, Ylang-Ylang","Sandalwood, Vanilla, Amber","No.1 by Clive Cristian is a captivating fragrance that opens with bergamot, lime, creating a fresh and inviting first impression. The heart reveals rose, jasmine, adding depth and sophistication, while the base of sandalwood, vanilla leaves a smooth and long-lasting trail. An ideal scent for both everyday elegance and special occasions.",Date Night / Evening
185,COMMES DE GARCONS,WONDERWOOD,"Bergamot, Pepper","Cedarwood, Vetiver, Guaiac Wood","Sandalwood, Oud, Amber","Wonderwood by Commes De Garcons is a captivating fragrance that opens with bergamot, pepper, creating a fresh and inviting first impression. The heart reveals cedarwood, vetiver, adding depth and sophistication, while the base of sandalwood, oud leaves a smooth and long-lasting trail. An ideal scent for both everyday elegance and special occasions.",Date Night / Evening
186,CREATION,PISTCHIO MUSK,"Pistachio, Almond, Bergamot","Jasmine, Heliotrope, Milk Accord","Vanilla, Musk, Tonka Bean","Pistchio Musk by Creation is a captivating fragrance that opens with pistachio, almond, creating a fresh and inviting first impression. The heart reveals jasmine, heliotrope, adding depth and sophistication, while the base of vanilla, musk leaves a smooth and long-lasting trail. An ideal scent for both everyday elegance and special occasions.",Office / Daily
187,CREATION,OLD SPICE SHULTON,"Orange, Nutmeg, Cinnamon","Carnation, Geranium, Jasmine","Musk, Amber, Vanilla","Old Spice Shulton by Creation is a captivating fragrance that opens with orange, nutmeg, creating a fresh and inviting first impression. The heart reveals carnation, geranium, adding depth and sophistication, while the base of musk, amber leaves a smooth and long-lasting trail. An ideal scent for both everyday elegance and special occasions.",Gym / Casual
188,CREATION,MUKHALAT AZRAAN,"Saffron, Rose","Oud, Sandalwood, Patchouli","Amber, Musk, Vanilla","Mukhalat Azraan by Creation is a captivating fragrance that opens with saffron, rose, creating a fresh and inviting first impression. The heart reveals oud, sandalwood, adding depth and sophistication, while the base of amber, musk leaves a smooth and long-lasting trail. An ideal scent for both everyday elegance and special occasions.",Office / Daily
189,CREATION,MUKHALAT AL LAVAL,"Rose, Citrus","Oud, Amber, Sandalwood","Musk, Vanilla, Resin","Mukhalat Al Laval by Creation is a captivating fragrance that opens with rose, citrus, creating a fresh and inviting first impression. The heart reveals oud, amber, adding depth and sophistication, while the base of musk, vanilla leaves a smooth and long-lasting trail. An ideal scent for both everyday elegance and special occasions.",Date Night / Evening
190,CREED,CENTAURUS,"Bergamot, Pink Pepper","Jasmine, Patchouli, Vetiver","Amber, Musk, Leather","Centaurus by Creed is a captivating fragrance that opens with bergamot, pink pepper, creating a fresh and inviting first impression. The heart reveals jasmine, patchouli, adding depth and sophistication, while the base of amber, musk leaves a smooth and long-lasting trail. An ideal scent for both everyday elegance and special occasions.",Date Night / Evening
191,CREED,ROYAL OUD,"Lemon, Pink Pepper, Bergamot","Cedarwood, Galbanum, Angelica","Oud, Sandalwood, Musk","Royal Oud by Creed is a captivating fragrance that opens with lemon, pink pepper, creating a fresh and inviting first impression. The heart reveals cedarwood, galbanum, adding depth and sophistication, while the base of oud, sandalwood leaves a smooth and long-lasting trail. An ideal scent for both everyday elegance and special occasions.",Date Night / Evening
192,CREED,OUD ZARIAN,"Saffron, Bergamot","Rose, Oud, Patchouli","Amber, Musk, Sandalwood","Oud Zarian by Creed is a captivating fragrance that opens with saffron, bergamot, creating a fresh and inviting first impression. The heart reveals rose, oud, adding depth and sophistication, while the base of amber, musk leaves a smooth and long-lasting trail. An ideal scent for both everyday elegance and special occasions.",Date Night / Evening
193,CREED,AVENTUS,"Pineapple, Bergamot, Blackcurrant","Birch, Jasmine, Patchouli","Musk, Oakmoss, Ambergris","Aventus by Creed is a captivating fragrance that opens with pineapple, bergamot, creating a fresh and inviting first impression. The heart reveals birch, jasmine, adding depth and sophistication, while the base of musk, oakmoss leaves a smooth and long-lasting trail. An ideal scent for both everyday elegance and special occasions.",Office / Daily
194,CREED,SILVER MOUNTAIN WATER,"Bergamot, Mandarin, Blackcurrant","Green Tea, Ozone, Black Tea","Musk, Sandalwood, Petitgrain","Silver Mountain Water by Creed is a captivating fragrance that opens with bergamot, mandarin, creating a fresh and inviting first impression. The heart reveals green tea, ozone, adding depth and sophistication, while the base of musk, sandalwood leaves a smooth and long-lasting trail. An ideal scent for both everyday elegance and special occasions.",Office / Daily
195,CREED,GREEN IRISH TWEED,"Lemon, Verbena, Iris","Violet Leaf, Green Notes","Sandalwood, Ambergris, Musk","Green Irish Tweed by Creed is a captivating fragrance that opens with lemon, verbena, creating a fresh and inviting first impression. The heart reveals violet leaf, green notes, adding depth and sophistication, while the base of sandalwood, ambergris leaves a smooth and long-lasting trail. An ideal scent for both everyday elegance and special occasions.",Office / Daily
196,CREED,ROYAL WATER,"Citrus, Mint, Bergamot","Juniper, Basil, Pepper","Musk, Ambergris, Cedarwood","Royal Water by Creed is a captivating fragrance that opens with citrus, mint, creating a fresh and inviting first impression. The heart reveals juniper, basil, adding depth and sophistication, while the base of musk, ambergris leaves a smooth and long-lasting trail. An ideal scent for both everyday elegance and special occasions.",Date Night / Evening
197,CREED,HIMALAYAN,"Grapefruit, Lemon, Bergamot","Sandalwood, Gunpowder Accord, Pepper","Musk, Ambergris, Cedarwood","Himalayan by Creed is a captivating fragrance that opens with grapefruit, lemon, creating a fresh and inviting first impression. The heart reveals sandalwood, gunpowder accord, adding depth and sophistication, while the base of musk, ambergris leaves a smooth and long-lasting trail. An ideal scent for both everyday elegance and special occasions.",Formal / Special Occasions
198,CREED,VIKING,"Pink Pepper, Mint, Bergamot","Lavender, Clove, Rose","Vetiver, Sandalwood, Patchouli","Viking by Creed is a captivating fragrance that opens with pink pepper, mint, creating a fresh and inviting first impression. The heart reveals lavender, clove, adding depth and sophistication, while the base of vetiver, sandalwood leaves a smooth and long-lasting trail. An ideal scent for both everyday elegance and special occasions.",Formal / Special Occasions
199,CREED,MILLESIME IMPERIAL,"Fruit Notes, Sea Salt, Bergamot","Iris, Marine Notes, Citrus","Musk, Woody Notes, Amber","Millesime Imperial by Creed is a captivating fragrance that opens with fruit notes, sea salt, creating a fresh and inviting first impression. The heart reveals iris, marine notes, adding depth and sophistication, while the base of musk, woody notes leaves a smooth and long-lasting trail. An ideal scent for both everyday elegance and special occasions.",Date Night / Evening
200,CREED,VIRGIN ISLAND WATER,"Coconut, Lime, Bergamot","Ylang-Ylang, Jasmine, Ginger","Musk, Sugar Cane, Rum","Virgin Island Water by Creed is a captivating fragrance that opens with coconut, lime, creating a fresh and inviting first impression. The heart reveals ylang-ylang, jasmine, adding depth and sophistication, while the base of musk, sugar cane leaves a smooth and long-lasting trail. An ideal scent for both everyday elegance and special occasions.",Office / Daily
201,CREED,ORIGINAL VETIVER,"Ginger, Bergamot, Mandarin","Vetiver, Iris, Sandalwood","Musk, Ambergris, Cedarwood","Original Vetiver by Creed is a captivating fragrance that opens with ginger, bergamot, creating a fresh and inviting first impression. The heart reveals vetiver, iris, adding depth and sophistication, while the base of musk, ambergris leaves a smooth and long-lasting trail. An ideal scent for both everyday elegance and special occasions.",Date Night / Evening
202,CREED,WIND FLOWERS,"Jasmine, Orange Blossom, Peach","Tuberose, Rose, Iris","Musk, Praline, Sandalwood","Wind Flowers by Creed is a captivating fragrance that opens with jasmine, orange blossom, creating a fresh and inviting first impression. The heart reveals tuberose, rose, adding depth and sophistication, while the base of musk, praline leaves a smooth and long-lasting trail. An ideal scent for both everyday elegance and special occasions.",Date Night / Evening
203,CREED,CARMINA 2023,"Black Cherry, Saffron","Rose, Peony, Violet","Amber, Cashmere Wood, Musk","Carmina 2023 by Creed is a captivating fragrance that opens with black cherry, saffron, creating a fresh and inviting first impression. The heart reveals rose, peony, adding depth and sophistication, while the base of amber, cashmere wood leaves a smooth and long-lasting trail. An ideal scent for both everyday elegance and special occasions.",Office / Daily
204,CREED,AVENTUS ABSOLU,"Pineapple, Grapefruit, Bergamot","Patchouli, Vetiver, Pepper","Ambergris, Musk, Oakmoss","Aventus Absolu by Creed is a captivating fragrance that opens with pineapple, grapefruit, creating a fresh and inviting first impression. The heart reveals patchouli, vetiver, adding depth and sophistication, while the base of ambergris, musk leaves a smooth and long-lasting trail. An ideal scent for both everyday elegance and special occasions.",Office / Daily
205,CREED,EROLFA,"Citrus, Lemon, Bergamot","Ginger, Pepper, Jasmine","Ambergris, Musk, Cedarwood","Erolfa by Creed is a captivating fragrance that opens with citrus, lemon, creating a fresh and inviting first impression. The heart reveals ginger, pepper, adding depth and sophistication, while the base of ambergris, musk leaves a smooth and long-lasting trail. An ideal scent for both everyday elegance and special occasions.",Office / Daily
206,CREED,HIMALAYA,"Grapefruit, Lemon, Bergamot","Sandalwood, Pepper, Vetiver","Musk, Ambergris, Cedarwood","Himalaya by Creed is a captivating fragrance that opens with grapefruit, lemon, creating a fresh and inviting first impression. The heart reveals sandalwood, pepper, adding depth and sophistication, while the base of musk, ambergris leaves a smooth and long-lasting trail. An ideal scent for both everyday elegance and special occasions.",Office / Daily
207,CREED,LOVE IN THE WHITE,"Orange Peel, Apple, Rice Husk","Iris, Magnolia, Jasmine","Vanilla, Ambergris, Sandalwood","Love In The White by Creed is a captivating fragrance that opens with orange peel, apple, creating a fresh and inviting first impression. The heart reveals iris, magnolia, adding depth and sophistication, while the base of vanilla, ambergris leaves a smooth and long-lasting trail. An ideal scent for both everyday elegance and special occasions.",Office / Daily
208,CRISTIANO RONALDO,CR7 ORIGINS,"Pineapple, Mandarin, Bay Leaf","Lavender, Clary Sage, Geranium","Patchouli, Vetiver, Amber","Cr7 Origins by Cristiano Ronaldo is a captivating fragrance that opens with pineapple, mandarin, creating a fresh and inviting first impression. The heart reveals lavender, clary sage, adding depth and sophistication, while the base of patchouli, vetiver leaves a smooth and long-lasting trail. An ideal scent for both everyday elegance and special occasions.",Office / Daily
209,DAVIDOFF,COOLWATER MEN,"Mint, Lavender, Green Notes","Jasmine, Neroli, Geranium","Musk, Amber, Sandalwood","Coolwater Men by Davidoff is a captivating fragrance that opens with mint, lavender, creating a fresh and inviting first impression. The heart reveals jasmine, neroli, adding depth and sophistication, while the base of musk, amber leaves a smooth and long-lasting trail. An ideal scent for both everyday elegance and special occasions.",Office / Daily
210,DAVIDOFF,COOLWATER WOMEN,"Citrus, Melon, Pineapple","Lily, Jasmine, Lotus","Musk, Vanilla, Sandalwood","Coolwater Women by Davidoff is a captivating fragrance that opens with citrus, melon, creating a fresh and inviting first impression. The heart reveals lily, jasmine, adding depth and sophistication, while the base of musk, vanilla leaves a smooth and long-lasting trail. An ideal scent for both everyday elegance and special occasions.",Formal / Special Occasions
211,DAVIDOFF,WOOD BLEND,"Lemon, Cardamom","Saffron, Nutmeg, Leather","Amber, Cedarwood, Musk","Wood Blend by Davidoff is a captivating fragrance that opens with lemon, cardamom, creating a fresh and inviting first impression. The heart reveals saffron, nutmeg, adding depth and sophistication, while the base of amber, cedarwood leaves a smooth and long-lasting trail. An ideal scent for both everyday elegance and special occasions.",Date Night / Evening
212,DAVIDOFF,LEATHER BLEND,"Pepper, Saffron","Leather, Rose, Patchouli","Amber, Musk, Wood","Leather Blend by Davidoff is a captivating fragrance that opens with pepper, saffron, creating a fresh and inviting first impression. The heart reveals leather, rose, adding depth and sophistication, while the base of amber, musk leaves a smooth and long-lasting trail. An ideal scent for both everyday elegance and special occasions.",Formal / Special Occasions
213,DAVIDOFF,AGARBLEND,"Spices, Bergamot","Oud, Rose, Patchouli","Amber, Musk, Resin","Agarblend by Davidoff is a captivating fragrance that opens with spices, bergamot, creating a fresh and inviting first impression. The heart reveals oud, rose, adding depth and sophistication, while the base of amber, musk leaves a smooth and long-lasting trail. An ideal scent for both everyday elegance and special occasions.",Formal / Special Occasions
214,DAVIDOFF,CHAMPION ENERGY,"Bergamot, Grapefruit","Galbanum, Spices","Cedarwood, Oakmoss, Musk","Champion Energy by Davidoff is a captivating fragrance that opens with bergamot, grapefruit, creating a fresh and inviting first impression. The heart reveals galbanum, spices, adding depth and sophistication, while the base of cedarwood, oakmoss leaves a smooth and long-lasting trail. An ideal scent for both everyday elegance and special occasions.",Formal / Special Occasions
215,DAVIDOFF,THE GAME,"Gin, Juniper, Iris","Woody Notes, Labdanum","Ebony Wood, Patchouli, Musk","The Game by Davidoff is a captivating fragrance that opens with gin, juniper, creating a fresh and inviting first impression. The heart reveals woody notes, labdanum, adding depth and sophistication, while the base of ebony wood, patchouli leaves a smooth and long-lasting trail. An ideal scent for both everyday elegance and special occasions.",Office / Daily
216,DAVIDOFF,CHAMPION MEN,"Lemon, Bergamot","Galbanum, Clary Sage","Cedarwood, Oakmoss, Musk","Champion Men by Davidoff is a captivating fragrance that opens with lemon, bergamot, creating a fresh and inviting first impression. The heart reveals galbanum, clary sage, adding depth and sophistication, while the base of cedarwood, oakmoss leaves a smooth and long-lasting trail. An ideal scent for both everyday elegance and special occasions.",Date Night / Evening
217,DAVIDOFF,COOLWATER GAME,"Grapefruit, Apple","Jasmine, Freesia","Musk, Cedarwood, Amber","Coolwater Game by Davidoff is a captivating fragrance that opens with grapefruit, apple, creating a fresh and inviting first impression. The heart reveals jasmine, freesia, adding depth and sophistication, while the base of musk, cedarwood leaves a smooth and long-lasting trail. An ideal scent for both everyday elegance and special occasions.",Office / Daily
218,DAVIDOFF,COOLWATER NIGHT DIVE,"Mint, Citrus, Pistachio","Sea Notes, Sage","Sandalwood, Amber, Musk","Coolwater Night Dive by Davidoff is a captivating fragrance that opens with mint, citrus, creating a fresh and inviting first impression. The heart reveals sea notes, sage, adding depth and sophistication, while the base of sandalwood, amber leaves a smooth and long-lasting trail. An ideal scent for both everyday elegance and special occasions.",Date Night / Evening
219,DAVIDOFF,COOLWATER SEA ROSE,"Pear, Mandarin","Peony, Rose, Pink Pepper","Musk, Cedarwood, Amber","Coolwater Sea Rose by Davidoff is a captivating fragrance that opens with pear, mandarin, creating a fresh and inviting first impression. The heart reveals peony, rose, adding depth and sophistication, while the base of musk, cedarwood leaves a smooth and long-lasting trail. An ideal scent for both everyday elegance and special occasions.",Office / Daily
220,DAVIDOFF,COOL WATER MEN INTENSE,"Green Mandarin, Coconut","Amber, Marine Notes","Musk, Sandalwood, Ambergris","Cool Water Men Intense by Davidoff is a captivating fragrance that opens with green mandarin, coconut, creating a fresh and inviting first impression. The heart reveals amber, marine notes, adding depth and sophistication, while the base of musk, sandalwood leaves a smooth and long-lasting trail. An ideal scent for both everyday elegance and special occasions.",Date Night / Evening
221,DAVIDOFF,COOL WATER WOMEN INTENSE,"Green Mandarin, Watermelon, Citrus","Jasmine, Coconut Nectar, Floral Notes","Musk, Sandalwood, Amber","Cool Water Women Intense by Davidoff is a captivating fragrance that opens with green mandarin, watermelon, creating a fresh and inviting first impression. The heart reveals jasmine, coconut nectar, adding depth and sophistication, while the base of musk, sandalwood leaves a smooth and long-lasting trail. An ideal scent for both everyday elegance and special occasions.",Date Night / Evening
222,DIOR,BOIS TALISMAN,"Bergamot, Pink Pepper","Cedarwood, Incense, Patchouli","Amber, Vanilla, Musk","Bois Talisman by Dior is a captivating fragrance that opens with bergamot, pink pepper, creating a fresh and inviting first impression. The heart reveals cedarwood, incense, adding depth and sophistication, while the base of amber, vanilla leaves a smooth and long-lasting trail. An ideal scent for both everyday elegance and special occasions.",Office / Daily
223,DIOR,ROSE KABUKI,"Bergamot, Pink Pepper","Rose, Peony, Jasmine","Musk, Amber, Woody Notes","Rose Kabuki by Dior is a captivating fragrance that opens with bergamot, pink pepper, creating a fresh and inviting first impression. The heart reveals rose, peony, adding depth and sophistication, while the base of musk, amber leaves a smooth and long-lasting trail. An ideal scent for both everyday elegance and special occasions.",Office / Daily
224,DIOR,BALLADE SAUVAGE,"Bergamot, Fig, Pink Pepper","Jasmine, Peach, Rose","Cedarwood, Amber, Labdanum","Ballade Sauvage by Dior is a captivating fragrance that opens with bergamot, fig, creating a fresh and inviting first impression. The heart reveals jasmine, peach, adding depth and sophistication, while the base of cedarwood, amber leaves a smooth and long-lasting trail. An ideal scent for both everyday elegance and special occasions.",Office / Daily
225,DIOR,NEW LOOK 1974,"Aldehydes, Bergamot","Rose, Jasmine, Ylang-Ylang","Musk, Oakmoss, Sandalwood","New Look 1974 by Dior is a captivating fragrance that opens with aldehydes, bergamot, creating a fresh and inviting first impression. The heart reveals rose, jasmine, adding depth and sophistication, while the base of musk, oakmoss leaves a smooth and long-lasting trail. An ideal scent for both everyday elegance and special occasions.",Formal / Special Occasions
226,DIOR,ROSE GIPSY,"Bergamot, Lemon","Rose, Geranium, Jasmine","Musk, Amber, Woody Notes","Rose Gipsy by Dior is a captivating fragrance that opens with bergamot, lemon, creating a fresh and inviting first impression. The heart reveals rose, geranium, adding depth and sophistication, while the base of musk, amber leaves a smooth and long-lasting trail. An ideal scent for both everyday elegance and special occasions.",Office / Daily
227,DIOR,SAUVAGE,"Bergamot, Pepper","Ambroxan, Lavender, Geranium","Cedarwood, Labdanum, Vetiver","Sauvage by Dior is a captivating fragrance that opens with bergamot, pepper, creating a fresh and inviting first impression. The heart reveals ambroxan, lavender, adding depth and sophistication, while the base of cedarwood, labdanum leaves a smooth and long-lasting trail. An ideal scent for both everyday elegance and special occasions.",Date Night / Evening
228,DIOR,SAUVAGE ELIXIR,"Grapefruit, Cinnamon","Nutmeg, Lavender, Cardamom","Licorice, Amber, Sandalwood","Sauvage Elixir by Dior is a captivating fragrance that opens with grapefruit, cinnamon, creating a fresh and inviting first impression. The heart reveals nutmeg, lavender, adding depth and sophistication, while the base of licorice, amber leaves a smooth and long-lasting trail. An ideal scent for both everyday elegance and special occasions.",Date Night / Evening
229,DIOR,PURPLE OUDH,"Saffron, Orange","Oud, Rose, Patchouli","Amber, Musk, Sandalwood","Purple Oudh by Dior is a captivating fragrance that opens with saffron, orange, creating a fresh and inviting first impression. The heart reveals oud, rose, adding depth and sophistication, while the base of amber, musk leaves a smooth and long-lasting trail. An ideal scent for both everyday elegance and special occasions.",Date Night / Evening
230,DIOR,TOBACOLOUR,"Honey, Tobacco Leaf","Plum, Amber, Spices","Tobacco, Tonka Bean, Vanilla","Tobacolour by Dior is a captivating fragrance that opens with honey, tobacco leaf, creating a fresh and inviting first impression. The heart reveals plum, amber, adding depth and sophistication, while the base of tobacco, tonka bean leaves a smooth and long-lasting trail. An ideal scent for both everyday elegance and special occasions.",Date Night / Evening
231,DIOR,OUSH ISPAHAN,"Labdanum, Rose","Patchouli, Oud, Sandalwood","Amber, Musk, Resin","Oush Ispahan by Dior is a captivating fragrance that opens with labdanum, rose, creating a fresh and inviting first impression. The heart reveals patchouli, oud, adding depth and sophistication, while the base of amber, musk leaves a smooth and long-lasting trail. An ideal scent for both everyday elegance and special occasions.",Date Night / Evening
232,DIOR,AMBER NUIT,"Bergamot, Grapefruit","Rose, Pink Pepper","Ambergris, Cedarwood, Patchouli","Amber Nuit by Dior is a captivating fragrance that opens with bergamot, grapefruit, creating a fresh and inviting first impression. The heart reveals rose, pink pepper, adding depth and sophistication, while the base of ambergris, cedarwood leaves a smooth and long-lasting trail. An ideal scent for both everyday elegance and special occasions.",Office / Daily
233,DIOR,DIOR HOMME,"Lavender, Bergamot","Iris, Cocoa, Amber","Sandalwood, Vetiver, Leather","Dior Homme by Dior is a captivating fragrance that opens with lavender, bergamot, creating a fresh and inviting first impression. The heart reveals iris, cocoa, adding depth and sophistication, while the base of sandalwood, vetiver leaves a smooth and long-lasting trail. An ideal scent for both everyday elegance and special occasions.",Date Night / Evening
234,DIOR,DIOR HOMME INTENSE,Lavender,"Iris, Ambrette","Pear, Vetiver, Cedarwood","Dior Homme Intense by Dior is a captivating fragrance that opens with lavender, creating a fresh and inviting first impression. The heart reveals iris, ambrette, adding depth and sophistication, while the base of pear, vetiver leaves a smooth and long-lasting trail. An ideal scent for both everyday elegance and special occasions.",Date Night / Evening
235,DIOR,PURE POISON,"Jasmine, Orange, Bergamot","Gardenia, Orange Blossom, Tuberose","Sandalwood, Amber, Musk","Pure Poison by Dior is a captivating fragrance that opens with jasmine, orange, creating a fresh and inviting first impression. The heart reveals gardenia, orange blossom, adding depth and sophistication, while the base of sandalwood, amber leaves a smooth and long-lasting trail. An ideal scent for both everyday elegance and special occasions.",Office / Daily
236,DIOR,FEHRENHIET,"Mandarin, Lavender, Nutmeg","Violet, Leather, Cedar","Vetiver, Amber, Tonka Bean","Fehrenhiet by Dior is a captivating fragrance that opens with mandarin, lavender, creating a fresh and inviting first impression. The heart reveals violet, leather, adding depth and sophistication, while the base of vetiver, amber leaves a smooth and long-lasting trail. An ideal scent for both everyday elegance and special occasions.",Office / Daily
237,DIOR,DIOR ADDICT WOMEN,"Mandarin, Orange Blossom","Jasmine, Night Blooming Flower","Vanilla, Tonka Bean, Sandalwood","Dior Addict Women by Dior is a captivating fragrance that opens with mandarin, orange blossom, creating a fresh and inviting first impression. The heart reveals jasmine, night blooming flower, adding depth and sophistication, while the base of vanilla, tonka bean leaves a smooth and long-lasting trail. An ideal scent for both everyday elegance and special occasions.",Date Night / Evening
238,DIOR,POISON W,"Berry, Plum, Coriander","Tuberose, Jasmine, Orange Blossom","Opoponax, Amber, Sandalwood","Poison W by Dior is a captivating fragrance that opens with berry, plum, creating a fresh and inviting first impression. The heart reveals tuberose, jasmine, adding depth and sophistication, while the base of opoponax, amber leaves a smooth and long-lasting trail. An ideal scent for both everyday elegance and special occasions.",Formal / Special Occasions
239,DIOR,BOIS DE URGENT,"Bergamot, Juniper","Iris, Incense, Myrrh","Amber, Musk, Woody Notes","Bois De Urgent by Dior is a captivating fragrance that opens with bergamot, juniper, creating a fresh and inviting first impression. The heart reveals iris, incense, adding depth and sophistication, while the base of amber, musk leaves a smooth and long-lasting trail. An ideal scent for both everyday elegance and special occasions.",Office / Daily
240,DIOR,GRIS MONTAGE,"Bergamot, Rose","Patchouli, Jasmine, Cedar","Oakmoss, Amber, Sandalwood","Gris Montage by Dior is a captivating fragrance that opens with bergamot, rose, creating a fresh and inviting first impression. The heart reveals patchouli, jasmine, adding depth and sophistication, while the base of oakmoss, amber leaves a smooth and long-lasting trail. An ideal scent for both everyday elegance and special occasions.",Formal / Special Occasions
241,DIOR,MISS DIOR BLOOMING BOUQUET,"Mandarin, Bergamot","Peony, Rose, Apricot","Musk, White Woods, Sandalwood","Miss Dior Blooming Bouquet by Dior is a captivating fragrance that opens with mandarin, bergamot, creating a fresh and inviting first impression. The heart reveals peony, rose, adding depth and sophistication, while the base of musk, white woods leaves a smooth and long-lasting trail. An ideal scent for both everyday elegance and special occasions.",Date Night / Evening
242,DIOR,JASMIN DES ANGES PVT COL,"Bergamot, Apricot","Jasmine, Peach, Rose","Musk, Vanilla, Amber","Jasmin Des Anges Pvt Col by Dior is a captivating fragrance that opens with bergamot, apricot, creating a fresh and inviting first impression. The heart reveals jasmine, peach, adding depth and sophistication, while the base of musk, vanilla leaves a smooth and long-lasting trail. An ideal scent for both everyday elegance and special occasions.",Formal / Special Occasions
243,DIOR,MIDNIGHT POISION,"Bergamot, Mandarin","Rose, Patchouli, Jasmine","Amber, Vanilla, Musk","Midnight Poision by Dior is a captivating fragrance that opens with bergamot, mandarin, creating a fresh and inviting first impression. The heart reveals rose, patchouli, adding depth and sophistication, while the base of amber, vanilla leaves a smooth and long-lasting trail. An ideal scent for both everyday elegance and special occasions.",Date Night / Evening
244,DIOR,HYPNOTIC POISION,"Almond, Coconut, Plum","Jasmine, Rosewood, Tuberose","Vanilla, Sandalwood, Musk","Hypnotic Poision by Dior is a captivating fragrance that opens with almond, coconut, creating a fresh and inviting first impression. The heart reveals jasmine, rosewood, adding depth and sophistication, while the base of vanilla, sandalwood leaves a smooth and long-lasting trail. An ideal scent for both everyday elegance and special occasions.",Office / Daily
245,DIOR,LEATHER OUDH,"Cardamom, Clove","Leather, Oud, Patchouli","Amber, Birch, Sandalwood","Leather Oudh by Dior is a captivating fragrance that opens with cardamom, clove, creating a fresh and inviting first impression. The heart reveals leather, oud, adding depth and sophistication, while the base of amber, birch leaves a smooth and long-lasting trail. An ideal scent for both everyday elegance and special occasions.",Date Night / Evening
246,DIOR,PATCHOULI IMPERIAL,"Coriander, Citrus","Patchouli, Rose, Sandalwood","Amber, Vanilla, Musk","Patchouli Imperial by Dior is a captivating fragrance that opens with coriander, citrus, creating a fresh and inviting first impression. The heart reveals patchouli, rose, adding depth and sophistication, while the base of amber, vanilla leaves a smooth and long-lasting trail. An ideal scent for both everyday elegance and special occasions.",Formal / Special Occasions
247,DIOR,JOY,"Bergamot, Mandarin","Jasmine, Rose, Peach","Musk, Sandalwood, Cedarwood","Joy by Dior is a captivating fragrance that opens with bergamot, mandarin, creating a fresh and inviting first impression. The heart reveals jasmine, rose, adding depth and sophistication, while the base of musk, sandalwood leaves a smooth and long-lasting trail. An ideal scent for both everyday elegance and special occasions.",Office / Daily
248,DIOR,JADORE,"Bergamot, Pear","Jasmine, Rose, Ylang-Ylang","Vanilla, Musk, Cedarwood","Jadore by Dior is a captivating fragrance that opens with bergamot, pear, creating a fresh and inviting first impression. The heart reveals jasmine, rose, adding depth and sophistication, while the base of vanilla, musk leaves a smooth and long-lasting trail. An ideal scent for both everyday elegance and special occasions.",Office / Daily
249,DIOR,POISON GIRL,"Bitter Orange, Lemon","Rose, Orange Blossom","Vanilla, Tonka Bean, Almond","Poison Girl by Dior is a captivating fragrance that opens with bitter orange, lemon, creating a fresh and inviting first impression. The heart reveals rose, orange blossom, adding depth and sophistication, while the base of vanilla, tonka bean leaves a smooth and long-lasting trail. An ideal scent for both everyday elegance and special occasions.",Office / Daily
250,DIOR,DIOR HOMME SPORT,"Lemon, Grapefruit, Bergamot","Pink Pepper, Ginger, Elemi","Vetiver, Cedarwood, Sandalwood","Dior Homme Sport by Dior is a captivating fragrance that opens with lemon, grapefruit, creating a fresh and inviting first impression. The heart reveals pink pepper, ginger, adding depth and sophistication, while the base of vetiver, cedarwood leaves a smooth and long-lasting trail. An ideal scent for both everyday elegance and special occasions.",Gym / Casual
251,DIOR,HOMME PARFUM 2014,"Orange, Iris","Leather, Rose","Sandalwood, Oud, Ambrette","Homme Parfum 2014 by Dior is a captivating fragrance that opens with orange, iris, creating a fresh and inviting first impression. The heart reveals leather, rose, adding depth and sophistication, while the base of sandalwood, oud leaves a smooth and long-lasting trail. An ideal scent for both everyday elegance and special occasions.",Office / Daily
252,DIPTIQUE,EAU ROSE L,"Lychee, Bergamot","Rose, Geranium, Jasmine","Musk, Cedarwood, Honey","Eau Rose L by Diptique is a captivating fragrance that opens with lychee, bergamot, creating a fresh and inviting first impression. The heart reveals rose, geranium, adding depth and sophistication, while the base of musk, cedarwood leaves a smooth and long-lasting trail. An ideal scent for both everyday elegance and special occasions.",Office / Daily
253,DIPTYQUE,ILIO,"Bergamot, Prickly Pear","Jasmine, Iris","Amber, Musk, Sandalwood","Ilio by Diptyque is a captivating fragrance that opens with bergamot, prickly pear, creating a fresh and inviting first impression. The heart reveals jasmine, iris, adding depth and sophistication, while the base of amber, musk leaves a smooth and long-lasting trail. An ideal scent for both everyday elegance and special occasions.",Office / Daily
254,DIPTYQUE,TAMDAO,"Cypress, Myrtle","Sandalwood, Cedarwood, Spices","Amber, Musk, Woody Notes","Tamdao by Diptyque is a captivating fragrance that opens with cypress, myrtle, creating a fresh and inviting first impression. The heart reveals sandalwood, cedarwood, adding depth and sophistication, while the base of amber, musk leaves a smooth and long-lasting trail. An ideal scent for both everyday elegance and special occasions.",Date Night / Evening
255,DIPTYQUE,L'OMBRE DANS,"Bergamot, Blackcurrant","Rose, Green Notes, Jasmine","Musk, Amber, Woody Notes","L'Ombre Dans by Diptyque is a captivating fragrance that opens with bergamot, blackcurrant, creating a fresh and inviting first impression. The heart reveals rose, green notes, adding depth and sophistication, while the base of musk, amber leaves a smooth and long-lasting trail. An ideal scent for both everyday elegance and special occasions.",Office / Daily
256,DIPTYQUE,TAMDAO EDP,"Cypress, Rose","Sandalwood, Cedarwood, Amber","Musk, Spices, Woody Notes","Tamdao Edp by Diptyque is a captivating fragrance that opens with cypress, rose, creating a fresh and inviting first impression. The heart reveals sandalwood, cedarwood, adding depth and sophistication, while the base of musk, spices leaves a smooth and long-lasting trail. An ideal scent for both everyday elegance and special occasions.",Formal / Special Occasions
257,DIPTYQUE,OUD PALAO,"Rose, Raspberry","Oud, Patchouli, Tobacco","Sandalwood, Amber, Musk","Oud Palao by Diptyque is a captivating fragrance that opens with rose, raspberry, creating a fresh and inviting first impression. The heart reveals oud, patchouli, adding depth and sophistication, while the base of sandalwood, amber leaves a smooth and long-lasting trail. An ideal scent for both everyday elegance and special occasions.",Date Night / Evening
258,DKNY,BE DELICIOUS,"Apple, Cucumber, Grapefruit","Magnolia, Rose, Tuberose","Sandalwood, Amber, Musk","Be Delicious by Dkny is a captivating fragrance that opens with apple, cucumber, creating a fresh and inviting first impression. The heart reveals magnolia, rose, adding depth and sophistication, while the base of sandalwood, amber leaves a smooth and long-lasting trail. An ideal scent for both everyday elegance and special occasions.",Office / Daily
259,DOLCE & GABBANA,MY DEVOTION EDP INTENSE,"Citrus, Orange Blossom","Vanilla, Jasmine, Almond","Tonka Bean, Amber, Musk","My Devotion Edp Intense by Dolce & Gabbana is a captivating fragrance that opens with citrus, orange blossom, creating a fresh and inviting first impression. The heart reveals vanilla, jasmine, adding depth and sophistication, while the base of tonka bean, amber leaves a smooth and long-lasting trail. An ideal scent for both everyday elegance and special occasions.",Date Night / Evening
260,DOLCE & GABBANA,DEVOTION POUR HOMME PARFUM,"Lemon, Bergamot","Coffee, Orange Blossom","Patchouli, Vanilla, Amber","Devotion Pour Homme Parfum by Dolce & Gabbana is a captivating fragrance that opens with lemon, bergamot, creating a fresh and inviting first impression. The heart reveals coffee, orange blossom, adding depth and sophistication, while the base of patchouli, vanilla leaves a smooth and long-lasting trail. An ideal scent for both everyday elegance and special occasions.",Formal / Special Occasions
261,DOLCE & GABBANA,THE ONE GOLD FOR MEN,"Blood Orange, Ginger, Lemon","Clary Sage, Cardamom, Geranium","Patchouli, Amber, Vetiver","The One Gold For Men by Dolce & Gabbana is a captivating fragrance that opens with blood orange, ginger, creating a fresh and inviting first impression. The heart reveals clary sage, cardamom, adding depth and sophistication, while the base of patchouli, amber leaves a smooth and long-lasting trail. An ideal scent for both everyday elegance and special occasions.",Date Night / Evening
262,DOLCE & GABBANA,KING,"Citrus, Juniper, Blood Orange","Geranium, Clary Sage, Lavender","Cedarwood, Vetiver, Patchouli","King by Dolce & Gabbana is a captivating fragrance that opens with citrus, juniper, creating a fresh and inviting first impression. The heart reveals geranium, clary sage, adding depth and sophistication, while the base of cedarwood, vetiver leaves a smooth and long-lasting trail. An ideal scent for both everyday elegance and special occasions.",Office / Daily
263,DOLCE & GABBANA,D&G THE ONE INTENSE,"Neroli, Cypress","Cashmere Wood, Benzoin, Clary Sage","Leather, Patchouli, Amber","D&G The One Intense by Dolce & Gabbana is a captivating fragrance that opens with neroli, cypress, creating a fresh and inviting first impression. The heart reveals cashmere wood, benzoin, adding depth and sophistication, while the base of leather, patchouli leaves a smooth and long-lasting trail. An ideal scent for both everyday elegance and special occasions.",Date Night / Evening
264,DOLCE & GABBANA,THE ONLY 1,"Violet, Bergamot","Coffee, Iris, Rose","Vanilla, Patchouli, Caramel","The Only 1 by Dolce & Gabbana is a captivating fragrance that opens with violet, bergamot, creating a fresh and inviting first impression. The heart reveals coffee, iris, adding depth and sophistication, while the base of vanilla, patchouli leaves a smooth and long-lasting trail. An ideal scent for both everyday elegance and special occasions.",Formal / Special Occasions
265,DOLCE & GABBANA,THE ONE LUMINOUS NIGHT,"Bergamot, Basil","Dates, Plum, Geranium","Amber, Incense, Sandalwood","The One Luminous Night by Dolce & Gabbana is a captivating fragrance that opens with bergamot, basil, creating a fresh and inviting first impression. The heart reveals dates, plum, adding depth and sophistication, while the base of amber, incense leaves a smooth and long-lasting trail. An ideal scent for both everyday elegance and special occasions.",Date Night / Evening
266,DOLCE & GABBANA,THE ONE,"Grapefruit, Coriander","Basil, Cardamom, Ginger","Tobacco, Amber, Cedarwood","The One by Dolce & Gabbana is a captivating fragrance that opens with grapefruit, coriander, creating a fresh and inviting first impression. The heart reveals basil, cardamom, adding depth and sophistication, while the base of tobacco, amber leaves a smooth and long-lasting trail. An ideal scent for both everyday elegance and special occasions.",Office / Daily
267,DOLCE & GABBANA,THE ONE WOMEN,"Peach, Bergamot","Lily, Jasmine, Plum","Vanilla, Amber, Musk","The One Women by Dolce & Gabbana is a captivating fragrance that opens with peach, bergamot, creating a fresh and inviting first impression. The heart reveals lily, jasmine, adding depth and sophistication, while the base of vanilla, amber leaves a smooth and long-lasting trail. An ideal scent for both everyday elegance and special occasions.",Date Night / Evening
268,DOLCE & GABBANA,LIGHT BLUE FOREVER,"Grapefruit, Lemon","Marine Notes, Violet","Cedarwood, Musk, Amber","Light Blue Forever by Dolce & Gabbana is a captivating fragrance that opens with grapefruit, lemon, creating a fresh and inviting first impression. The heart reveals marine notes, violet, adding depth and sophistication, while the base of cedarwood, musk leaves a smooth and long-lasting trail. An ideal scent for both everyday elegance and special occasions.",Gym / Casual
269,DOLCE & GABBANA,THE 1 ROYAL NIGHT,"Saffron, Cardamom","Oud, Rose, Nutmeg","Amber, Sandalwood, Patchouli","The 1 Royal Night by Dolce & Gabbana is a captivating fragrance that opens with saffron, cardamom, creating a fresh and inviting first impression. The heart reveals oud, rose, adding depth and sophistication, while the base of amber, sandalwood leaves a smooth and long-lasting trail. An ideal scent for both everyday elegance and special occasions.",Date Night / Evening
270,DOLCE & GABBANA,VELVET DESERT OUDH,"Incense, Amber","Oud, Rose, Labdanum","Sandalwood, Musk, Resin","Velvet Desert Oudh by Dolce & Gabbana is a captivating fragrance that opens with incense, amber, creating a fresh and inviting first impression. The heart reveals oud, rose, adding depth and sophistication, while the base of sandalwood, musk leaves a smooth and long-lasting trail. An ideal scent for both everyday elegance and special occasions.",Date Night / Evening
271,DUNHILL,DESIRE RED,"Apple, Lemon, Bergamot","Rose, Teakwood, Patchouli","Vanilla, Musk, Labdanum","Desire Red by Dunhill is a captivating fragrance that opens with apple, lemon, creating a fresh and inviting first impression. The heart reveals rose, teakwood, adding depth and sophistication, while the base of vanilla, musk leaves a smooth and long-lasting trail. An ideal scent for both everyday elegance and special occasions.",Office / Daily
272,DUNHILL,CUSTOM,"Red Apple, Pepper","Incense, Cedarwood","Tonka Bean, Musk, Amber","Custom by Dunhill is a captivating fragrance that opens with red apple, pepper, creating a fresh and inviting first impression. The heart reveals incense, cedarwood, adding depth and sophistication, while the base of tonka bean, musk leaves a smooth and long-lasting trail. An ideal scent for both everyday elegance and special occasions.",Formal / Special Occasions
273,DUNHILL,ICON GREY,"Bergamot, Lavender","Cardamom, Orris, Sage","Vetiver, Sandalwood, Musk","Icon Grey by Dunhill is a captivating fragrance that opens with bergamot, lavender, creating a fresh and inviting first impression. The heart reveals cardamom, orris, adding depth and sophistication, while the base of vetiver, sandalwood leaves a smooth and long-lasting trail. An ideal scent for both everyday elegance and special occasions.",Office / Daily
274,DUNHILL,ICON ABSOLUTE,"Bergamot, Black Pepper","Saffron, Rose, Jasmine","Oud, Leather, Amber","Icon Absolute by Dunhill is a captivating fragrance that opens with bergamot, black pepper, creating a fresh and inviting first impression. The heart reveals saffron, rose, adding depth and sophistication, while the base of oud, leather leaves a smooth and long-lasting trail. An ideal scent for both everyday elegance and special occasions.",Date Night / Evening
275,DUNHILL,ICON BY ALFRED DUNHILL (GREY),"Bergamot, Lavender","Cardamom, Orris, Sage","Vetiver, Sandalwood, Musk","Icon By Alfred Dunhill (Grey) by Dunhill is a captivating fragrance that opens with bergamot, lavender, creating a fresh and inviting first impression. The heart reveals cardamom, orris, adding depth and sophistication, while the base of vetiver, sandalwood leaves a smooth and long-lasting trail. An ideal scent for both everyday elegance and special occasions.",Office / Daily
276,ELIE SAAB,LA PARFUM,"Orange Blossom, Mandarin","Jasmine, Patchouli","Honey, Amber, Cedarwood","La Parfum by Elie Saab is a captivating fragrance that opens with orange blossom, mandarin, creating a fresh and inviting first impression. The heart reveals jasmine, patchouli, adding depth and sophistication, while the base of honey, amber leaves a smooth and long-lasting trail. An ideal scent for both everyday elegance and special occasions.",Office / Daily
277,ELIESAAB,GIRL OF NOW,"Pistachio, Pear","Almond, Orange Blossom","Tonka Bean, Patchouli, Vanilla","Girl Of Now by Eliesaab is a captivating fragrance that opens with pistachio, pear, creating a fresh and inviting first impression. The heart reveals almond, orange blossom, adding depth and sophistication, while the base of tonka bean, patchouli leaves a smooth and long-lasting trail. An ideal scent for both everyday elegance and special occasions.",Date Night / Evening
278,ELIZABETH ARDEN,RED DOOR,"Orange Blossom, Peach","Jasmine, Rose, Ylang-Ylang","Honey, Sandalwood, Vetiver","Red Door by Elizabeth Arden is a captivating fragrance that opens with orange blossom, peach, creating a fresh and inviting first impression. The heart reveals jasmine, rose, adding depth and sophistication, while the base of honey, sandalwood leaves a smooth and long-lasting trail. An ideal scent for both everyday elegance and special occasions.",Office / Daily
279,ELIZABETH ARDEN,5TH AVENUE,"Lilac, Linden Blossom","Magnolia, Jasmine, Rose","Sandalwood, Musk, Vanilla","5Th Avenue by Elizabeth Arden is a captivating fragrance that opens with lilac, linden blossom, creating a fresh and inviting first impression. The heart reveals magnolia, jasmine, adding depth and sophistication, while the base of sandalwood, musk leaves a smooth and long-lasting trail. An ideal scent for both everyday elegance and special occasions.",Office / Daily
280,ESCADA,CHERRY IN JAPAN,"Cherry, Bergamot","Jasmine, Rose","Tonka Bean, Musk, Sandalwood","Cherry In Japan by Escada is a captivating fragrance that opens with cherry, bergamot, creating a fresh and inviting first impression. The heart reveals jasmine, rose, adding depth and sophistication, while the base of tonka bean, musk leaves a smooth and long-lasting trail. An ideal scent for both everyday elegance and special occasions.",Formal / Special Occasions
281,ESCADA,MOON SPARKLE,"Blackcurrant, Strawberry","Jasmine, Rose","Raspberry, Musk, Sandalwood","Moon Sparkle by Escada is a captivating fragrance that opens with blackcurrant, strawberry, creating a fresh and inviting first impression. The heart reveals jasmine, rose, adding depth and sophistication, while the base of raspberry, musk leaves a smooth and long-lasting trail. An ideal scent for both everyday elegance and special occasions.",Formal / Special Occasions
282,EX NIHILO,DEVIL TENDER,"Grapefruit, Peach","Rose, Pepper, Jasmine","Suede, Cedarwood, Musk","Devil Tender by Ex Nihilo is a captivating fragrance that opens with grapefruit, peach, creating a fresh and inviting first impression. The heart reveals rose, pepper, adding depth and sophistication, while the base of suede, cedarwood leaves a smooth and long-lasting trail. An ideal scent for both everyday elegance and special occasions.",Office / Daily
283,EX NIHILO,FLEUR NARCOTIQUE,"Lychee, Bergamot","Peony, Jasmine, Orange Blossom","Musk, Moss, Woody Notes","Fleur Narcotique by Ex Nihilo is a captivating fragrance that opens with lychee, bergamot, creating a fresh and inviting first impression. The heart reveals peony, jasmine, adding depth and sophistication, while the base of musk, moss leaves a smooth and long-lasting trail. An ideal scent for both everyday elegance and special occasions.",Formal / Special Occasions
284,EX NIHILO,GREEN VIPER,"Galbanum, Bergamot","Vetiver, Iris, Spices","Amber, Musk, Sandalwood","Green Viper by Ex Nihilo is a captivating fragrance that opens with galbanum, bergamot, creating a fresh and inviting first impression. The heart reveals vetiver, iris, adding depth and sophistication, while the base of amber, musk leaves a smooth and long-lasting trail. An ideal scent for both everyday elegance and special occasions.",Office / Daily
285,EX NIHILO,OUTCAST BLUE EXTRACT D P,"Bergamot, Saffron","Tobacco, Leather, Rose","Amber, Oud, Patchouli","Outcast Blue Extract D P by Ex Nihilo is a captivating fragrance that opens with bergamot, saffron, creating a fresh and inviting first impression. The heart reveals tobacco, leather, adding depth and sophistication, while the base of amber, oud leaves a smooth and long-lasting trail. An ideal scent for both everyday elegance and special occasions.",Gym / Casual
286,EX NIHILO,SANTAL CALLING,"Nutmeg, Bergamot","Sandalwood, Iris, Milk","Musk, Vanilla, Cedarwood","Santal Calling by Ex Nihilo is a captivating fragrance that opens with nutmeg, bergamot, creating a fresh and inviting first impression. The heart reveals sandalwood, iris, adding depth and sophistication, while the base of musk, vanilla leaves a smooth and long-lasting trail. An ideal scent for both everyday elegance and special occasions.",Office / Daily
287,FREDERIC MALLE,CARNAL FLOWER,"Eucalyptus, Melon","Tuberose, Jasmine, Orange Blossom","Musk, Coconut, Sandalwood","Carnal Flower by Frederic Malle is a captivating fragrance that opens with eucalyptus, melon, creating a fresh and inviting first impression. The heart reveals tuberose, jasmine, adding depth and sophistication, while the base of musk, coconut leaves a smooth and long-lasting trail. An ideal scent for both everyday elegance and special occasions.",Date Night / Evening
288,FREDERIC MALLE,SYNTHETIC JUNGLE -,"Basil, Galbanum","Jasmine, Hyacinth, Lily","Patchouli, Oakmoss, Vetiver","Synthetic Jungle - by Frederic Malle is a captivating fragrance that opens with basil, galbanum, creating a fresh and inviting first impression. The heart reveals jasmine, hyacinth, adding depth and sophistication, while the base of patchouli, oakmoss leaves a smooth and long-lasting trail. An ideal scent for both everyday elegance and special occasions.",Office / Daily
289,FREDERIC MALLE,LIPSTICK ROSE -,"Violet, Grapefruit","Rose, Iris, Raspberry","Vanilla, White Musk, Cedarwood","Lipstick Rose - by Frederic Malle is a captivating fragrance that opens with violet, grapefruit, creating a fresh and inviting first impression. The heart reveals rose, iris, adding depth and sophistication, while the base of vanilla, white musk leaves a smooth and long-lasting trail. An ideal scent for both everyday elegance and special occasions.",Office / Daily
290,FREDERIC MALLE,ROSE TONNERE,"Geranium, Wine Accord","Rose, Honey, Patchouli","Vetiver, Musk, Amber","Rose Tonnere by Frederic Malle is a captivating fragrance that opens with geranium, wine accord, creating a fresh and inviting first impression. The heart reveals rose, honey, adding depth and sophistication, while the base of vetiver, musk leaves a smooth and long-lasting trail. An ideal scent for both everyday elegance and special occasions.",Office / Daily
291,FREDERIC MALLE,PROMISE -,"Apple, Pink Pepper","Rose, Clove, Patchouli","Labdanum, Cypriol, Amber","Promise - by Frederic Malle is a captivating fragrance that opens with apple, pink pepper, creating a fresh and inviting first impression. The heart reveals rose, clove, adding depth and sophistication, while the base of labdanum, cypriol leaves a smooth and long-lasting trail. An ideal scent for both everyday elegance and special occasions.",Formal / Special Occasions
292,FREDERIC MALLE,THE NIGHT DOMINIQUE ROPAIN,"Saffron, Cardamom","Oud, Rose, Incense","Amber, Sandalwood, Musk","The Night Dominique Ropain by Frederic Malle is a captivating fragrance that opens with saffron, cardamom, creating a fresh and inviting first impression. The heart reveals oud, rose, adding depth and sophistication, while the base of amber, sandalwood leaves a smooth and long-lasting trail. An ideal scent for both everyday elegance and special occasions.",Date Night / Evening
293,FREDERIC MALLE,FRENCH LOVER,"Spices, Galbanum","Angelica, Cedarwood, Incense","Vetiver, Oakmoss, Musk","French Lover by Frederic Malle is a captivating fragrance that opens with spices, galbanum, creating a fresh and inviting first impression. The heart reveals angelica, cedarwood, adding depth and sophistication, while the base of vetiver, oakmoss leaves a smooth and long-lasting trail. An ideal scent for both everyday elegance and special occasions.",Date Night / Evening
294,FREDERIC MALLE,L'EAU D' HIVER,"Bergamot, Heliotrope","Iris, Honey, Hawthorn","Musk, Vanilla, Sandalwood","L'Eau D' Hiver by Frederic Malle is a captivating fragrance that opens with bergamot, heliotrope, creating a fresh and inviting first impression. The heart reveals iris, honey, adding depth and sophistication, while the base of musk, vanilla leaves a smooth and long-lasting trail. An ideal scent for both everyday elegance and special occasions.",Office / Daily
295,FREDERIC MALLE,MUSC RAVAGEUR,"Bergamot, Lavender","Cinnamon, Clove, Jasmine","Vanilla, Musk, Tonka Bean","Musc Ravageur by Frederic Malle is a captivating fragrance that opens with bergamot, lavender, creating a fresh and inviting first impression. The heart reveals cinnamon, clove, adding depth and sophistication, while the base of vanilla, musk leaves a smooth and long-lasting trail. An ideal scent for both everyday elegance and special occasions.",Office / Daily
296,FREDERIC MALLE,ROSE DE CUIR,"Blackcurrant, Pepper","Rose, Leather, Violet","Vetiver, Cedarwood, Musk","Rose De Cuir by Frederic Malle is a captivating fragrance that opens with blackcurrant, pepper, creating a fresh and inviting first impression. The heart reveals rose, leather, adding depth and sophistication, while the base of vetiver, cedarwood leaves a smooth and long-lasting trail. An ideal scent for both everyday elegance and special occasions.",Office / Daily
297,FREDERIC MALLE,POTRAIT OF A LADY,"Rose, Raspberry","Patchouli, Clove, Incense","Amber, Sandalwood, Musk","Potrait Of A Lady by Frederic Malle is a captivating fragrance that opens with rose, raspberry, creating a fresh and inviting first impression. The heart reveals patchouli, clove, adding depth and sophistication, while the base of amber, sandalwood leaves a smooth and long-lasting trail. An ideal scent for both everyday elegance and special occasions.",Date Night / Evening
298,FRENCH AVENUE,LIQUIDE BRUN,"Bergamot, Coffee","Cacao, Tonka Bean, Vanilla","Amber, Musk, Sandalwood","Liquide Brun by French Avenue is a captivating fragrance that opens with bergamot, coffee, creating a fresh and inviting first impression. The heart reveals cacao, tonka bean, adding depth and sophistication, while the base of amber, musk leaves a smooth and long-lasting trail. An ideal scent for both everyday elegance and special occasions.",Formal / Special Occasions
299,GISSAH,VOLT GISSAH,"Citrus, Bergamot","Lavender, Geranium","Amber, Musk, Wood","Volt Gissah by Gissah is a captivating fragrance that opens with citrus, bergamot, creating a fresh and inviting first impression. The heart reveals lavender, geranium, adding depth and sophistication, while the base of amber, musk leaves a smooth and long-lasting trail. An ideal scent for both everyday elegance and special occasions.",Office / Daily
300,GISSAH,AKOYA,"Pear, Bergamot","Jasmine, Marine Notes","Musk, Amber, Sandalwood","Akoya by Gissah is a captivating fragrance that opens with pear, bergamot, creating a fresh and inviting first impression. The heart reveals jasmine, marine notes, adding depth and sophistication, while the base of musk, amber leaves a smooth and long-lasting trail. An ideal scent for both everyday elegance and special occasions.",Office / Daily
301,GISSAH,IMPERIAL VALLEY,"Bergamot, Apple, Citrus","Rose, Jasmine, Patchouli","Amber, Musk, Sandalwood","Imperial Valley by Gissah is a captivating fragrance that opens with bergamot, apple, creating a fresh and inviting first impression. The heart reveals rose, jasmine, adding depth and sophistication, while the base of amber, musk leaves a smooth and long-lasting trail. An ideal scent for both everyday elegance and special occasions.",Date Night / Evening
302,GISSAH,SIENNA VALLEY,"Orange, Pink Pepper","Lavender, Geranium, Cedarwood","Amber, Vetiver, Musk","Sienna Valley by Gissah is a captivating fragrance that opens with orange, pink pepper, creating a fresh and inviting first impression. The heart reveals lavender, geranium, adding depth and sophistication, while the base of amber, vetiver leaves a smooth and long-lasting trail. An ideal scent for both everyday elegance and special occasions.",Date Night / Evening
303,GISSAH,CALABRIA,"Lemon, Bergamot, Mandarin","Neroli, Jasmine, Orange Blossom","Musk, Amber, Cedarwood","Calabria by Gissah is a captivating fragrance that opens with lemon, bergamot, creating a fresh and inviting first impression. The heart reveals neroli, jasmine, adding depth and sophistication, while the base of musk, amber leaves a smooth and long-lasting trail. An ideal scent for both everyday elegance and special occasions.",Office / Daily
304,GIVENCHY,GENTLEMAN EDP RESERVE PRIVÃ‰E,"Bergamot, Whiskey","Iris, Chestnut, Benzoin","Amber, Wood, Patchouli","Gentleman Edp Reserve Privã‰E by Givenchy is a captivating fragrance that opens with bergamot, whiskey, creating a fresh and inviting first impression. The heart reveals iris, chestnut, adding depth and sophistication, while the base of amber, wood leaves a smooth and long-lasting trail. An ideal scent for both everyday elegance and special occasions.",Formal / Special Occasions
305,GIVENCHY,AMIRAGE,"Orange Blossom, Plum, Peach","Tuberose, Jasmine, Ylang-Ylang","Vanilla, Sandalwood, Amber","Amirage by Givenchy is a captivating fragrance that opens with orange blossom, plum, creating a fresh and inviting first impression. The heart reveals tuberose, jasmine, adding depth and sophistication, while the base of vanilla, sandalwood leaves a smooth and long-lasting trail. An ideal scent for both everyday elegance and special occasions.",Date Night / Evening
306,GIVENCHY,BLUE LABEL,"Grapefruit, Bergamot, Pepper","Lavender, Cardamom, Artemisia","Vetiver, Cedarwood, Olibanum","Blue Label by Givenchy is a captivating fragrance that opens with grapefruit, bergamot, creating a fresh and inviting first impression. The heart reveals lavender, cardamom, adding depth and sophistication, while the base of vetiver, cedarwood leaves a smooth and long-lasting trail. An ideal scent for both everyday elegance and special occasions.",Gym / Casual
307,GIVENCHY,GENTLEMAN,"Honey, Cinnamon, Bergamot","Patchouli, Orris Root, Cedar","Leather, Amber, Vanilla","Gentleman by Givenchy is a captivating fragrance that opens with honey, cinnamon, creating a fresh and inviting first impression. The heart reveals patchouli, orris root, adding depth and sophistication, while the base of leather, amber leaves a smooth and long-lasting trail. An ideal scent for both everyday elegance and special occasions.",Office / Daily
308,GIVENCHY,L'INTERDIT EDITION MILLESIME NOCT,"Bergamot, Black Pepper","Tuberose, Jasmine, Orange Blossom","Patchouli, Vetiver, Vanilla","L'Interdit Edition Millesime Noct by Givenchy is a captivating fragrance that opens with bergamot, black pepper, creating a fresh and inviting first impression. The heart reveals tuberose, jasmine, adding depth and sophistication, while the base of patchouli, vetiver leaves a smooth and long-lasting trail. An ideal scent for both everyday elegance and special occasions.",Office / Daily
309,GIVENCHY,OUD FLAMBOYANT,"Saffron, Citrus","Oud, Rose, Incense","Amber, Musk, Sandalwood","Oud Flamboyant by Givenchy is a captivating fragrance that opens with saffron, citrus, creating a fresh and inviting first impression. The heart reveals oud, rose, adding depth and sophistication, while the base of amber, musk leaves a smooth and long-lasting trail. An ideal scent for both everyday elegance and special occasions.",Date Night / Evening
310,GIVENCHY,GENTLEMAN 1974,"Bergamot, Lemon","Honey, Patchouli, Orris","Leather, Oakmoss, Amber","Gentleman 1974 by Givenchy is a captivating fragrance that opens with bergamot, lemon, creating a fresh and inviting first impression. The heart reveals honey, patchouli, adding depth and sophistication, while the base of leather, oakmoss leaves a smooth and long-lasting trail. An ideal scent for both everyday elegance and special occasions.",Date Night / Evening
311,GIVENCHY,GENTLEMEN RESERVE PRIVE,"Bergamot, Whiskey","Iris, Chestnut, Benzoin","Amber, Patchouli, Wood","Gentlemen Reserve Prive by Givenchy is a captivating fragrance that opens with bergamot, whiskey, creating a fresh and inviting first impression. The heart reveals iris, chestnut, adding depth and sophistication, while the base of amber, patchouli leaves a smooth and long-lasting trail. An ideal scent for both everyday elegance and special occasions.",Office / Daily
312,GOLDFIELD & BANKS,INGENIOUS GINGER,"Ginger, Lemon, Bergamot","Magnolia, Jasmine, Rose","Amber, Sandalwood, Musk","Ingenious Ginger by Goldfield & Banks is a captivating fragrance that opens with ginger, lemon, creating a fresh and inviting first impression. The heart reveals magnolia, jasmine, adding depth and sophistication, while the base of amber, sandalwood leaves a smooth and long-lasting trail. An ideal scent for both everyday elegance and special occasions.",Office / Daily
313,GOLDFIELD & BANKS,PACIFIC ROCK MOSS,"Lemon, Sage","Geranium, Marine Notes","Cedarwood, Moss, Amber","Pacific Rock Moss by Goldfield & Banks is a captivating fragrance that opens with lemon, sage, creating a fresh and inviting first impression. The heart reveals geranium, marine notes, adding depth and sophistication, while the base of cedarwood, moss leaves a smooth and long-lasting trail. An ideal scent for both everyday elegance and special occasions.",Office / Daily
314,GOUTAL,NUIT ET CONFIDENCES,"Bergamot, Pepper","Incense, Vanilla, Tonka Bean","Musk, White Woods, Amber","Nuit Et Confidences by Goutal is a captivating fragrance that opens with bergamot, pepper, creating a fresh and inviting first impression. The heart reveals incense, vanilla, adding depth and sophistication, while the base of musk, white woods leaves a smooth and long-lasting trail. An ideal scent for both everyday elegance and special occasions.",Formal / Special Occasions
315,GUCCI,FLORA GORGEOUS JASMINE,"Mandarin, Bergamot","Jasmine, Magnolia, Rose","Sandalwood, Benzoin, Musk","Flora Gorgeous Jasmine by Gucci is a captivating fragrance that opens with mandarin, bergamot, creating a fresh and inviting first impression. The heart reveals jasmine, magnolia, adding depth and sophistication, while the base of sandalwood, benzoin leaves a smooth and long-lasting trail. An ideal scent for both everyday elegance and special occasions.",Date Night / Evening
316,GUCCI,FLORA GORGEOUS MAGNOLIA,"Berries, Coconut","Magnolia, Jasmine, Ylang-Ylang","Patchouli, Musk, Blonde Woods","Flora Gorgeous Magnolia by Gucci is a captivating fragrance that opens with berries, coconut, creating a fresh and inviting first impression. The heart reveals magnolia, jasmine, adding depth and sophistication, while the base of patchouli, musk leaves a smooth and long-lasting trail. An ideal scent for both everyday elegance and special occasions.",Date Night / Evening
317,GUCCI,FLORA GRACIOUS TUBEROSE,"Violet Leaf, Peach","Tuberose, Rose, Orange Blossom","Cedarwood, Sandalwood, Musk","Flora Gracious Tuberose by Gucci is a captivating fragrance that opens with violet leaf, peach, creating a fresh and inviting first impression. The heart reveals tuberose, rose, adding depth and sophistication, while the base of cedarwood, sandalwood leaves a smooth and long-lasting trail. An ideal scent for both everyday elegance and special occasions.",Office / Daily
318,GUCCI,GUILTY MEN,"Lemon, Lavender","Orange Blossom, Neroli","Patchouli, Cedarwood, Amber","Guilty Men by Gucci is a captivating fragrance that opens with lemon, lavender, creating a fresh and inviting first impression. The heart reveals orange blossom, neroli, adding depth and sophistication, while the base of patchouli, cedarwood leaves a smooth and long-lasting trail. An ideal scent for both everyday elegance and special occasions.",Office / Daily
319,GUCCI,BLOOM,"Rangoon Creeper, Jasmine","Tuberose, Honeysuckle","Orris, Sandalwood, Musk","Bloom by Gucci is a captivating fragrance that opens with rangoon creeper, jasmine, creating a fresh and inviting first impression. The heart reveals tuberose, honeysuckle, adding depth and sophistication, while the base of orris, sandalwood leaves a smooth and long-lasting trail. An ideal scent for both everyday elegance and special occasions.",Date Night / Evening
320,GUCCI,FLORA,"Citrus, Peony","Rose, Osmanthus","Sandalwood, Patchouli, Pink Pepper","Flora by Gucci is a captivating fragrance that opens with citrus, peony, creating a fresh and inviting first impression. The heart reveals rose, osmanthus, adding depth and sophistication, while the base of sandalwood, patchouli leaves a smooth and long-lasting trail. An ideal scent for both everyday elegance and special occasions.",Office / Daily
321,GUCCI,OUDH INTENSE,"Raspberry, Pear","Rose, Orange Blossom","Oud, Amber, Patchouli","Oudh Intense by Gucci is a captivating fragrance that opens with raspberry, pear, creating a fresh and inviting first impression. The heart reveals rose, orange blossom, adding depth and sophistication, while the base of oud, amber leaves a smooth and long-lasting trail. An ideal scent for both everyday elegance and special occasions.",Date Night / Evening
322,GUCCI,RUSH,"Peach, Gardenia","Jasmine, Coriander, Rose","Vanilla, Patchouli, Vetiver","Rush by Gucci is a captivating fragrance that opens with peach, gardenia, creating a fresh and inviting first impression. The heart reveals jasmine, coriander, adding depth and sophistication, while the base of vanilla, patchouli leaves a smooth and long-lasting trail. An ideal scent for both everyday elegance and special occasions.",Date Night / Evening
323,GUCCI,VOICE OF THE SNAKES,"Oud, Saffron","Patchouli, Leather","Amber, Musk, Sandalwood","Voice Of The Snakes by Gucci is a captivating fragrance that opens with oud, saffron, creating a fresh and inviting first impression. The heart reveals patchouli, leather, adding depth and sophistication, while the base of amber, musk leaves a smooth and long-lasting trail. An ideal scent for both everyday elegance and special occasions.",Gym / Casual
324,GUCCI,GUILTY ABSOLUTE WOMEN,"Blackberry, Pink Pepper","Rose, Cypress","Patchouli, Amber, Woody Notes","Guilty Absolute Women by Gucci is a captivating fragrance that opens with blackberry, pink pepper, creating a fresh and inviting first impression. The heart reveals rose, cypress, adding depth and sophistication, while the base of patchouli, amber leaves a smooth and long-lasting trail. An ideal scent for both everyday elegance and special occasions.",Office / Daily
325,GUERLAIN,TOBACCO HONEY,"Honey, Tobacco","Anise, Clove, Vanilla","Oud, Tonka Bean, Sandalwood","Tobacco Honey by Guerlain is a captivating fragrance that opens with honey, tobacco, creating a fresh and inviting first impression. The heart reveals anise, clove, adding depth and sophistication, while the base of oud, tonka bean leaves a smooth and long-lasting trail. An ideal scent for both everyday elegance and special occasions.",Formal / Special Occasions
326,GUERLAIN,VANILLA PLANIFOLIA EXTRAIT 21,"Bergamot, Spices","Vanilla, Rose, Incense","Amber, Tonka Bean, Musk","Vanilla Planifolia Extrait 21 by Guerlain is a captivating fragrance that opens with bergamot, spices, creating a fresh and inviting first impression. The heart reveals vanilla, rose, adding depth and sophistication, while the base of amber, tonka bean leaves a smooth and long-lasting trail. An ideal scent for both everyday elegance and special occasions.",Date Night / Evening
327,GUERLAIN,OUD ESSENTIEL,"Saffron, Rose","Oud, Cedarwood, Patchouli","Leather, Amber, Sandalwood","Oud Essentiel by Guerlain is a captivating fragrance that opens with saffron, rose, creating a fresh and inviting first impression. The heart reveals oud, cedarwood, adding depth and sophistication, while the base of leather, amber leaves a smooth and long-lasting trail. An ideal scent for both everyday elegance and special occasions.",Date Night / Evening
328,GUERLAIN,L HOMME IDEAL,"Citrus, Rosemary","Almond, Tonka Bean, Vanilla","Leather, Cedarwood, Vetiver","L Homme Ideal by Guerlain is a captivating fragrance that opens with citrus, rosemary, creating a fresh and inviting first impression. The heart reveals almond, tonka bean, adding depth and sophistication, while the base of leather, cedarwood leaves a smooth and long-lasting trail. An ideal scent for both everyday elegance and special occasions.",Office / Daily
329,GUERLAIN,LA PETTE ROBE NOIR,"Cherry, Almond","Rose, Licorice, Tea","Vanilla, Tonka Bean, Patchouli","La Pette Robe Noir by Guerlain is a captivating fragrance that opens with cherry, almond, creating a fresh and inviting first impression. The heart reveals rose, licorice, adding depth and sophistication, while the base of vanilla, tonka bean leaves a smooth and long-lasting trail. An ideal scent for both everyday elegance and special occasions.",Date Night / Evening
330,GUERLAIN,IDEAL L HOMME (2014),"Citrus, Rosemary","Almond, Tonka Bean, Spices","Leather, Vetiver, Cedarwood","Ideal L Homme (2014) by Guerlain is a captivating fragrance that opens with citrus, rosemary, creating a fresh and inviting first impression. The heart reveals almond, tonka bean, adding depth and sophistication, while the base of leather, vetiver leaves a smooth and long-lasting trail. An ideal scent for both everyday elegance and special occasions.",Date Night / Evening
331,GUERLAIN,IDEAL L HOMME COLOGNE GA (2015),"Grapefruit, Bergamot","Almond, Neroli","White Musk, Vetiver, Cedarwood","Ideal L Homme Cologne Ga (2015) by Guerlain is a captivating fragrance that opens with grapefruit, bergamot, creating a fresh and inviting first impression. The heart reveals almond, neroli, adding depth and sophistication, while the base of white musk, vetiver leaves a smooth and long-lasting trail. An ideal scent for both everyday elegance and special occasions.",Office / Daily
332,GUERLAIN,IDEAL L HOMME EDP (2016),"Cherry, Almond","Vanilla, Rose, Incense","Leather, Tonka Bean, Sandalwood","Ideal L Homme Edp (2016) by Guerlain is a captivating fragrance that opens with cherry, almond, creating a fresh and inviting first impression. The heart reveals vanilla, rose, adding depth and sophistication, while the base of leather, tonka bean leaves a smooth and long-lasting trail. An ideal scent for both everyday elegance and special occasions.",Office / Daily
333,GUERLAIN,SANTAL ROYAL,"Jasmine, Neroli","Sandalwood, Rose, Leather","Oud, Amber, Musk","Santal Royal by Guerlain is a captivating fragrance that opens with jasmine, neroli, creating a fresh and inviting first impression. The heart reveals sandalwood, rose, adding depth and sophistication, while the base of oud, amber leaves a smooth and long-lasting trail. An ideal scent for both everyday elegance and special occasions.",Date Night / Evening
334,GUERLAIN,L'HOMME IDEAL EDP 2016,"Cherry, Almond","Vanilla, Rose, Incense","Leather, Tonka Bean, Sandalwood","L'Homme Ideal Edp 2016 by Guerlain is a captivating fragrance that opens with cherry, almond, creating a fresh and inviting first impression. The heart reveals vanilla, rose, adding depth and sophistication, while the base of leather, tonka bean leaves a smooth and long-lasting trail. An ideal scent for both everyday elegance and special occasions.",Date Night / Evening
335,GUERLAIN,VETIVER FAUVE,"Citrus, Spices","Vetiver, Tobacco, Neroli","Amber, Tonka Bean, Sandalwood","Vetiver Fauve by Guerlain is a captivating fragrance that opens with citrus, spices, creating a fresh and inviting first impression. The heart reveals vetiver, tobacco, adding depth and sophistication, while the base of amber, tonka bean leaves a smooth and long-lasting trail. An ideal scent for both everyday elegance and special occasions.",Formal / Special Occasions
336,GUY LAROCHE,DRAKKER NOIR,"Lemon, Lavender, Basil","Coriander, Juniper, Carnation","Oakmoss, Patchouli, Pine","Drakker Noir by Guy Laroche is a captivating fragrance that opens with lemon, lavender, creating a fresh and inviting first impression. The heart reveals coriander, juniper, adding depth and sophistication, while the base of oakmoss, patchouli leaves a smooth and long-lasting trail. An ideal scent for both everyday elegance and special occasions.",Date Night / Evening
337,HERMES,TERRE D'HERMES,"Orange, Grapefruit","Pepper, Pelargonium","Vetiver, Cedarwood, Benzoin","Terre D'Hermes by Hermes is a captivating fragrance that opens with orange, grapefruit, creating a fresh and inviting first impression. The heart reveals pepper, pelargonium, adding depth and sophistication, while the base of vetiver, cedarwood leaves a smooth and long-lasting trail. An ideal scent for both everyday elegance and special occasions.",Office / Daily
338,HERMES,H24,"Clary Sage, Narcissus","Rosewood, Sclarene","Metallic Notes, Musk, Oakmoss","H24 by Hermes is a captivating fragrance that opens with clary sage, narcissus, creating a fresh and inviting first impression. The heart reveals rosewood, sclarene, adding depth and sophistication, while the base of metallic notes, musk leaves a smooth and long-lasting trail. An ideal scent for both everyday elegance and special occasions.",Office / Daily
339,HERMES,TWILLY DE HERMES,"Ginger, Bergamot","Tuberose, Orange Blossom","Sandalwood, Vanilla, Musk","Twilly De Hermes by Hermes is a captivating fragrance that opens with ginger, bergamot, creating a fresh and inviting first impression. The heart reveals tuberose, orange blossom, adding depth and sophistication, while the base of sandalwood, vanilla leaves a smooth and long-lasting trail. An ideal scent for both everyday elegance and special occasions.",Office / Daily
340,HERMES,TERRE EAU INTENSE VETIVER,"Bergamot, Grapefruit","Vetiver, Geranium","Patchouli, Cedarwood, Amber","Terre Eau Intense Vetiver by Hermes is a captivating fragrance that opens with bergamot, grapefruit, creating a fresh and inviting first impression. The heart reveals vetiver, geranium, adding depth and sophistication, while the base of patchouli, cedarwood leaves a smooth and long-lasting trail. An ideal scent for both everyday elegance and special occasions.",Date Night / Evening
341,HUGO BOSS,THE SCENT,"Ginger, Mandarin","Lavender, Maninka Fruit","Leather, Woody Notes, Amber","The Scent by Hugo Boss is a captivating fragrance that opens with ginger, mandarin, creating a fresh and inviting first impression. The heart reveals lavender, maninka fruit, adding depth and sophistication, while the base of leather, woody notes leaves a smooth and long-lasting trail. An ideal scent for both everyday elegance and special occasions.",Office / Daily
342,HUGO BOSS,BOSS BOTTLED BEYOND,"Apple, Bergamot","Cardamom, Lavender","Vetiver, Sandalwood, Musk","Boss Bottled Beyond by Hugo Boss is a captivating fragrance that opens with apple, bergamot, creating a fresh and inviting first impression. The heart reveals cardamom, lavender, adding depth and sophistication, while the base of vetiver, sandalwood leaves a smooth and long-lasting trail. An ideal scent for both everyday elegance and special occasions.",Date Night / Evening
343,HUGO BOSS,HUGO BOSS MAN,"Green Apple, Mint","Lavender, Sage","Fir Balsam, Cedarwood, Patchouli","Hugo Boss Man by Hugo Boss is a captivating fragrance that opens with green apple, mint, creating a fresh and inviting first impression. The heart reveals lavender, sage, adding depth and sophistication, while the base of fir balsam, cedarwood leaves a smooth and long-lasting trail. An ideal scent for both everyday elegance and special occasions.",Office / Daily
344,HUGO BOSS,HUGO BOSS GREEN,"Grapefruit, Green Apple","Sage, Lavender","Cedarwood, Patchouli, Musk","Hugo Boss Green by Hugo Boss is a captivating fragrance that opens with grapefruit, green apple, creating a fresh and inviting first impression. The heart reveals sage, lavender, adding depth and sophistication, while the base of cedarwood, patchouli leaves a smooth and long-lasting trail. An ideal scent for both everyday elegance and special occasions.",Office / Daily
345,HUGO BOSS,HUGO BOSS OUDH,"Saffron, Apple","Oud, Rose, Labdanum","Amber, Sandalwood, Musk","Hugo Boss Oudh by Hugo Boss is a captivating fragrance that opens with saffron, apple, creating a fresh and inviting first impression. The heart reveals oud, rose, adding depth and sophistication, while the base of amber, sandalwood leaves a smooth and long-lasting trail. An ideal scent for both everyday elegance and special occasions.",Date Night / Evening
346,HUGO BOSS,BOSS BOTTLED SPORT,"Grapefruit, Aldehydes","Lavender, Cardamom","Vetiver, Sandalwood, Musk","Boss Bottled Sport by Hugo Boss is a captivating fragrance that opens with grapefruit, aldehydes, creating a fresh and inviting first impression. The heart reveals lavender, cardamom, adding depth and sophistication, while the base of vetiver, sandalwood leaves a smooth and long-lasting trail. An ideal scent for both everyday elegance and special occasions.",Gym / Casual
347,HUGO BOSS,BOSS BOTTLED INTENSE,"Apple, Orange Blossom","Cinnamon, Clove","Vanilla, Sandalwood, Cedarwood","Boss Bottled Intense by Hugo Boss is a captivating fragrance that opens with apple, orange blossom, creating a fresh and inviting first impression. The heart reveals cinnamon, clove, adding depth and sophistication, while the base of vanilla, sandalwood leaves a smooth and long-lasting trail. An ideal scent for both everyday elegance and special occasions.",Date Night / Evening
348,HUGO BOSS,SAFFRON OUDH,"Saffron, Rose","Oud, Patchouli, Jasmine","Amber, Musk, Sandalwood","Saffron Oudh by Hugo Boss is a captivating fragrance that opens with saffron, rose, creating a fresh and inviting first impression. The heart reveals oud, patchouli, adding depth and sophistication, while the base of amber, musk leaves a smooth and long-lasting trail. An ideal scent for both everyday elegance and special occasions.",Date Night / Evening
349,HUGO BOSS,MARINE,"Citrus, Sea Notes","Lavender, Geranium","Musk, Amber, Cedarwood","Marine by Hugo Boss is a captivating fragrance that opens with citrus, sea notes, creating a fresh and inviting first impression. The heart reveals lavender, geranium, adding depth and sophistication, while the base of musk, amber leaves a smooth and long-lasting trail. An ideal scent for both everyday elegance and special occasions.",Date Night / Evening
350,IBRAHEEM AL QURASHI,MEXICAN TOBACCO,"Tobacco Leaf, Spices","Cacao, Vanilla, Tonka Bean","Amber, Musk, Sandalwood","Mexican Tobacco by Ibraheem Al Qurashi is a captivating fragrance that opens with tobacco leaf, spices, creating a fresh and inviting first impression. The heart reveals cacao, vanilla, adding depth and sophistication, while the base of amber, musk leaves a smooth and long-lasting trail. An ideal scent for both everyday elegance and special occasions.",Date Night / Evening
351,INITIO,PARAGON,"Bergamot, Lavender, Sage","Palo Santo, Plum, Black Pepper","Sandalwood, Oud, Musk","Paragon by Initio is a captivating fragrance that opens with bergamot, lavender, creating a fresh and inviting first impression. The heart reveals palo santo, plum, adding depth and sophistication, while the base of sandalwood, oud leaves a smooth and long-lasting trail. An ideal scent for both everyday elegance and special occasions.",Office / Daily
352,INITIO,REHAB,"Bergamot, Lavender","Eucalyptus, Cedarwood, Patchouli","Sandalwood, Musk, Vetiver","Rehab by Initio is a captivating fragrance that opens with bergamot, lavender, creating a fresh and inviting first impression. The heart reveals eucalyptus, cedarwood, adding depth and sophistication, while the base of sandalwood, musk leaves a smooth and long-lasting trail. An ideal scent for both everyday elegance and special occasions.",Office / Daily
353,INITIO,OUDH FOR GREATNESS,"Saffron, Nutmeg","Lavender, Agarwood (Oud)","Patchouli, Musk, Amber","Oudh For Greatness by Initio is a captivating fragrance that opens with saffron, nutmeg, creating a fresh and inviting first impression. The heart reveals lavender, agarwood (oud), adding depth and sophistication, while the base of patchouli, musk leaves a smooth and long-lasting trail. An ideal scent for both everyday elegance and special occasions.",Date Night / Evening
354,INTIO,ADDICTIVE VIBRATIONS,"Apple Blossom, Honey","Orange Blossom, Vanilla","Musk, Amber, Sandalwood","Addictive Vibrations by Intio is a captivating fragrance that opens with apple blossom, honey, creating a fresh and inviting first impression. The heart reveals orange blossom, vanilla, adding depth and sophistication, while the base of musk, amber leaves a smooth and long-lasting trail. An ideal scent for both everyday elegance and special occasions.",Office / Daily
355,INTIO,SIDE EFFECT,"Cinnamon, Rum","Tobacco, Saffron","Vanilla, Sandalwood, Cedarwood","Side Effect by Intio is a captivating fragrance that opens with cinnamon, rum, creating a fresh and inviting first impression. The heart reveals tobacco, saffron, adding depth and sophistication, while the base of vanilla, sandalwood leaves a smooth and long-lasting trail. An ideal scent for both everyday elegance and special occasions.",Office / Daily
356,ISSEY MIYAKE,L 'EAU D ISSEY INTENSE,"Yuzu, Bergamot","Nutmeg, Cinnamon, Cardamom","Amber, Incense, Sandalwood","L 'Eau D Issey Intense by Issey Miyake is a captivating fragrance that opens with yuzu, bergamot, creating a fresh and inviting first impression. The heart reveals nutmeg, cinnamon, adding depth and sophistication, while the base of amber, incense leaves a smooth and long-lasting trail. An ideal scent for both everyday elegance and special occasions.",Date Night / Evening
357,ISSEY MIYAKE,L 'EAU D ISSEY POUR FEMME,"Lotus, Freesia, Rose","Lily, Jasmine, Peony","Cedarwood, Musk, Amber","L 'Eau D Issey Pour Femme by Issey Miyake is a captivating fragrance that opens with lotus, freesia, creating a fresh and inviting first impression. The heart reveals lily, jasmine, adding depth and sophistication, while the base of cedarwood, musk leaves a smooth and long-lasting trail. An ideal scent for both everyday elegance and special occasions.",Formal / Special Occasions
358,ISSEY MIYAKE,L 'EAU D ISSEY POUR HOMME,"Yuzu, Lemon, Bergamot","Nutmeg, Cinnamon, Water Lily","Cedarwood, Sandalwood, Musk","L 'Eau D Issey Pour Homme by Issey Miyake is a captivating fragrance that opens with yuzu, lemon, creating a fresh and inviting first impression. The heart reveals nutmeg, cinnamon, adding depth and sophistication, while the base of cedarwood, sandalwood leaves a smooth and long-lasting trail. An ideal scent for both everyday elegance and special occasions.",Formal / Special Occasions
359,ISSEY MIYAKE,L 'EAU D ISSEY SPORT,"Grapefruit, Bergamot","Nutmeg, Leather, Vetiver","Cedarwood, Amber, Musk","L 'Eau D Issey Sport by Issey Miyake is a captivating fragrance that opens with grapefruit, bergamot, creating a fresh and inviting first impression. The heart reveals nutmeg, leather, adding depth and sophistication, while the base of cedarwood, amber leaves a smooth and long-lasting trail. An ideal scent for both everyday elegance and special occasions.",Gym / Casual
360,ISSEY MIYAKE,NOIR ARGENT,"Grapefruit, Pepper","Leather, Nutmeg","Vetiver, Patchouli, Amber","Noir Argent by Issey Miyake is a captivating fragrance that opens with grapefruit, pepper, creating a fresh and inviting first impression. The heart reveals leather, nutmeg, adding depth and sophistication, while the base of vetiver, patchouli leaves a smooth and long-lasting trail. An ideal scent for both everyday elegance and special occasions.",Date Night / Evening
361,ISSEY MIYAKE,BLEU,"Mint, Orange","Rosemary, Lavender","Sandalwood, Patchouli, Musk","Bleu by Issey Miyake is a captivating fragrance that opens with mint, orange, creating a fresh and inviting first impression. The heart reveals rosemary, lavender, adding depth and sophistication, while the base of sandalwood, patchouli leaves a smooth and long-lasting trail. An ideal scent for both everyday elegance and special occasions.",Formal / Special Occasions
362,ISSEY MIYAKE,WOON N WOOD,"Grapefruit, Cardamom","Cedarwood, Sandalwood","Vetiver, Amber, Patchouli","Woon N Wood by Issey Miyake is a captivating fragrance that opens with grapefruit, cardamom, creating a fresh and inviting first impression. The heart reveals cedarwood, sandalwood, adding depth and sophistication, while the base of vetiver, amber leaves a smooth and long-lasting trail. An ideal scent for both everyday elegance and special occasions.",Formal / Special Occasions
363,JEAN PAUL GAULTIER,LA BELLE,"Pear, Bergamot","Vanilla, Floral Notes","Vetiver, Amber, Musk","La Belle by Jean Paul Gaultier is a captivating fragrance that opens with pear, bergamot, creating a fresh and inviting first impression. The heart reveals vanilla, floral notes, adding depth and sophistication, while the base of vetiver, amber leaves a smooth and long-lasting trail. An ideal scent for both everyday elegance and special occasions.",Office / Daily
364,JEAN PAUL GAULTIER,LE MALE ELIXIR ABSOLU,"Mint, Lavender","Vanilla, Benzoin","Tonka Bean, Amber, Sandalwood","Le Male Elixir Absolu by Jean Paul Gaultier is a captivating fragrance that opens with mint, lavender, creating a fresh and inviting first impression. The heart reveals vanilla, benzoin, adding depth and sophistication, while the base of tonka bean, amber leaves a smooth and long-lasting trail. An ideal scent for both everyday elegance and special occasions.",Date Night / Evening
365,JEAN PAUL GAULTIER,ULTRA MALE,"Pear, Lavender","Cinnamon, Clary Sage","Vanilla, Amber, Cedarwood","Ultra Male by Jean Paul Gaultier is a captivating fragrance that opens with pear, lavender, creating a fresh and inviting first impression. The heart reveals cinnamon, clary sage, adding depth and sophistication, while the base of vanilla, amber leaves a smooth and long-lasting trail. An ideal scent for both everyday elegance and special occasions.",Office / Daily
366,JEAN PAUL GAULTIER,LE MALE,"Mint, Lavender","Bergamot, Cinnamon","Vanilla, Tonka Bean, Sandalwood","Le Male by Jean Paul Gaultier is a captivating fragrance that opens with mint, lavender, creating a fresh and inviting first impression. The heart reveals bergamot, cinnamon, adding depth and sophistication, while the base of vanilla, tonka bean leaves a smooth and long-lasting trail. An ideal scent for both everyday elegance and special occasions.",Date Night / Evening
367,JEAN PAUL GAULTIER,LE MALE LE PARFUM,"Cardamom, Lavender","Iris, Vanilla","Amber, Wood, Patchouli","Le Male Le Parfum by Jean Paul Gaultier is a captivating fragrance that opens with cardamom, lavender, creating a fresh and inviting first impression. The heart reveals iris, vanilla, adding depth and sophistication, while the base of amber, wood leaves a smooth and long-lasting trail. An ideal scent for both everyday elegance and special occasions.",Office / Daily
368,JEAN PAUL GAULTIER,SCANDAL MEN,"Mandarin, Clary Sage","Caramel, Tonka Bean","Vetiver, Amber, Sandalwood","Scandal Men by Jean Paul Gaultier is a captivating fragrance that opens with mandarin, clary sage, creating a fresh and inviting first impression. The heart reveals caramel, tonka bean, adding depth and sophistication, while the base of vetiver, amber leaves a smooth and long-lasting trail. An ideal scent for both everyday elegance and special occasions.",Formal / Special Occasions
369,JEAN PAUL GAULTIER,LE BEAU 2019,"Bergamot, Coconut","Tonka Bean, Ylang-Ylang","Sandalwood, Amber, Musk","Le Beau 2019 by Jean Paul Gaultier is a captivating fragrance that opens with bergamot, coconut, creating a fresh and inviting first impression. The heart reveals tonka bean, ylang-ylang, adding depth and sophistication, while the base of sandalwood, amber leaves a smooth and long-lasting trail. An ideal scent for both everyday elegance and special occasions.",Date Night / Evening
370,JEAN PAUL GAULTIER,LE MALE ELIXIR,"Lavender, Mint","Benzoin, Vanilla","Tonka Bean, Honey, Amber","Le Male Elixir by Jean Paul Gaultier is a captivating fragrance that opens with lavender, mint, creating a fresh and inviting first impression. The heart reveals benzoin, vanilla, adding depth and sophistication, while the base of tonka bean, honey leaves a smooth and long-lasting trail. An ideal scent for both everyday elegance and special occasions.",Date Night / Evening
371,JEAN PAUL GAULTIER,DIVINE ELIXIR,"Salt, Bergamot","Lily, Jasmine","Vanilla, Amber, Musk","Divine Elixir by Jean Paul Gaultier is a captivating fragrance that opens with salt, bergamot, creating a fresh and inviting first impression. The heart reveals lily, jasmine, adding depth and sophistication, while the base of vanilla, amber leaves a smooth and long-lasting trail. An ideal scent for both everyday elegance and special occasions.",Date Night / Evening
372,JEAN PAUL GAULTIER,LA BELLE FLOWER EDITION,"Pear, Citrus","Floral Notes, Vanilla","Vetiver, Amber, Musk","La Belle Flower Edition by Jean Paul Gaultier is a captivating fragrance that opens with pear, citrus, creating a fresh and inviting first impression. The heart reveals floral notes, vanilla, adding depth and sophistication, while the base of vetiver, amber leaves a smooth and long-lasting trail. An ideal scent for both everyday elegance and special occasions.",Formal / Special Occasions
373,JIMMY CHOO,POUR HOMME,"Lavender, Mandarin","Geranium, Pineapple","Patchouli, Amber, Suede","Pour Homme by Jimmy Choo is a captivating fragrance that opens with lavender, mandarin, creating a fresh and inviting first impression. The heart reveals geranium, pineapple, adding depth and sophistication, while the base of patchouli, amber leaves a smooth and long-lasting trail. An ideal scent for both everyday elegance and special occasions.",Formal / Special Occasions
374,JO MALONE,POMEGRANATE NOIR COLOGNE,"Pomegranate, Raspberry","Lily, Jasmine","Guaiac Wood, Patchouli, Amber","Pomegranate Noir Cologne by Jo Malone is a captivating fragrance that opens with pomegranate, raspberry, creating a fresh and inviting first impression. The heart reveals lily, jasmine, adding depth and sophistication, while the base of guaiac wood, patchouli leaves a smooth and long-lasting trail. An ideal scent for both everyday elegance and special occasions.",Date Night / Evening
375,JO MALONE,RED HIBISCUS,"Mandarin, Ginger","Hibiscus, Jasmine","Vanilla, Musk, Amber","Red Hibiscus by Jo Malone is a captivating fragrance that opens with mandarin, ginger, creating a fresh and inviting first impression. The heart reveals hibiscus, jasmine, adding depth and sophistication, while the base of vanilla, musk leaves a smooth and long-lasting trail. An ideal scent for both everyday elegance and special occasions.",Office / Daily
376,JO MALONE,POPPY & BARLEY,"Fig, Blackcurrant","Poppy, Wheat","Barley, Musk, Sandalwood","Poppy & Barley by Jo Malone is a captivating fragrance that opens with fig, blackcurrant, creating a fresh and inviting first impression. The heart reveals poppy, wheat, adding depth and sophistication, while the base of barley, musk leaves a smooth and long-lasting trail. An ideal scent for both everyday elegance and special occasions.",Office / Daily
377,JO MALONE,ENGLISH PEAR & SWEET PEA,"Pear, Bergamot","Sweet Pea, Rose","Musk, White Woods, Amber","English Pear & Sweet Pea by Jo Malone is a captivating fragrance that opens with pear, bergamot, creating a fresh and inviting first impression. The heart reveals sweet pea, rose, adding depth and sophistication, while the base of musk, white woods leaves a smooth and long-lasting trail. An ideal scent for both everyday elegance and special occasions.",Date Night / Evening
378,JO MALONE,MYRHH&TONKA,Lavender,"Myrrh, Almond","Tonka Bean, Vanilla, Amber","Myrhh&Tonka by Jo Malone is a captivating fragrance that opens with lavender, creating a fresh and inviting first impression. The heart reveals myrrh, almond, adding depth and sophistication, while the base of tonka bean, vanilla leaves a smooth and long-lasting trail. An ideal scent for both everyday elegance and special occasions.",Office / Daily
379,JO MALONE,OUDH BERGAMOT,"Bergamot, Lemon","Oud, Cedarwood","Amber, Musk, Patchouli","Oudh Bergamot by Jo Malone is a captivating fragrance that opens with bergamot, lemon, creating a fresh and inviting first impression. The heart reveals oud, cedarwood, adding depth and sophistication, while the base of amber, musk leaves a smooth and long-lasting trail. An ideal scent for both everyday elegance and special occasions.",Date Night / Evening
380,JO MALONE,LIME BASIL MANDARIN,"Lime, Mandarin","Basil, Thyme","Amberwood, Musk, Vetiver","Lime Basil Mandarin by Jo Malone is a captivating fragrance that opens with lime, mandarin, creating a fresh and inviting first impression. The heart reveals basil, thyme, adding depth and sophistication, while the base of amberwood, musk leaves a smooth and long-lasting trail. An ideal scent for both everyday elegance and special occasions.",Office / Daily
381,JO MALONE,VELVET ROSE OUDH,"Clove, Damask Rose","Oud, Praline","Amber, Musk, Sandalwood","Velvet Rose Oudh by Jo Malone is a captivating fragrance that opens with clove, damask rose, creating a fresh and inviting first impression. The heart reveals oud, praline, adding depth and sophistication, while the base of amber, musk leaves a smooth and long-lasting trail. An ideal scent for both everyday elegance and special occasions.",Date Night / Evening
382,JO MALONE,BITTER MANDARIN,"Mandarin, Orange","Petitgrain, Orange Blossom","Vetiver, Amber, Musk","Bitter Mandarin by Jo Malone is a captivating fragrance that opens with mandarin, orange, creating a fresh and inviting first impression. The heart reveals petitgrain, orange blossom, adding depth and sophistication, while the base of vetiver, amber leaves a smooth and long-lasting trail. An ideal scent for both everyday elegance and special occasions.",Date Night / Evening
383,JO MALONE,FIG & LOTUS FLOWER,"Fig, Bergamot","Lotus Flower, Jasmine","Vetiver, Cedarwood, Musk","Fig & Lotus Flower by Jo Malone is a captivating fragrance that opens with fig, bergamot, creating a fresh and inviting first impression. The heart reveals lotus flower, jasmine, adding depth and sophistication, while the base of vetiver, cedarwood leaves a smooth and long-lasting trail. An ideal scent for both everyday elegance and special occasions.",Formal / Special Occasions
384,JUICY COUTURE,VIVA LA JUICY,"Wild Berries, Mandarin","Jasmine, Gardenia","Caramel, Vanilla, Amber","Viva La Juicy by Juicy Couture is a captivating fragrance that opens with wild berries, mandarin, creating a fresh and inviting first impression. The heart reveals jasmine, gardenia, adding depth and sophistication, while the base of caramel, vanilla leaves a smooth and long-lasting trail. An ideal scent for both everyday elegance and special occasions.",Date Night / Evening
385,KAYALI,YUM BOUJEE MARSHMALLOW 81.,"Strawberry, Lemon","Marshmallow, Coconut","Vanilla, Musk, Sugar","Yum Boujee Marshmallow 81. by Kayali is a captivating fragrance that opens with strawberry, lemon, creating a fresh and inviting first impression. The heart reveals marshmallow, coconut, adding depth and sophistication, while the base of vanilla, musk leaves a smooth and long-lasting trail. An ideal scent for both everyday elegance and special occasions.",Office / Daily
386,KAYALI,FLEUR MAJESTY ROSE ROYALE | 31,"Pear, Peach","Rose, Jasmine","Vanilla, Amber, Musk","Fleur Majesty Rose Royale | 31 by Kayali is a captivating fragrance that opens with pear, peach, creating a fresh and inviting first impression. The heart reveals rose, jasmine, adding depth and sophistication, while the base of vanilla, amber leaves a smooth and long-lasting trail. An ideal scent for both everyday elegance and special occasions.",Office / Daily
387,KAYALI,CITRUS 08,"Lemon, Bergamot","Orange Blossom, Neroli","Musk, Amber, Cedarwood","Citrus 08 by Kayali is a captivating fragrance that opens with lemon, bergamot, creating a fresh and inviting first impression. The heart reveals orange blossom, neroli, adding depth and sophistication, while the base of musk, amber leaves a smooth and long-lasting trail. An ideal scent for both everyday elegance and special occasions.",Office / Daily
388,KAYALI,YUM PISTACHIO GELATO 33,"Pistachio, Ice Cream Accord","Jasmine, Heliotrope","Vanilla, Tonka Bean, Musk","Yum Pistachio Gelato 33 by Kayali is a captivating fragrance that opens with pistachio, ice cream accord, creating a fresh and inviting first impression. The heart reveals jasmine, heliotrope, adding depth and sophistication, while the base of vanilla, tonka bean leaves a smooth and long-lasting trail. An ideal scent for both everyday elegance and special occasions.",Date Night / Evening
389,KAYALI,THE WEDDING VELVET SANTAL 35,"Bergamot, Freesia","Sandalwood, Rose","Musk, Vanilla, Amber","The Wedding Velvet Santal 35 by Kayali is a captivating fragrance that opens with bergamot, freesia, creating a fresh and inviting first impression. The heart reveals sandalwood, rose, adding depth and sophistication, while the base of musk, vanilla leaves a smooth and long-lasting trail. An ideal scent for both everyday elegance and special occasions.",Office / Daily
390,KAYALI,EDEN JUICY APPLE 01,"Apple, Blackcurrant","Jasmine, Rose","Vanilla, Musk, Amber","Eden Juicy Apple 01 by Kayali is a captivating fragrance that opens with apple, blackcurrant, creating a fresh and inviting first impression. The heart reveals jasmine, rose, adding depth and sophistication, while the base of vanilla, musk leaves a smooth and long-lasting trail. An ideal scent for both everyday elegance and special occasions.",Office / Daily
391,KAYALI,VANILLA ROYAL SUGARED PATCHOUL,"Sugar, Rum","Patchouli, Rose","Vanilla, Amber, Musk","Vanilla Royal Sugared Patchoul by Kayali is a captivating fragrance that opens with sugar, rum, creating a fresh and inviting first impression. The heart reveals patchouli, rose, adding depth and sophistication, while the base of vanilla, amber leaves a smooth and long-lasting trail. An ideal scent for both everyday elegance and special occasions.",Date Night / Evening
392,KAYALI,DEJU VU WHITE FLOWERS 57,"Gardenia, Pear","Tuberose, Jasmine","Sandalwood, Musk, Vanilla","Deju Vu White Flowers 57 by Kayali is a captivating fragrance that opens with gardenia, pear, creating a fresh and inviting first impression. The heart reveals tuberose, jasmine, adding depth and sophistication, while the base of sandalwood, musk leaves a smooth and long-lasting trail. An ideal scent for both everyday elegance and special occasions.",Office / Daily
393,KAYALI,UTOPIA VANILLA COCO,"Coconut, Lemon","Jasmine, Tuberose","Vanilla, Musk, Sandalwood","Utopia Vanilla Coco by Kayali is a captivating fragrance that opens with coconut, lemon, creating a fresh and inviting first impression. The heart reveals jasmine, tuberose, adding depth and sophistication, while the base of vanilla, musk leaves a smooth and long-lasting trail. An ideal scent for both everyday elegance and special occasions.",Date Night / Evening
394,KAYALI,VANILLA 28,"Brown Sugar, Vanilla","Tonka Bean, Amber","Musk, Amber, Patchouli","Vanilla 28 by Kayali is a captivating fragrance that opens with brown sugar, vanilla, creating a fresh and inviting first impression. The heart reveals tonka bean, amber, adding depth and sophistication, while the base of musk, amber leaves a smooth and long-lasting trail. An ideal scent for both everyday elegance and special occasions.",Date Night / Evening
395,KENNETH COLE,BLACK,"Mandarin, Ginger","Basil, Lotus","Incense, Musk, Cedarwood","Black by Kenneth Cole is a captivating fragrance that opens with mandarin, ginger, creating a fresh and inviting first impression. The heart reveals basil, lotus, adding depth and sophistication, while the base of incense, musk leaves a smooth and long-lasting trail. An ideal scent for both everyday elegance and special occasions.",Date Night / Evening
396,KENZO,L'EAU PUR,"Lemon, Bergamot","Aquatic Notes, Lotus","Musk, Cedarwood, Amber","L'Eau Pur by Kenzo is a captivating fragrance that opens with lemon, bergamot, creating a fresh and inviting first impression. The heart reveals aquatic notes, lotus, adding depth and sophistication, while the base of musk, cedarwood leaves a smooth and long-lasting trail. An ideal scent for both everyday elegance and special occasions.",Office / Daily
397,KILIAN,SMOKING HOT,"Apple, Cinnamon","Tobacco, Vanilla","Bourbon, Amber, Sandalwood","Smoking Hot by Kilian is a captivating fragrance that opens with apple, cinnamon, creating a fresh and inviting first impression. The heart reveals tobacco, vanilla, adding depth and sophistication, while the base of bourbon, amber leaves a smooth and long-lasting trail. An ideal scent for both everyday elegance and special occasions.",Formal / Special Occasions
398,KILIAN,DO IT FOR LOVE,"Bergamot, Lemon","Jasmine, Rose","Vetiver, Musk, Amber","Do It For Love by Kilian is a captivating fragrance that opens with bergamot, lemon, creating a fresh and inviting first impression. The heart reveals jasmine, rose, adding depth and sophistication, while the base of vetiver, musk leaves a smooth and long-lasting trail. An ideal scent for both everyday elegance and special occasions.",Date Night / Evening
399,KILIAN,BAMBOO HARMONY,"Neroli, Bergamot","Tea, Bamboo","Musk, Fig Leaf, Oakmoss","Bamboo Harmony by Kilian is a captivating fragrance that opens with neroli, bergamot, creating a fresh and inviting first impression. The heart reveals tea, bamboo, adding depth and sophistication, while the base of musk, fig leaf leaves a smooth and long-lasting trail. An ideal scent for both everyday elegance and special occasions.",Date Night / Evening
400,KILIAN,CRUEL INTENTIONS,"Bergamot, Pink Pepper","Rose, Patchouli","Vetiver, Amber, Sandalwood","Cruel Intentions by Kilian is a captivating fragrance that opens with bergamot, pink pepper, creating a fresh and inviting first impression. The heart reveals rose, patchouli, adding depth and sophistication, while the base of vetiver, amber leaves a smooth and long-lasting trail. An ideal scent for both everyday elegance and special occasions.",Date Night / Evening
401,KILIAN,GOLD KNIGHT,"Bergamot, Anise","Honey, Vanilla","Patchouli, Amber, Musk","Gold Knight by Kilian is a captivating fragrance that opens with bergamot, anise, creating a fresh and inviting first impression. The heart reveals honey, vanilla, adding depth and sophistication, while the base of patchouli, amber leaves a smooth and long-lasting trail. An ideal scent for both everyday elegance and special occasions.",Date Night / Evening
402,KILIAN,LIAISONS DANGEREUSES,"Peach, Plum","Rose, Cinnamon","Vanilla, Musk, Amber","Liaisons Dangereuses by Kilian is a captivating fragrance that opens with peach, plum, creating a fresh and inviting first impression. The heart reveals rose, cinnamon, adding depth and sophistication, while the base of vanilla, musk leaves a smooth and long-lasting trail. An ideal scent for both everyday elegance and special occasions.",Office / Daily
403,KILIAN,LOVE THE WAY YOU FEEL,"Mandarin, Bergamot","Floral Notes, Jasmine","Musk, Amber, Sandalwood","Love The Way You Feel by Kilian is a captivating fragrance that opens with mandarin, bergamot, creating a fresh and inviting first impression. The heart reveals floral notes, jasmine, adding depth and sophistication, while the base of musk, amber leaves a smooth and long-lasting trail. An ideal scent for both everyday elegance and special occasions.",Office / Daily
404,KILIAN,AMBER OUD ARABIAN NIGHTS,"Saffron, Bergamot","Oud, Rose","Amber, Musk, Sandalwood","Amber Oud Arabian Nights by Kilian is a captivating fragrance that opens with saffron, bergamot, creating a fresh and inviting first impression. The heart reveals oud, rose, adding depth and sophistication, while the base of amber, musk leaves a smooth and long-lasting trail. An ideal scent for both everyday elegance and special occasions.",Date Night / Evening
405,KILIAN,LOVE & TEARS,"Bergamot, Lemon","Rose, Jasmine","Musk, Cedarwood, Amber","Love & Tears by Kilian is a captivating fragrance that opens with bergamot, lemon, creating a fresh and inviting first impression. The heart reveals rose, jasmine, adding depth and sophistication, while the base of musk, cedarwood leaves a smooth and long-lasting trail. An ideal scent for both everyday elegance and special occasions.",Office / Daily
406,KILIAN,LOVE THE WAY YOU TASTE,"Fruits, Citrus","Floral Notes, Vanilla","Musk, Amber, Sugar","Love The Way You Taste by Kilian is a captivating fragrance that opens with fruits, citrus, creating a fresh and inviting first impression. The heart reveals floral notes, vanilla, adding depth and sophistication, while the base of musk, amber leaves a smooth and long-lasting trail. An ideal scent for both everyday elegance and special occasions.",Office / Daily
407,KILIAN,ROSES ON ICE,"Cucumber, Lime","Rose, Juniper","Sandalwood, Musk, Amber","Roses On Ice by Kilian is a captivating fragrance that opens with cucumber, lime, creating a fresh and inviting first impression. The heart reveals rose, juniper, adding depth and sophistication, while the base of sandalwood, musk leaves a smooth and long-lasting trail. An ideal scent for both everyday elegance and special occasions.",Gym / Casual
408,KILIAN,WOMAN IN GOLD,"Bergamot, Mandarin","Rose, Vanilla","Patchouli, Tonka Bean, Musk","Woman In Gold by Kilian is a captivating fragrance that opens with bergamot, mandarin, creating a fresh and inviting first impression. The heart reveals rose, vanilla, adding depth and sophistication, while the base of patchouli, tonka bean leaves a smooth and long-lasting trail. An ideal scent for both everyday elegance and special occasions.",Date Night / Evening
409,KILIAN,ANGLES SHARE,"Cognac, Cinnamon","Tonka Bean, Oak","Vanilla, Praline, Sandalwood","Angles Share by Kilian is a captivating fragrance that opens with cognac, cinnamon, creating a fresh and inviting first impression. The heart reveals tonka bean, oak, adding depth and sophistication, while the base of vanilla, praline leaves a smooth and long-lasting trail. An ideal scent for both everyday elegance and special occasions.",Formal / Special Occasions
410,KILIAN,APPLE BRANDY,"Apple, Cardamom","Brandy, Rum","Vanilla, Cedarwood, Musk","Apple Brandy by Kilian is a captivating fragrance that opens with apple, cardamom, creating a fresh and inviting first impression. The heart reveals brandy, rum, adding depth and sophistication, while the base of vanilla, cedarwood leaves a smooth and long-lasting trail. An ideal scent for both everyday elegance and special occasions.",Office / Daily
411,KILIAN,GOOD GIRL GONE BAD,"Apricot, Osmanthus","Jasmine, Tuberose","Cedarwood, Amber, Musk","Good Girl Gone Bad by Kilian is a captivating fragrance that opens with apricot, osmanthus, creating a fresh and inviting first impression. The heart reveals jasmine, tuberose, adding depth and sophistication, while the base of cedarwood, amber leaves a smooth and long-lasting trail. An ideal scent for both everyday elegance and special occasions.",Formal / Special Occasions
412,KILIAN,SACRED WOOD,Bergamot,"Sandalwood, Milk","Cedarwood, Musk, Amber","Sacred Wood by Kilian is a captivating fragrance that opens with bergamot, creating a fresh and inviting first impression. The heart reveals sandalwood, milk, adding depth and sophistication, while the base of cedarwood, musk leaves a smooth and long-lasting trail. An ideal scent for both everyday elegance and special occasions.",Office / Daily
413,KILIAN,BACK TO BLACK,"Honey, Cherry","Tobacco, Rose","Vanilla, Amber, Sandalwood","Back To Black by Kilian is a captivating fragrance that opens with honey, cherry, creating a fresh and inviting first impression. The heart reveals tobacco, rose, adding depth and sophistication, while the base of vanilla, amber leaves a smooth and long-lasting trail. An ideal scent for both everyday elegance and special occasions.",Date Night / Evening
414,KILIAN,SMOKE FOR SOUL,"Grapefruit, Eucalyptus","Tobacco, Mate","Cannabis, Birch, Amber","Smoke For Soul by Kilian is a captivating fragrance that opens with grapefruit, eucalyptus, creating a fresh and inviting first impression. The heart reveals tobacco, mate, adding depth and sophistication, while the base of cannabis, birch leaves a smooth and long-lasting trail. An ideal scent for both everyday elegance and special occasions.",Office / Daily
415,KILIAN,BLACK PHANTOM,"Rum, Sugar","Coffee, Chocolate","Sandalwood, Caramel, Vanilla","Black Phantom by Kilian is a captivating fragrance that opens with rum, sugar, creating a fresh and inviting first impression. The heart reveals coffee, chocolate, adding depth and sophistication, while the base of sandalwood, caramel leaves a smooth and long-lasting trail. An ideal scent for both everyday elegance and special occasions.",Date Night / Evening
416,KILIAN,INTOXICATED,"Coffee, Cardamom","Cinnamon, Nutmeg","Vanilla, Amber, Sandalwood","Intoxicated by Kilian is a captivating fragrance that opens with coffee, cardamom, creating a fresh and inviting first impression. The heart reveals cinnamon, nutmeg, adding depth and sophistication, while the base of vanilla, amber leaves a smooth and long-lasting trail. An ideal scent for both everyday elegance and special occasions.",Office / Daily
417,KILIAN,PLAYING WITH THE DEVIL,"Blood Orange, Peach","Rose, Jasmine","Patchouli, Musk, Sandalwood","Playing With The Devil by Kilian is a captivating fragrance that opens with blood orange, peach, creating a fresh and inviting first impression. The heart reveals rose, jasmine, adding depth and sophistication, while the base of patchouli, musk leaves a smooth and long-lasting trail. An ideal scent for both everyday elegance and special occasions.",Date Night / Evening
418,KILIAN,ROSE OUD,"Saffron, Bergamot","Rose, Oud","Patchouli, Amber, Musk","Rose Oud by Kilian is a captivating fragrance that opens with saffron, bergamot, creating a fresh and inviting first impression. The heart reveals rose, oud, adding depth and sophistication, while the base of patchouli, amber leaves a smooth and long-lasting trail. An ideal scent for both everyday elegance and special occasions.",Date Night / Evening
419,KILIAN,STRAIGHT TO HEAVEN,"Rum, Dried Fruits","Cedarwood, Patchouli","Vanilla, Musk, Amber","Straight To Heaven by Kilian is a captivating fragrance that opens with rum, dried fruits, creating a fresh and inviting first impression. The heart reveals cedarwood, patchouli, adding depth and sophistication, while the base of vanilla, musk leaves a smooth and long-lasting trail. An ideal scent for both everyday elegance and special occasions.",Date Night / Evening
420,KILIAN,VODKA ON THE ROCKS,"Cardamom, Coriander","Rhubarb, Lily of Valley","Oakmoss, Sandalwood, Musk","Vodka On The Rocks by Kilian is a captivating fragrance that opens with cardamom, coriander, creating a fresh and inviting first impression. The heart reveals rhubarb, lily of valley, adding depth and sophistication, while the base of oakmoss, sandalwood leaves a smooth and long-lasting trail. An ideal scent for both everyday elegance and special occasions.",Date Night / Evening
421,LACOSTE,WHITE,"Grapefruit, Rosemary, Cardamom","Tuberose, Ylang-Ylang","Cedarwood, Suede, Vetiver","White by Lacoste is a captivating fragrance that opens with grapefruit, rosemary, creating a fresh and inviting first impression. The heart reveals tuberose, ylang-ylang, adding depth and sophistication, while the base of cedarwood, suede leaves a smooth and long-lasting trail. An ideal scent for both everyday elegance and special occasions.",Office / Daily
422,LACOSTE,GREEN,"Lime, Bergamot, Fig Leaf","Jasmine, Green Notes, Rose","Cedarwood, Musk, Patchouli","Green by Lacoste is a captivating fragrance that opens with lime, bergamot, creating a fresh and inviting first impression. The heart reveals jasmine, green notes, adding depth and sophistication, while the base of cedarwood, musk leaves a smooth and long-lasting trail. An ideal scent for both everyday elegance and special occasions.",Date Night / Evening
423,LANCOME,ABSOLUE LES PARFUM,"Bergamot, Saffron","Rose, Jasmine, Iris","Amber, Vanilla, Musk","Absolue Les Parfum by Lancome is a captivating fragrance that opens with bergamot, saffron, creating a fresh and inviting first impression. The heart reveals rose, jasmine, adding depth and sophistication, while the base of amber, vanilla leaves a smooth and long-lasting trail. An ideal scent for both everyday elegance and special occasions.",Office / Daily
424,LANCOME,L'AUTRE OUD EDP,"Bergamot, Raspberry","Rose, Oud, Patchouli","Amber, Sandalwood, Musk","L'Autre Oud Edp by Lancome is a captivating fragrance that opens with bergamot, raspberry, creating a fresh and inviting first impression. The heart reveals rose, oud, adding depth and sophistication, while the base of amber, sandalwood leaves a smooth and long-lasting trail. An ideal scent for both everyday elegance and special occasions.",Date Night / Evening
425,LANCOME,LA VIE EST BELLE EN ROSE,"Red Berries, Bergamot","Rose, Peony, Lily of Valley","Musk, Sandalwood, Iris","La Vie Est Belle En Rose by Lancome is a captivating fragrance that opens with red berries, bergamot, creating a fresh and inviting first impression. The heart reveals rose, peony, adding depth and sophistication, while the base of musk, sandalwood leaves a smooth and long-lasting trail. An ideal scent for both everyday elegance and special occasions.",Office / Daily
426,LANCOME,POEME,"Narcissus, Bergamot","Mimosa, Jasmine, Rose","Vanilla, Tonka Bean, Amber","Poeme by Lancome is a captivating fragrance that opens with narcissus, bergamot, creating a fresh and inviting first impression. The heart reveals mimosa, jasmine, adding depth and sophistication, while the base of vanilla, tonka bean leaves a smooth and long-lasting trail. An ideal scent for both everyday elegance and special occasions.",Office / Daily
427,LANCOME,LA VIE EST BELLE,"Blackcurrant, Pear","Iris, Jasmine, Orange Blossom","Patchouli, Vanilla, Tonka Bean","La Vie Est Belle by Lancome is a captivating fragrance that opens with blackcurrant, pear, creating a fresh and inviting first impression. The heart reveals iris, jasmine, adding depth and sophistication, while the base of patchouli, vanilla leaves a smooth and long-lasting trail. An ideal scent for both everyday elegance and special occasions.",Date Night / Evening
428,LANCOME,TRESOR MIDNIGHT ROSE,"Raspberry, Rose","Jasmine, Peony","Vanilla, Musk, Cedarwood","Tresor Midnight Rose by Lancome is a captivating fragrance that opens with raspberry, rose, creating a fresh and inviting first impression. The heart reveals jasmine, peony, adding depth and sophistication, while the base of vanilla, musk leaves a smooth and long-lasting trail. An ideal scent for both everyday elegance and special occasions.",Date Night / Evening
429,LANCOME,OUD BOUQUET,"Rose, Saffron","Oud, Patchouli","Praline, Vanilla, Amber","Oud Bouquet by Lancome is a captivating fragrance that opens with rose, saffron, creating a fresh and inviting first impression. The heart reveals oud, patchouli, adding depth and sophistication, while the base of praline, vanilla leaves a smooth and long-lasting trail. An ideal scent for both everyday elegance and special occasions.",Date Night / Evening
430,LANCOME,TRÃ‰SOR,"Peach, Apricot","Rose, Jasmine, Iris","Sandalwood, Amber, Musk","Trã‰Sor by Lancome is a captivating fragrance that opens with peach, apricot, creating a fresh and inviting first impression. The heart reveals rose, jasmine, adding depth and sophistication, while the base of sandalwood, amber leaves a smooth and long-lasting trail. An ideal scent for both everyday elegance and special occasions.",Date Night / Evening
431,LANCOME,LA VIE EST BELLE VANILLE NUDE,"Bergamot, Pear","Iris, Jasmine","Vanilla, Tonka Bean, Musk","La Vie Est Belle Vanille Nude by Lancome is a captivating fragrance that opens with bergamot, pear, creating a fresh and inviting first impression. The heart reveals iris, jasmine, adding depth and sophistication, while the base of vanilla, tonka bean leaves a smooth and long-lasting trail. An ideal scent for both everyday elegance and special occasions.",Date Night / Evening
432,LATTAFA,ASAD BOURBON,"Cinnamon, Pepper","Vanilla, Tobacco","Amber, Sandalwood, Musk","Asad Bourbon by Lattafa is a captivating fragrance that opens with cinnamon, pepper, creating a fresh and inviting first impression. The heart reveals vanilla, tobacco, adding depth and sophistication, while the base of amber, sandalwood leaves a smooth and long-lasting trail. An ideal scent for both everyday elegance and special occasions.",Date Night / Evening
433,LATTAFA,TERIAQ,"Citrus, Spices","Rose, Patchouli","Amber, Musk, Oud","Teriaq by Lattafa is a captivating fragrance that opens with citrus, spices, creating a fresh and inviting first impression. The heart reveals rose, patchouli, adding depth and sophistication, while the base of amber, musk leaves a smooth and long-lasting trail. An ideal scent for both everyday elegance and special occasions.",Formal / Special Occasions
434,LATTAFA,BADEE AL OUD HONOR & GLORY,"Pineapple, Bergamot","Jasmine, Vanilla","Oud, Amber, Musk","Badee Al Oud Honor & Glory by Lattafa is a captivating fragrance that opens with pineapple, bergamot, creating a fresh and inviting first impression. The heart reveals jasmine, vanilla, adding depth and sophistication, while the base of oud, amber leaves a smooth and long-lasting trail. An ideal scent for both everyday elegance and special occasions.",Date Night / Evening
435,LATTAFA,KHAMRAH DUKHAN,"Dates, Cinnamon","Praline, Tonka Bean","Amber, Vanilla, Musk","Khamrah Dukhan by Lattafa is a captivating fragrance that opens with dates, cinnamon, creating a fresh and inviting first impression. The heart reveals praline, tonka bean, adding depth and sophistication, while the base of amber, vanilla leaves a smooth and long-lasting trail. An ideal scent for both everyday elegance and special occasions.",Office / Daily
436,LATTAFA,YARA,"Tropical Fruits, Orchid","Vanilla, Jasmine","Musk, Sandalwood, Amber","Yara by Lattafa is a captivating fragrance that opens with tropical fruits, orchid, creating a fresh and inviting first impression. The heart reveals vanilla, jasmine, adding depth and sophistication, while the base of musk, sandalwood leaves a smooth and long-lasting trail. An ideal scent for both everyday elegance and special occasions.",Formal / Special Occasions
437,LATTAFA,ASAD,"Black Pepper, Pineapple","Coffee, Patchouli","Amber, Vanilla, Benzoin","Asad by Lattafa is a captivating fragrance that opens with black pepper, pineapple, creating a fresh and inviting first impression. The heart reveals coffee, patchouli, adding depth and sophistication, while the base of amber, vanilla leaves a smooth and long-lasting trail. An ideal scent for both everyday elegance and special occasions.",Date Night / Evening
438,LATTAFA,HAYAATI,"Apple, Bergamot","Lavender, Cinnamon","Amber, Musk, Vanilla","Hayaati by Lattafa is a captivating fragrance that opens with apple, bergamot, creating a fresh and inviting first impression. The heart reveals lavender, cinnamon, adding depth and sophistication, while the base of amber, musk leaves a smooth and long-lasting trail. An ideal scent for both everyday elegance and special occasions.",Formal / Special Occasions
439,LATTAFA,KHAMRAH,"Cinnamon, Dates","Praline, Vanilla","Tonka Bean, Amber, Musk","Khamrah by Lattafa is a captivating fragrance that opens with cinnamon, dates, creating a fresh and inviting first impression. The heart reveals praline, vanilla, adding depth and sophistication, while the base of tonka bean, amber leaves a smooth and long-lasting trail. An ideal scent for both everyday elegance and special occasions.",Office / Daily
440,LATTAFA,VELVET ROSE,"Rose, Citrus","Patchouli, Floral Notes","Musk, Amber, Sandalwood","Velvet Rose by Lattafa is a captivating fragrance that opens with rose, citrus, creating a fresh and inviting first impression. The heart reveals patchouli, floral notes, adding depth and sophistication, while the base of musk, amber leaves a smooth and long-lasting trail. An ideal scent for both everyday elegance and special occasions.",Office / Daily
441,LATTAFA,KHAMRAH QAHWA,"Coffee, Cinnamon","Dates, Vanilla","Tonka Bean, Amber, Musk","Khamrah Qahwa by Lattafa is a captivating fragrance that opens with coffee, cinnamon, creating a fresh and inviting first impression. The heart reveals dates, vanilla, adding depth and sophistication, while the base of tonka bean, amber leaves a smooth and long-lasting trail. An ideal scent for both everyday elegance and special occasions.",Formal / Special Occasions
442,LATTAFA,SHAMS AL EMARAT,"Orange, Bergamot","Rose, Jasmine","Amber, Musk, Sandalwood","Shams Al Emarat by Lattafa is a captivating fragrance that opens with orange, bergamot, creating a fresh and inviting first impression. The heart reveals rose, jasmine, adding depth and sophistication, while the base of amber, musk leaves a smooth and long-lasting trail. An ideal scent for both everyday elegance and special occasions.",Formal / Special Occasions
443,LATTAFA,BADEE AL OUDH NOBLE BLUSH,"Rose, Pink Pepper","Jasmine, Patchouli","Oud, Amber, Musk","Badee Al Oudh Noble Blush by Lattafa is a captivating fragrance that opens with rose, pink pepper, creating a fresh and inviting first impression. The heart reveals jasmine, patchouli, adding depth and sophistication, while the base of oud, amber leaves a smooth and long-lasting trail. An ideal scent for both everyday elegance and special occasions.",Date Night / Evening
444,LAVERNE,SENSE FOREVER,"Citrus, Apple","Jasmine, Rose","Musk, Amber, Sandalwood","Sense Forever by Laverne is a captivating fragrance that opens with citrus, apple, creating a fresh and inviting first impression. The heart reveals jasmine, rose, adding depth and sophistication, while the base of musk, amber leaves a smooth and long-lasting trail. An ideal scent for both everyday elegance and special occasions.",Office / Daily
445,LE LABO,TABAC 28 MIAMI -,"Tobacco, Rum","Honey, Vanilla","Amber, Musk, Sandalwood","Tabac 28 Miami - by Le Labo is a captivating fragrance that opens with tobacco, rum, creating a fresh and inviting first impression. The heart reveals honey, vanilla, adding depth and sophistication, while the base of amber, musk leaves a smooth and long-lasting trail. An ideal scent for both everyday elegance and special occasions.",Date Night / Evening
446,LE LABO,SANTAL 33,"Cardamom, Violet","Iris, Sandalwood","Cedarwood, Leather, Amber","Santal 33 by Le Labo is a captivating fragrance that opens with cardamom, violet, creating a fresh and inviting first impression. The heart reveals iris, sandalwood, adding depth and sophistication, while the base of cedarwood, leather leaves a smooth and long-lasting trail. An ideal scent for both everyday elegance and special occasions.",Office / Daily
447,LE LABO,THE MATCHA 26,"Fig, Bergamot","Matcha Tea, Vetiver","Cedarwood, Musk, Amber","The Matcha 26 by Le Labo is a captivating fragrance that opens with fig, bergamot, creating a fresh and inviting first impression. The heart reveals matcha tea, vetiver, adding depth and sophistication, while the base of cedarwood, musk leaves a smooth and long-lasting trail. An ideal scent for both everyday elegance and special occasions.",Office / Daily
448,LE LABO,ROSE 31,"Rose, Cumin","Cedarwood, Vetiver","Oud, Musk, Amber","Rose 31 by Le Labo is a captivating fragrance that opens with rose, cumin, creating a fresh and inviting first impression. The heart reveals cedarwood, vetiver, adding depth and sophistication, while the base of oud, musk leaves a smooth and long-lasting trail. An ideal scent for both everyday elegance and special occasions.",Office / Daily
449,LOOTHA,SILKY OUD,"Rose, Saffron","Oud, Sandalwood","Amber, Musk, Resin","Silky Oud by Lootha is a captivating fragrance that opens with rose, saffron, creating a fresh and inviting first impression. The heart reveals oud, sandalwood, adding depth and sophistication, while the base of amber, musk leaves a smooth and long-lasting trail. An ideal scent for both everyday elegance and special occasions.",Date Night / Evening
450,LOUIS VUITTON,ORAGE,"Bergamot, Grapefruit","Iris, Pepper","Vetiver, Patchouli, Cedarwood","Orage by Louis Vuitton is a captivating fragrance that opens with bergamot, grapefruit, creating a fresh and inviting first impression. The heart reveals iris, pepper, adding depth and sophistication, while the base of vetiver, patchouli leaves a smooth and long-lasting trail. An ideal scent for both everyday elegance and special occasions.",Formal / Special Occasions
451,LOUIS VUITTON,SUR LA ROUTE,"Citrus, Bergamot","Lavender, Nutmeg","Cedarwood, Amber, Musk","Sur La Route by Louis Vuitton is a captivating fragrance that opens with citrus, bergamot, creating a fresh and inviting first impression. The heart reveals lavender, nutmeg, adding depth and sophistication, while the base of cedarwood, amber leaves a smooth and long-lasting trail. An ideal scent for both everyday elegance and special occasions.",Office / Daily
452,LOUIS VUITTON,NUIT DE FEU,"Incense, Bergamot","Oud, Leather","Amber, Musk, Sandalwood","Nuit De Feu by Louis Vuitton is a captivating fragrance that opens with incense, bergamot, creating a fresh and inviting first impression. The heart reveals oud, leather, adding depth and sophistication, while the base of amber, musk leaves a smooth and long-lasting trail. An ideal scent for both everyday elegance and special occasions.",Office / Daily
453,LOUIS VUITTON,LE JOUR SE LÃˆVE,"Mandarin, Orange Blossom","Jasmine, Blackcurrant","Musk, Amber, Sandalwood","Le Jour Se LãˆVe by Louis Vuitton is a captivating fragrance that opens with mandarin, orange blossom, creating a fresh and inviting first impression. The heart reveals jasmine, blackcurrant, adding depth and sophistication, while the base of musk, amber leaves a smooth and long-lasting trail. An ideal scent for both everyday elegance and special occasions.",Office / Daily
454,LOUIS VUITTON,LE JOUR SE LÃˆVE PREMIUM,"Mandarin, Bergamot","Jasmine, Floral Notes","Musk, Amber, Cedarwood","Le Jour Se LãˆVe Premium by Louis Vuitton is a captivating fragrance that opens with mandarin, bergamot, creating a fresh and inviting first impression. The heart reveals jasmine, floral notes, adding depth and sophistication, while the base of musk, amber leaves a smooth and long-lasting trail. An ideal scent for both everyday elegance and special occasions.",Office / Daily
455,LOUIS VUITTON,ELVES,"Bergamot, Peach","Magnolia, Jasmine","Musk, Sandalwood, Amber","Elves by Louis Vuitton is a captivating fragrance that opens with bergamot, peach, creating a fresh and inviting first impression. The heart reveals magnolia, jasmine, adding depth and sophistication, while the base of musk, sandalwood leaves a smooth and long-lasting trail. An ideal scent for both everyday elegance and special occasions.",Formal / Special Occasions
456,LOUIS VUITTON,COUER BATTANT,"Pear, Bergamot","Jasmine, Narcissus","Musk, Patchouli, Amber","Couer Battant by Louis Vuitton is a captivating fragrance that opens with pear, bergamot, creating a fresh and inviting first impression. The heart reveals jasmine, narcissus, adding depth and sophistication, while the base of musk, patchouli leaves a smooth and long-lasting trail. An ideal scent for both everyday elegance and special occasions.",Office / Daily
457,LOUIS VUITTON,DANS LA PEAU,"Apricot, Bergamot","Leather, Jasmine","Musk, Amber, Sandalwood","Dans La Peau by Louis Vuitton is a captivating fragrance that opens with apricot, bergamot, creating a fresh and inviting first impression. The heart reveals leather, jasmine, adding depth and sophistication, while the base of musk, amber leaves a smooth and long-lasting trail. An ideal scent for both everyday elegance and special occasions.",Office / Daily
458,LOUIS VUITTON,TURBULENCE,"Mandarin, Bergamot","Tuberose, Jasmine","Musk, Sandalwood, Vanilla","Turbulence by Louis Vuitton is a captivating fragrance that opens with mandarin, bergamot, creating a fresh and inviting first impression. The heart reveals tuberose, jasmine, adding depth and sophistication, while the base of musk, sandalwood leaves a smooth and long-lasting trail. An ideal scent for both everyday elegance and special occasions.",Office / Daily
459,LOUIS VUITTON,LES SABLES ROSE,"Rose, Saffron","Oud, Amber","Ambergris, Musk, Sandalwood","Les Sables Rose by Louis Vuitton is a captivating fragrance that opens with rose, saffron, creating a fresh and inviting first impression. The heart reveals oud, amber, adding depth and sophistication, while the base of ambergris, musk leaves a smooth and long-lasting trail. An ideal scent for both everyday elegance and special occasions.",Office / Daily
460,LOUIS VUITTON,LIMMENSITE -,"Grapefruit, Ginger","Labdanum, Ambroxan","Amber, Musk, Cedarwood","Limmensite - by Louis Vuitton is a captivating fragrance that opens with grapefruit, ginger, creating a fresh and inviting first impression. The heart reveals labdanum, ambroxan, adding depth and sophistication, while the base of amber, musk leaves a smooth and long-lasting trail. An ideal scent for both everyday elegance and special occasions.",Formal / Special Occasions
461,LOUIS VUITTON,AU HASARD -,"Bergamot, Lemon","Cardamom, Cedarwood","Sandalwood, Musk, Amber","Au Hasard - by Louis Vuitton is a captivating fragrance that opens with bergamot, lemon, creating a fresh and inviting first impression. The heart reveals cardamom, cedarwood, adding depth and sophistication, while the base of sandalwood, musk leaves a smooth and long-lasting trail. An ideal scent for both everyday elegance and special occasions.",Date Night / Evening
462,LOUIS VUITTON,AFTERNOON SWIM,"Orange, Bergamot","Ginger, Mandarin","Amber, Musk, Cedarwood","Afternoon Swim by Louis Vuitton is a captivating fragrance that opens with orange, bergamot, creating a fresh and inviting first impression. The heart reveals ginger, mandarin, adding depth and sophistication, while the base of amber, musk leaves a smooth and long-lasting trail. An ideal scent for both everyday elegance and special occasions.",Formal / Special Occasions
463,LOUIS VUITTON,OMBRE NOMADE,"Raspberry, Saffron","Oud, Rose","Amber, Benzoin, Incense","Ombre Nomade by Louis Vuitton is a captivating fragrance that opens with raspberry, saffron, creating a fresh and inviting first impression. The heart reveals oud, rose, adding depth and sophistication, while the base of amber, benzoin leaves a smooth and long-lasting trail. An ideal scent for both everyday elegance and special occasions.",Formal / Special Occasions
464,LOUIS VUITTON,CACTUS GARDEN,"Bergamot, Lemongrass","Green Tea, Geranium","Maté, Musk, Cedarwood","Cactus Garden by Louis Vuitton is a captivating fragrance that opens with bergamot, lemongrass, creating a fresh and inviting first impression. The heart reveals green tea, geranium, adding depth and sophistication, while the base of maté, musk leaves a smooth and long-lasting trail. An ideal scent for both everyday elegance and special occasions.",Office / Daily
465,LOUIS VUITTON,ON THE BEACH,"Yuzu, Neroli","Sand Accord, Rosemary","Cypress, Musk, Amber","On The Beach by Louis Vuitton is a captivating fragrance that opens with yuzu, neroli, creating a fresh and inviting first impression. The heart reveals sand accord, rosemary, adding depth and sophistication, while the base of cypress, musk leaves a smooth and long-lasting trail. An ideal scent for both everyday elegance and special occasions.",Formal / Special Occasions
466,LOUIS VUITTON,ROSE DE VENTS,"Peach, Rose","Iris, Cedarwood","Musk, Amber, Sandalwood","Rose De Vents by Louis Vuitton is a captivating fragrance that opens with peach, rose, creating a fresh and inviting first impression. The heart reveals iris, cedarwood, adding depth and sophistication, while the base of musk, amber leaves a smooth and long-lasting trail. An ideal scent for both everyday elegance and special occasions.",Office / Daily
467,LOUIS VUITTON,CITY OF STARS,"Lime, Blood Orange","Tiare Flower, Neroli","Musk, Sandalwood, Amber","City Of Stars by Louis Vuitton is a captivating fragrance that opens with lime, blood orange, creating a fresh and inviting first impression. The heart reveals tiare flower, neroli, adding depth and sophistication, while the base of musk, sandalwood leaves a smooth and long-lasting trail. An ideal scent for both everyday elegance and special occasions.",Office / Daily
468,LOUIS VUITTON,IMAGINATION,"Citron, Bergamot","Tea, Neroli","Ambroxan, Musk, Cedarwood","Imagination by Louis Vuitton is a captivating fragrance that opens with citron, bergamot, creating a fresh and inviting first impression. The heart reveals tea, neroli, adding depth and sophistication, while the base of ambroxan, musk leaves a smooth and long-lasting trail. An ideal scent for both everyday elegance and special occasions.",Office / Daily
469,LOUIS VUITTON,LES SABLES ROSES,"Rose, Saffron","Oud, Amber","Ambergris, Musk, Sandalwood","Les Sables Roses by Louis Vuitton is a captivating fragrance that opens with rose, saffron, creating a fresh and inviting first impression. The heart reveals oud, amber, adding depth and sophistication, while the base of ambergris, musk leaves a smooth and long-lasting trail. An ideal scent for both everyday elegance and special occasions.",Office / Daily
470,MAISON,AMBRE CHROMATIQUE,"Bergamot, Spices","Amber, Resin, Labdanum","Vanilla, Musk, Sandalwood","Ambre Chromatique by Maison is a captivating fragrance that opens with bergamot, spices, creating a fresh and inviting first impression. The heart reveals amber, resin, adding depth and sophistication, while the base of vanilla, musk leaves a smooth and long-lasting trail. An ideal scent for both everyday elegance and special occasions.",Office / Daily
471,MAISON,BOIS D'ATCHAI,"Lemon, Bergamot","Tea, Cedarwood","Musk, Amber, Sandalwood","Bois D'Atchai by Maison is a captivating fragrance that opens with lemon, bergamot, creating a fresh and inviting first impression. The heart reveals tea, cedarwood, adding depth and sophistication, while the base of musk, amber leaves a smooth and long-lasting trail. An ideal scent for both everyday elegance and special occasions.",Date Night / Evening
472,MAISON CRIVELLI,OUD CADENZA,"Saffron, Bergamot","Oud, Rose","Amber, Musk, Sandalwood","Oud Cadenza by Maison Crivelli is a captivating fragrance that opens with saffron, bergamot, creating a fresh and inviting first impression. The heart reveals oud, rose, adding depth and sophistication, while the base of amber, musk leaves a smooth and long-lasting trail. An ideal scent for both everyday elegance and special occasions.",Date Night / Evening
473,MAISON CRIVELLI,OUD STALLION,"Cardamom, Pepper","Oud, Leather","Amber, Musk, Sandalwood","Oud Stallion by Maison Crivelli is a captivating fragrance that opens with cardamom, pepper, creating a fresh and inviting first impression. The heart reveals oud, leather, adding depth and sophistication, while the base of amber, musk leaves a smooth and long-lasting trail. An ideal scent for both everyday elegance and special occasions.",Date Night / Evening
474,MAISON CRIVELLI,TUBEREUSE ASTRALE,"Bergamot, Cinnamon","Tuberose, Jasmine","Amber, Musk, Vanilla","Tubereuse Astrale by Maison Crivelli is a captivating fragrance that opens with bergamot, cinnamon, creating a fresh and inviting first impression. The heart reveals tuberose, jasmine, adding depth and sophistication, while the base of amber, musk leaves a smooth and long-lasting trail. An ideal scent for both everyday elegance and special occasions.",Office / Daily
475,MAISON CRIVELLI,CUIR INFRAROUGE,"Raspberry, Pink Pepper","Leather, Rose","Amber, Musk, Sandalwood","Cuir Infrarouge by Maison Crivelli is a captivating fragrance that opens with raspberry, pink pepper, creating a fresh and inviting first impression. The heart reveals leather, rose, adding depth and sophistication, while the base of amber, musk leaves a smooth and long-lasting trail. An ideal scent for both everyday elegance and special occasions.",Formal / Special Occasions
476,MAISON CRIVELLI,SAFRAN SECRET,"Saffron, Bergamot","Rose, Jasmine","Amber, Musk, Sandalwood","Safran Secret by Maison Crivelli is a captivating fragrance that opens with saffron, bergamot, creating a fresh and inviting first impression. The heart reveals rose, jasmine, adding depth and sophistication, while the base of amber, musk leaves a smooth and long-lasting trail. An ideal scent for both everyday elegance and special occasions.",Formal / Special Occasions
477,MAISON CRIVELLI,CUIR INFRA ROUGE,"Raspberry, Pepper","Leather, Floral Notes","Amber, Musk, Sandalwood","Cuir Infra Rouge by Maison Crivelli is a captivating fragrance that opens with raspberry, pepper, creating a fresh and inviting first impression. The heart reveals leather, floral notes, adding depth and sophistication, while the base of amber, musk leaves a smooth and long-lasting trail. An ideal scent for both everyday elegance and special occasions.",Office / Daily
478,MAISON FRANCIS KURKDJIAN,AQUA MEDUA COLOGNE FORTE,"Verbena, Bergamot","Fennel, Hedione","Musk, Wood, Amber","Aqua Medua Cologne Forte by Maison Francis Kurkdjian is a captivating fragrance that opens with verbena, bergamot, creating a fresh and inviting first impression. The heart reveals fennel, hedione, adding depth and sophistication, while the base of musk, wood leaves a smooth and long-lasting trail. An ideal scent for both everyday elegance and special occasions.",Gym / Casual
479,MAISON FRANCIS KURKDJIAN,Ã€ LA ROSE,"Bergamot, Orange","Rose, Violet","Cedarwood, Musk, Amber","Ã€ La Rose by Maison Francis Kurkdjian is a captivating fragrance that opens with bergamot, orange, creating a fresh and inviting first impression. The heart reveals rose, violet, adding depth and sophistication, while the base of cedarwood, musk leaves a smooth and long-lasting trail. An ideal scent for both everyday elegance and special occasions.",Office / Daily
480,MAISON FRANCIS KURKDJIAN,BACCARAT ROGUE 540,"Saffron, Jasmine","Amberwood, Ambergris","Fir Resin, Cedarwood, Musk","Baccarat Rogue 540 by Maison Francis Kurkdjian is a captivating fragrance that opens with saffron, jasmine, creating a fresh and inviting first impression. The heart reveals amberwood, ambergris, adding depth and sophistication, while the base of fir resin, cedarwood leaves a smooth and long-lasting trail. An ideal scent for both everyday elegance and special occasions.",Office / Daily
481,MAISON FRANCIS KURKDJIAN,OUDH SILK MOOD,"Bergamot, Rose","Oud, Papyrus","Amber, Musk, Sandalwood","Oudh Silk Mood by Maison Francis Kurkdjian is a captivating fragrance that opens with bergamot, rose, creating a fresh and inviting first impression. The heart reveals oud, papyrus, adding depth and sophistication, while the base of amber, musk leaves a smooth and long-lasting trail. An ideal scent for both everyday elegance and special occasions.",Date Night / Evening
482,MAISON FRANCIS KURKDJIAN,OUDH SATIN MOOD,"Violet, Rose","Oud, Benzoin","Vanilla, Amber, Sandalwood","Oudh Satin Mood by Maison Francis Kurkdjian is a captivating fragrance that opens with violet, rose, creating a fresh and inviting first impression. The heart reveals oud, benzoin, adding depth and sophistication, while the base of vanilla, amber leaves a smooth and long-lasting trail. An ideal scent for both everyday elegance and special occasions.",Date Night / Evening
483,MAISON FRANCIS KURKDJIAN,GRAND SOIR,"Labdanum, Orange","Amber, Benzoin","Vanilla, Tonka Bean, Musk","Grand Soir by Maison Francis Kurkdjian is a captivating fragrance that opens with labdanum, orange, creating a fresh and inviting first impression. The heart reveals amber, benzoin, adding depth and sophistication, while the base of vanilla, tonka bean leaves a smooth and long-lasting trail. An ideal scent for both everyday elegance and special occasions.",Office / Daily
484,MAISON FRANCIS KURKDJIAN,AQUA CELESTIA,"Lime, Mint","Blackcurrant, Mimosa","Musk, Amber, Cedarwood","Aqua Celestia by Maison Francis Kurkdjian is a captivating fragrance that opens with lime, mint, creating a fresh and inviting first impression. The heart reveals blackcurrant, mimosa, adding depth and sophistication, while the base of musk, amber leaves a smooth and long-lasting trail. An ideal scent for both everyday elegance and special occasions.",Gym / Casual
485,MAISON FRANCIS KURKDJIAN,GENTLE FLUIDITY GOLD,"Bergamot, Juniper","Nutmeg, Coriander","Vanilla, Musk, Amber","Gentle Fluidity Gold by Maison Francis Kurkdjian is a captivating fragrance that opens with bergamot, juniper, creating a fresh and inviting first impression. The heart reveals nutmeg, coriander, adding depth and sophistication, while the base of vanilla, musk leaves a smooth and long-lasting trail. An ideal scent for both everyday elegance and special occasions.",Date Night / Evening
486,MAISON FRANCIS KURKDJIAN,BR540 EXTRAIT,"Saffron, Almond","Jasmine, Ambergris","Musk, Woody Notes, Resin","Br540 Extrait by Maison Francis Kurkdjian is a captivating fragrance that opens with saffron, almond, creating a fresh and inviting first impression. The heart reveals jasmine, ambergris, adding depth and sophistication, while the base of musk, woody notes leaves a smooth and long-lasting trail. An ideal scent for both everyday elegance and special occasions.",Date Night / Evening
487,MAISON FRANCIS KURKDJIAN,724 MAISON FRANCIS KURKDJIAN,"Bergamot, Aldehydes","Jasmine, Sweet Pea","Musk, Sandalwood, Amber","724 Maison Francis Kurkdjian by Maison Francis Kurkdjian is a captivating fragrance that opens with bergamot, aldehydes, creating a fresh and inviting first impression. The heart reveals jasmine, sweet pea, adding depth and sophistication, while the base of musk, sandalwood leaves a smooth and long-lasting trail. An ideal scent for both everyday elegance and special occasions.",Office / Daily
488,MAISON MARGIELA,REPLICA BY WHISPERS,"Pepper, Orange Blossom","Vanilla, Benzoin","Cedarwood, Musk, Amber","Replica By Whispers by Maison Margiela is a captivating fragrance that opens with pepper, orange blossom, creating a fresh and inviting first impression. The heart reveals vanilla, benzoin, adding depth and sophistication, while the base of cedarwood, musk leaves a smooth and long-lasting trail. An ideal scent for both everyday elegance and special occasions.",Office / Daily
489,MAISON MARGIELA,FIREPLACE,"Clove, Pink Pepper","Chestnut, Guaiac Wood","Vanilla, Cashmeran, Amber","Fireplace by Maison Margiela is a captivating fragrance that opens with clove, pink pepper, creating a fresh and inviting first impression. The heart reveals chestnut, guaiac wood, adding depth and sophistication, while the base of vanilla, cashmeran leaves a smooth and long-lasting trail. An ideal scent for both everyday elegance and special occasions.",Office / Daily
490,MAISON MARGIELA,LIPSTICK ON,"Iris, Violet","Rose, Raspberry","Vanilla, Tonka Bean, Musk","Lipstick On by Maison Margiela is a captivating fragrance that opens with iris, violet, creating a fresh and inviting first impression. The heart reveals rose, raspberry, adding depth and sophistication, while the base of vanilla, tonka bean leaves a smooth and long-lasting trail. An ideal scent for both everyday elegance and special occasions.",Formal / Special Occasions
491,MAISON MARGIELA,JAZZ CLUB,"Apple, Bergamot","Lavender, Geranium","Cedarwood, Musk, Amber","Jazz Club by Maison Margiela is a captivating fragrance that opens with apple, bergamot, creating a fresh and inviting first impression. The heart reveals lavender, geranium, adding depth and sophistication, while the base of cedarwood, musk leaves a smooth and long-lasting trail. An ideal scent for both everyday elegance and special occasions.",Office / Daily
492,MAISON MARGIELA,BUBBLE BATH,"Mandarin, Pear","Rose, Orange Blossom","Vanilla, Musk, Sandalwood","Bubble Bath by Maison Margiela is a captivating fragrance that opens with mandarin, pear, creating a fresh and inviting first impression. The heart reveals rose, orange blossom, adding depth and sophistication, while the base of vanilla, musk leaves a smooth and long-lasting trail. An ideal scent for both everyday elegance and special occasions.",Date Night / Evening
493,MAISON MARGIELA,AUTUMN VIBES,"Lemon, Pink Pepper","Jasmine, Cardamom","Patchouli, Vetiver, Amber","Autumn Vibes by Maison Margiela is a captivating fragrance that opens with lemon, pink pepper, creating a fresh and inviting first impression. The heart reveals jasmine, cardamom, adding depth and sophistication, while the base of patchouli, vetiver leaves a smooth and long-lasting trail. An ideal scent for both everyday elegance and special occasions.",Formal / Special Occasions
494,MANCERA,AMORE CAFFÃˆ,"Mandarin, Pear","Rose, Orange Blossom","Vanilla, Musk, Sandalwood","Amore Caffãˆ by Mancera is a captivating fragrance that opens with mandarin, pear, creating a fresh and inviting first impression. The heart reveals rose, orange blossom, adding depth and sophistication, while the base of vanilla, musk leaves a smooth and long-lasting trail. An ideal scent for both everyday elegance and special occasions.",Date Night / Evening
495,MANCERA,XPLICIT VANILLA,"Citrus, Pear","Jasmine, Tonka Bean","Vanilla, Amber, Sandalwood","Xplicit Vanilla by Mancera is a captivating fragrance that opens with citrus, pear, creating a fresh and inviting first impression. The heart reveals jasmine, tonka bean, adding depth and sophistication, while the base of vanilla, amber leaves a smooth and long-lasting trail. An ideal scent for both everyday elegance and special occasions.",Date Night / Evening
496,MANCERA,CEDRAT BOISE -,"Apple, Bergamot","Lavender, Geranium","Cedarwood, Musk, Amber","Cedrat Boise - by Mancera is a captivating fragrance that opens with apple, bergamot, creating a fresh and inviting first impression. The heart reveals lavender, geranium, adding depth and sophistication, while the base of cedarwood, musk leaves a smooth and long-lasting trail. An ideal scent for both everyday elegance and special occasions.",Office / Daily
497,MANCERA,AOUD VANILLE,"Saffron, Bergamot","Rose, Jasmine","Oud, Amber, Musk","Aoud Vanille by Mancera is a captivating fragrance that opens with saffron, bergamot, creating a fresh and inviting first impression. The heart reveals rose, jasmine, adding depth and sophistication, while the base of oud, amber leaves a smooth and long-lasting trail. An ideal scent for both everyday elegance and special occasions.",Date Night / Evening
498,MANCERA,AOUD LEMON AND MINT,"Saffron, Bergamot","Rose, Jasmine","Oud, Amber, Musk","Aoud Lemon And Mint by Mancera is a captivating fragrance that opens with saffron, bergamot, creating a fresh and inviting first impression. The heart reveals rose, jasmine, adding depth and sophistication, while the base of oud, amber leaves a smooth and long-lasting trail. An ideal scent for both everyday elegance and special occasions.",Date Night / Evening
499,MANCERA,RED TOBACCO,"Lemon, Pink Pepper","Jasmine, Cardamom","Patchouli, Vetiver, Amber","Red Tobacco by Mancera is a captivating fragrance that opens with lemon, pink pepper, creating a fresh and inviting first impression. The heart reveals jasmine, cardamom, adding depth and sophistication, while the base of patchouli, vetiver leaves a smooth and long-lasting trail. An ideal scent for both everyday elegance and special occasions.",Formal / Special Occasions
500,MANCERA,ROSES VANILLA,"Lychee, Bergamot","Rose, Peony","Musk, Patchouli, Vanilla","Roses Vanilla by Mancera is a captivating fragrance that opens with lychee, bergamot, creating a fresh and inviting first impression. The heart reveals rose, peony, adding depth and sophistication, while the base of musk, patchouli leaves a smooth and long-lasting trail. An ideal scent for both everyday elegance and special occasions.",Office / Daily
501,MANCERA,GOLD INTENSIVE AOUD,"Saffron, Bergamot","Rose, Jasmine","Oud, Amber, Musk","Gold Intensive Aoud by Mancera is a captivating fragrance that opens with saffron, bergamot, creating a fresh and inviting first impression. The heart reveals rose, jasmine, adding depth and sophistication, while the base of oud, amber leaves a smooth and long-lasting trail. An ideal scent for both everyday elegance and special occasions.",Date Night / Evening
502,MANCERA,CRAZY FOR OUDH,"Saffron, Bergamot","Rose, Jasmine","Oud, Amber, Musk","Crazy For Oudh by Mancera is a captivating fragrance that opens with saffron, bergamot, creating a fresh and inviting first impression. The heart reveals rose, jasmine, adding depth and sophistication, while the base of oud, amber leaves a smooth and long-lasting trail. An ideal scent for both everyday elegance and special occasions.",Date Night / Evening
503,MANCERA,HINDU KUSH,"Grapefruit, Mint","Lavender, Sage","Tonka Bean, Cedar, Musk","Hindu Kush by Mancera is a captivating fragrance that opens with grapefruit, mint, creating a fresh and inviting first impression. The heart reveals lavender, sage, adding depth and sophistication, while the base of tonka bean, cedar leaves a smooth and long-lasting trail. An ideal scent for both everyday elegance and special occasions.",Office / Daily
504,MANCERA,BLACK VANILLA,"Citrus, Pear","Jasmine, Tonka Bean","Vanilla, Amber, Sandalwood","Black Vanilla by Mancera is a captivating fragrance that opens with citrus, pear, creating a fresh and inviting first impression. The heart reveals jasmine, tonka bean, adding depth and sophistication, while the base of vanilla, amber leaves a smooth and long-lasting trail. An ideal scent for both everyday elegance and special occasions.",Date Night / Evening
505,MARC JACOBS,DAISY,"Lemon, Pink Pepper","Jasmine, Cardamom","Patchouli, Vetiver, Amber","Daisy by Marc Jacobs is a captivating fragrance that opens with lemon, pink pepper, creating a fresh and inviting first impression. The heart reveals jasmine, cardamom, adding depth and sophistication, while the base of patchouli, vetiver leaves a smooth and long-lasting trail. An ideal scent for both everyday elegance and special occasions.",Formal / Special Occasions
506,MATIERE PREMIERE,CRYSTAL SAFFRON,"Lemon, Pink Pepper","Jasmine, Cardamom","Patchouli, Vetiver, Amber","Crystal Saffron by Matiere Premiere is a captivating fragrance that opens with lemon, pink pepper, creating a fresh and inviting first impression. The heart reveals jasmine, cardamom, adding depth and sophistication, while the base of patchouli, vetiver leaves a smooth and long-lasting trail. An ideal scent for both everyday elegance and special occasions.",Formal / Special Occasions
507,MATIERE PREMIERE,FALCON LEATHER,"Mandarin, Pear","Rose, Orange Blossom","Vanilla, Musk, Sandalwood","Falcon Leather by Matiere Premiere is a captivating fragrance that opens with mandarin, pear, creating a fresh and inviting first impression. The heart reveals rose, orange blossom, adding depth and sophistication, while the base of vanilla, musk leaves a smooth and long-lasting trail. An ideal scent for both everyday elegance and special occasions.",Date Night / Evening
508,MEMO PARIS,IRISH LEATHER,"Apple, Bergamot","Lavender, Geranium","Cedarwood, Musk, Amber","Irish Leather by Memo Paris is a captivating fragrance that opens with apple, bergamot, creating a fresh and inviting first impression. The heart reveals lavender, geranium, adding depth and sophistication, while the base of cedarwood, musk leaves a smooth and long-lasting trail. An ideal scent for both everyday elegance and special occasions.",Office / Daily
509,MEMO PARIS,AFRICAN LEATHER,"Apple, Bergamot","Lavender, Geranium","Cedarwood, Musk, Amber","African Leather by Memo Paris is a captivating fragrance that opens with apple, bergamot, creating a fresh and inviting first impression. The heart reveals lavender, geranium, adding depth and sophistication, while the base of cedarwood, musk leaves a smooth and long-lasting trail. An ideal scent for both everyday elegance and special occasions.",Office / Daily
510,MEMO PARIS,ITALIAN LEATHER,"Apple, Bergamot","Lavender, Geranium","Cedarwood, Musk, Amber","Italian Leather by Memo Paris is a captivating fragrance that opens with apple, bergamot, creating a fresh and inviting first impression. The heart reveals lavender, geranium, adding depth and sophistication, while the base of cedarwood, musk leaves a smooth and long-lasting trail. An ideal scent for both everyday elegance and special occasions.",Office / Daily
511,MEMO PARIS,ARGENTINA -,"Apple, Bergamot","Lavender, Geranium","Cedarwood, Musk, Amber","Argentina - by Memo Paris is a captivating fragrance that opens with apple, bergamot, creating a fresh and inviting first impression. The heart reveals lavender, geranium, adding depth and sophistication, while the base of cedarwood, musk leaves a smooth and long-lasting trail. An ideal scent for both everyday elegance and special occasions.",Office / Daily
512,MEMO PARIS,AFRICAN ROSE,"Lychee, Bergamot","Rose, Peony","Musk, Patchouli, Vanilla","African Rose by Memo Paris is a captivating fragrance that opens with lychee, bergamot, creating a fresh and inviting first impression. The heart reveals rose, peony, adding depth and sophistication, while the base of musk, patchouli leaves a smooth and long-lasting trail. An ideal scent for both everyday elegance and special occasions.",Office / Daily
513,MEMO PARIS,OCEAN LEATHER,"Mandarin, Pear","Rose, Orange Blossom","Vanilla, Musk, Sandalwood","Ocean Leather by Memo Paris is a captivating fragrance that opens with mandarin, pear, creating a fresh and inviting first impression. The heart reveals rose, orange blossom, adding depth and sophistication, while the base of vanilla, musk leaves a smooth and long-lasting trail. An ideal scent for both everyday elegance and special occasions.",Date Night / Evening
514,MEMO PARIS,RUSSIAN LEATHER,"Mandarin, Pear","Rose, Orange Blossom","Vanilla, Musk, Sandalwood","Russian Leather by Memo Paris is a captivating fragrance that opens with mandarin, pear, creating a fresh and inviting first impression. The heart reveals rose, orange blossom, adding depth and sophistication, while the base of vanilla, musk leaves a smooth and long-lasting trail. An ideal scent for both everyday elegance and special occasions.",Date Night / Evening
515,MEMO PARIS,AFRICAN LEATHER SPL,"Mandarin, Pear","Rose, Orange Blossom","Vanilla, Musk, Sandalwood","African Leather Spl by Memo Paris is a captivating fragrance that opens with mandarin, pear, creating a fresh and inviting first impression. The heart reveals rose, orange blossom, adding depth and sophistication, while the base of vanilla, musk leaves a smooth and long-lasting trail. An ideal scent for both everyday elegance and special occasions.",Date Night / Evening
516,MEMO PARIS,ARGENTINA LEATHER,"Lemon, Pink Pepper","Jasmine, Cardamom","Patchouli, Vetiver, Amber","Argentina Leather by Memo Paris is a captivating fragrance that opens with lemon, pink pepper, creating a fresh and inviting first impression. The heart reveals jasmine, cardamom, adding depth and sophistication, while the base of patchouli, vetiver leaves a smooth and long-lasting trail. An ideal scent for both everyday elegance and special occasions.",Formal / Special Occasions
517,MEMO PARIS,INDIAN LEATHER,"Apple, Bergamot","Lavender, Geranium","Cedarwood, Musk, Amber","Indian Leather by Memo Paris is a captivating fragrance that opens with apple, bergamot, creating a fresh and inviting first impression. The heart reveals lavender, geranium, adding depth and sophistication, while the base of cedarwood, musk leaves a smooth and long-lasting trail. An ideal scent for both everyday elegance and special occasions.",Office / Daily
518,MEMOIRS OF A PERFUME,TALES FROM ZANZIBAR,"Grapefruit, Mint","Lavender, Sage","Tonka Bean, Cedar, Musk","Tales From Zanzibar by Memoirs Of A Perfume is a captivating fragrance that opens with grapefruit, mint, creating a fresh and inviting first impression. The heart reveals lavender, sage, adding depth and sophistication, while the base of tonka bean, cedar leaves a smooth and long-lasting trail. An ideal scent for both everyday elegance and special occasions.",Office / Daily
519,MFK,AMYRIS HOMME,"Apple, Bergamot","Lavender, Geranium","Cedarwood, Musk, Amber","Amyris Homme by Mfk is a captivating fragrance that opens with apple, bergamot, creating a fresh and inviting first impression. The heart reveals lavender, geranium, adding depth and sophistication, while the base of cedarwood, musk leaves a smooth and long-lasting trail. An ideal scent for both everyday elegance and special occasions.",Office / Daily
520,MONT BLANC,EMBLEM,"Mandarin, Pear","Rose, Orange Blossom","Vanilla, Musk, Sandalwood","Emblem by Mont Blanc is a captivating fragrance that opens with mandarin, pear, creating a fresh and inviting first impression. The heart reveals rose, orange blossom, adding depth and sophistication, while the base of vanilla, musk leaves a smooth and long-lasting trail. An ideal scent for both everyday elegance and special occasions.",Date Night / Evening
521,MONT BLANC,INDIVIDUAL,"Mandarin, Pear","Rose, Orange Blossom","Vanilla, Musk, Sandalwood","Individual by Mont Blanc is a captivating fragrance that opens with mandarin, pear, creating a fresh and inviting first impression. The heart reveals rose, orange blossom, adding depth and sophistication, while the base of vanilla, musk leaves a smooth and long-lasting trail. An ideal scent for both everyday elegance and special occasions.",Date Night / Evening
522,MONT BLANC,LEGEND,"Apple, Bergamot","Lavender, Geranium","Cedarwood, Musk, Amber","Legend by Mont Blanc is a captivating fragrance that opens with apple, bergamot, creating a fresh and inviting first impression. The heart reveals lavender, geranium, adding depth and sophistication, while the base of cedarwood, musk leaves a smooth and long-lasting trail. An ideal scent for both everyday elegance and special occasions.",Office / Daily
523,MONT BLANC,STARWALKER,"Apple, Bergamot","Lavender, Geranium","Cedarwood, Musk, Amber","Starwalker by Mont Blanc is a captivating fragrance that opens with apple, bergamot, creating a fresh and inviting first impression. The heart reveals lavender, geranium, adding depth and sophistication, while the base of cedarwood, musk leaves a smooth and long-lasting trail. An ideal scent for both everyday elegance and special occasions.",Office / Daily
524,MONTALE,CAFÃ‰ NOIR,"Lemon, Pink Pepper","Jasmine, Cardamom","Patchouli, Vetiver, Amber","Cafã‰ Noir by Montale is a captivating fragrance that opens with lemon, pink pepper, creating a fresh and inviting first impression. The heart reveals jasmine, cardamom, adding depth and sophistication, while the base of patchouli, vetiver leaves a smooth and long-lasting trail. An ideal scent for both everyday elegance and special occasions.",Date Night / Evening
525,MONTALE,BLUE MATCHA -,"Lemon, Mint","Lavender, Geranium","Amberwood, Musk, Cedar","Blue Matcha - by Montale is a captivating fragrance that opens with lemon, mint, creating a fresh and inviting first impression. The heart reveals lavender, geranium, adding depth and sophistication, while the base of amberwood, musk leaves a smooth and long-lasting trail. An ideal scent for both everyday elegance and special occasions.",Gym / Casual
526,MONTALE,INTENSE CAFÃ‰ -,"Grapefruit, Pepper","Lavender, Cardamom","Amber, Vetiver, Woods","Intense Cafã‰ - by Montale is a captivating fragrance that opens with grapefruit, pepper, creating a fresh and inviting first impression. The heart reveals lavender, cardamom, adding depth and sophistication, while the base of amber, vetiver leaves a smooth and long-lasting trail. An ideal scent for both everyday elegance and special occasions.",Date Night / Evening
527,MONTALE,BLACK AOUD -,"Saffron, Bergamot","Rose, Jasmine","Oud, Amber, Musk","Black Aoud - by Montale is a captivating fragrance that opens with saffron, bergamot, creating a fresh and inviting first impression. The heart reveals rose, jasmine, adding depth and sophistication, while the base of oud, amber leaves a smooth and long-lasting trail. An ideal scent for both everyday elegance and special occasions.",Date Night / Evening
528,MONTALE,CHOCOLATE GREEDY,"Grapefruit, Mint","Lavender, Sage","Tonka Bean, Cedar, Musk","Chocolate Greedy by Montale is a captivating fragrance that opens with grapefruit, mint, creating a fresh and inviting first impression. The heart reveals lavender, sage, adding depth and sophistication, while the base of tonka bean, cedar leaves a smooth and long-lasting trail. An ideal scent for both everyday elegance and special occasions.",Office / Daily
529,MONTALE,ARABIAN TONKA,"Apple, Bergamot","Lavender, Geranium","Cedarwood, Musk, Amber","Arabian Tonka by Montale is a captivating fragrance that opens with apple, bergamot, creating a fresh and inviting first impression. The heart reveals lavender, geranium, adding depth and sophistication, while the base of cedarwood, musk leaves a smooth and long-lasting trail. An ideal scent for both everyday elegance and special occasions.",Office / Daily
530,MONTALE,OUD TOBACCO,"Saffron, Bergamot","Rose, Jasmine","Oud, Amber, Musk","Oud Tobacco by Montale is a captivating fragrance that opens with saffron, bergamot, creating a fresh and inviting first impression. The heart reveals rose, jasmine, adding depth and sophistication, while the base of oud, amber leaves a smooth and long-lasting trail. An ideal scent for both everyday elegance and special occasions.",Date Night / Evening
531,MONTALE,AOUD LIME,"Saffron, Bergamot","Rose, Jasmine","Oud, Amber, Musk","Aoud Lime by Montale is a captivating fragrance that opens with saffron, bergamot, creating a fresh and inviting first impression. The heart reveals rose, jasmine, adding depth and sophistication, while the base of oud, amber leaves a smooth and long-lasting trail. An ideal scent for both everyday elegance and special occasions.",Date Night / Evening
532,MONTALE,AOUD MUSK,"Saffron, Bergamot","Rose, Jasmine","Oud, Amber, Musk","Aoud Musk by Montale is a captivating fragrance that opens with saffron, bergamot, creating a fresh and inviting first impression. The heart reveals rose, jasmine, adding depth and sophistication, while the base of oud, amber leaves a smooth and long-lasting trail. An ideal scent for both everyday elegance and special occasions.",Date Night / Evening
533,MONTALE,AOUD ORANGE,"Saffron, Bergamot","Rose, Jasmine","Oud, Amber, Musk","Aoud Orange by Montale is a captivating fragrance that opens with saffron, bergamot, creating a fresh and inviting first impression. The heart reveals rose, jasmine, adding depth and sophistication, while the base of oud, amber leaves a smooth and long-lasting trail. An ideal scent for both everyday elegance and special occasions.",Date Night / Evening
534,MONTALE,AOUD SENSE,"Saffron, Bergamot","Rose, Jasmine","Oud, Amber, Musk","Aoud Sense by Montale is a captivating fragrance that opens with saffron, bergamot, creating a fresh and inviting first impression. The heart reveals rose, jasmine, adding depth and sophistication, while the base of oud, amber leaves a smooth and long-lasting trail. An ideal scent for both everyday elegance and special occasions.",Date Night / Evening
535,MONTALE,DARK PURPLE,"Grapefruit, Mint","Lavender, Sage","Tonka Bean, Cedar, Musk","Dark Purple by Montale is a captivating fragrance that opens with grapefruit, mint, creating a fresh and inviting first impression. The heart reveals lavender, sage, adding depth and sophistication, while the base of tonka bean, cedar leaves a smooth and long-lasting trail. An ideal scent for both everyday elegance and special occasions.",Date Night / Evening
536,MONTALE,DARK VANILLA,"Citrus, Pear","Jasmine, Tonka Bean","Vanilla, Amber, Sandalwood","Dark Vanilla by Montale is a captivating fragrance that opens with citrus, pear, creating a fresh and inviting first impression. The heart reveals jasmine, tonka bean, adding depth and sophistication, while the base of vanilla, amber leaves a smooth and long-lasting trail. An ideal scent for both everyday elegance and special occasions.",Date Night / Evening
537,MONTALE,DEEP ROSES,"Lychee, Bergamot","Rose, Peony","Musk, Patchouli, Vanilla","Deep Roses by Montale is a captivating fragrance that opens with lychee, bergamot, creating a fresh and inviting first impression. The heart reveals rose, peony, adding depth and sophistication, while the base of musk, patchouli leaves a smooth and long-lasting trail. An ideal scent for both everyday elegance and special occasions.",Office / Daily
538,MONTALE,FRUITS OF THE MUSK,"Bergamot, Aldehydes","White Floral, Powdery Notes","Musk, Sandalwood, Amber","Fruits Of The Musk by Montale is a captivating fragrance that opens with bergamot, aldehydes, creating a fresh and inviting first impression. The heart reveals white floral, powdery notes, adding depth and sophistication, while the base of musk, sandalwood leaves a smooth and long-lasting trail. An ideal scent for both everyday elegance and special occasions.",Office / Daily
539,MONTALE,OUDMAZING,"Saffron, Bergamot","Rose, Jasmine","Oud, Amber, Musk","Oudmazing by Montale is a captivating fragrance that opens with saffron, bergamot, creating a fresh and inviting first impression. The heart reveals rose, jasmine, adding depth and sophistication, while the base of oud, amber leaves a smooth and long-lasting trail. An ideal scent for both everyday elegance and special occasions.",Date Night / Evening
540,MONTALE,OUDRISING,"Saffron, Bergamot","Rose, Jasmine","Oud, Amber, Musk","Oudrising by Montale is a captivating fragrance that opens with saffron, bergamot, creating a fresh and inviting first impression. The heart reveals rose, jasmine, adding depth and sophistication, while the base of oud, amber leaves a smooth and long-lasting trail. An ideal scent for both everyday elegance and special occasions.",Date Night / Evening
541,MONTALE,WHITE MUSK,"Bergamot, Aldehydes","White Floral, Powdery Notes","Musk, Sandalwood, Amber","White Musk by Montale is a captivating fragrance that opens with bergamot, aldehydes, creating a fresh and inviting first impression. The heart reveals white floral, powdery notes, adding depth and sophistication, while the base of musk, sandalwood leaves a smooth and long-lasting trail. An ideal scent for both everyday elegance and special occasions.",Office / Daily
542,MOSCHINO,TOYBOY,"Pink Pepper, Pear","Rose, Clove","Vetiver, Cashmeran, Musk","Toyboy by Moschino is a captivating fragrance that opens with pink pepper, pear, creating a fresh and inviting first impression. The heart reveals rose, clove, adding depth and sophistication, while the base of vetiver, cashmeran leaves a smooth and long-lasting trail. An ideal scent for both everyday elegance and special occasions.",Date Night / Evening
543,MUGLR,PURE HAVANE,"Honey, Tobacco","Vanilla, Cocoa","Amber, Tonka Bean, Patchouli","Pure Havane by Muglr is a captivating fragrance that opens with honey, tobacco, creating a fresh and inviting first impression. The heart reveals vanilla, cocoa, adding depth and sophistication, while the base of amber, tonka bean leaves a smooth and long-lasting trail. An ideal scent for both everyday elegance and special occasions.",Office / Daily
544,MUGLR,ALIEN MAN,"Mint, Dill","Leather, Cashmeran","Osmathus, Amber, Wood","Alien Man by Muglr is a captivating fragrance that opens with mint, dill, creating a fresh and inviting first impression. The heart reveals leather, cashmeran, adding depth and sophistication, while the base of osmathus, amber leaves a smooth and long-lasting trail. An ideal scent for both everyday elegance and special occasions.",Office / Daily
545,MUGLR,ALEIN GODDES,"Coconut, Bergamot","Jasmine, Heliotrope","Vanilla, Cashmeran, Amber","Alein Goddes by Muglr is a captivating fragrance that opens with coconut, bergamot, creating a fresh and inviting first impression. The heart reveals jasmine, heliotrope, adding depth and sophistication, while the base of vanilla, cashmeran leaves a smooth and long-lasting trail. An ideal scent for both everyday elegance and special occasions.",Office / Daily
546,MUGLR,ANGEL,"Bergamot, Melon","Honey, Red Berries","Patchouli, Chocolate, Vanilla","Angel by Muglr is a captivating fragrance that opens with bergamot, melon, creating a fresh and inviting first impression. The heart reveals honey, red berries, adding depth and sophistication, while the base of patchouli, chocolate leaves a smooth and long-lasting trail. An ideal scent for both everyday elegance and special occasions.",Formal / Special Occasions
547,NARCISO RODRIGUEZ,ALL OF ME,"Magnolia, Rose","Musk, Geranium","Sandalwood, Amber, Vanilla","All Of Me by Narciso Rodriguez is a captivating fragrance that opens with magnolia, rose, creating a fresh and inviting first impression. The heart reveals musk, geranium, adding depth and sophistication, while the base of sandalwood, amber leaves a smooth and long-lasting trail. An ideal scent for both everyday elegance and special occasions.",Office / Daily
548,NARCISO RODRIGUEZ,PURE MUSC FOR HER,"Musk, Orange Blossom","Jasmine, Rose","Cashmeran, Amber, Patchouli","Pure Musc For Her by Narciso Rodriguez is a captivating fragrance that opens with musk, orange blossom, creating a fresh and inviting first impression. The heart reveals jasmine, rose, adding depth and sophistication, while the base of cashmeran, amber leaves a smooth and long-lasting trail. An ideal scent for both everyday elegance and special occasions.",Formal / Special Occasions
549,NARCISO RODRIGUEZ,WOMEN,"Rose, Peach","Musk, Amber","Patchouli, Sandalwood, Musk","Women by Narciso Rodriguez is a captivating fragrance that opens with rose, peach, creating a fresh and inviting first impression. The heart reveals musk, amber, adding depth and sophistication, while the base of patchouli, sandalwood leaves a smooth and long-lasting trail. An ideal scent for both everyday elegance and special occasions.",Formal / Special Occasions
550,NASOMATTO,BLACK AFGHANO,"Cannabis, Green Notes","Resin, Tobacco","Oud, Coffee, Incense","Black Afghano by Nasomatto is a captivating fragrance that opens with cannabis, green notes, creating a fresh and inviting first impression. The heart reveals resin, tobacco, adding depth and sophistication, while the base of oud, coffee leaves a smooth and long-lasting trail. An ideal scent for both everyday elegance and special occasions.",Date Night / Evening
551,NASOMATTO,ABSINTH,"Green Notes, Wormwood","Vetiver, Patchouli","Oakmoss, Wood, Musk","Absinth by Nasomatto is a captivating fragrance that opens with green notes, wormwood, creating a fresh and inviting first impression. The heart reveals vetiver, patchouli, adding depth and sophistication, while the base of oakmoss, wood leaves a smooth and long-lasting trail. An ideal scent for both everyday elegance and special occasions.",Office / Daily
552,NASOMATTO,FANTAMOS,"Fruits, Synthetic Notes","Plastic Accord, Smoke","Musk, Amber, Wood","Fantamos by Nasomatto is a captivating fragrance that opens with fruits, synthetic notes, creating a fresh and inviting first impression. The heart reveals plastic accord, smoke, adding depth and sophistication, while the base of musk, amber leaves a smooth and long-lasting trail. An ideal scent for both everyday elegance and special occasions.",Date Night / Evening
553,NASOMATTO,DURO,"Leather, Spices","Wood, Patchouli","Oud, Amber, Musk","Duro by Nasomatto is a captivating fragrance that opens with leather, spices, creating a fresh and inviting first impression. The heart reveals wood, patchouli, adding depth and sophistication, while the base of oud, amber leaves a smooth and long-lasting trail. An ideal scent for both everyday elegance and special occasions.",Office / Daily
554,NASOMATTO,NARCOTIC VENUS,"Tuberose, Jasmine","Lily, Orange Blossom","Musk, Amber, Wood","Narcotic Venus by Nasomatto is a captivating fragrance that opens with tuberose, jasmine, creating a fresh and inviting first impression. The heart reveals lily, orange blossom, adding depth and sophistication, while the base of musk, amber leaves a smooth and long-lasting trail. An ideal scent for both everyday elegance and special occasions.",Date Night / Evening
555,NASOMATTO,PARDON,"Chocolate, Cinnamon","Oud, Floral Notes","Amber, Sandalwood, Musk","Pardon by Nasomatto is a captivating fragrance that opens with chocolate, cinnamon, creating a fresh and inviting first impression. The heart reveals oud, floral notes, adding depth and sophistication, while the base of amber, sandalwood leaves a smooth and long-lasting trail. An ideal scent for both everyday elegance and special occasions.",Date Night / Evening
556,NASOMATTO,SILVER MUSK,"Musk, Citrus",Floral Notes,"White Musk, Amber, Wood","Silver Musk by Nasomatto is a captivating fragrance that opens with musk, citrus, creating a fresh and inviting first impression. The heart reveals floral notes, adding depth and sophistication, while the base of white musk, amber leaves a smooth and long-lasting trail. An ideal scent for both everyday elegance and special occasions.",Office / Daily
557,NEESH,MILKY WAY,"Milk Accord, Vanilla","Jasmine, Almond","Musk, Sandalwood, Amber","Milky Way by Neesh is a captivating fragrance that opens with milk accord, vanilla, creating a fresh and inviting first impression. The heart reveals jasmine, almond, adding depth and sophistication, while the base of musk, sandalwood leaves a smooth and long-lasting trail. An ideal scent for both everyday elegance and special occasions.",Formal / Special Occasions
558,NINA RICCI,APPLE,"Apple, Lemon","Peony, Praline","Musk, Apple Tree, Cedarwood","Apple by Nina Ricci is a captivating fragrance that opens with apple, lemon, creating a fresh and inviting first impression. The heart reveals peony, praline, adding depth and sophistication, while the base of musk, apple tree leaves a smooth and long-lasting trail. An ideal scent for both everyday elegance and special occasions.",Office / Daily
559,NINA RICCI,PREMAJURE,"Mandarin, Sweet Pea","Gardenia, Orchid","Sandalwood, Musk, Vanilla","Premajure by Nina Ricci is a captivating fragrance that opens with mandarin, sweet pea, creating a fresh and inviting first impression. The heart reveals gardenia, orchid, adding depth and sophistication, while the base of sandalwood, musk leaves a smooth and long-lasting trail. An ideal scent for both everyday elegance and special occasions.",Formal / Special Occasions
560,NISHANE,TUBEROZA,"Ylang-Ylang, Mandarin","Tuberose, Jasmine","Musk, Sandalwood, Amber","Tuberoza by Nishane is a captivating fragrance that opens with ylang-ylang, mandarin, creating a fresh and inviting first impression. The heart reveals tuberose, jasmine, adding depth and sophistication, while the base of musk, sandalwood leaves a smooth and long-lasting trail. An ideal scent for both everyday elegance and special occasions.",Office / Daily
561,NISHANE,FAVONIUS,"Bergamot, Pepper","Rose, Patchouli","Vetiver, Amber, Musk","Favonius by Nishane is a captivating fragrance that opens with bergamot, pepper, creating a fresh and inviting first impression. The heart reveals rose, patchouli, adding depth and sophistication, while the base of vetiver, amber leaves a smooth and long-lasting trail. An ideal scent for both everyday elegance and special occasions.",Formal / Special Occasions
562,NISHANE,SHEM,"Turmeric, Cardamom","Oud, Rose","Amber, Leather, Musk","Shem by Nishane is a captivating fragrance that opens with turmeric, cardamom, creating a fresh and inviting first impression. The heart reveals oud, rose, adding depth and sophistication, while the base of amber, leather leaves a smooth and long-lasting trail. An ideal scent for both everyday elegance and special occasions.",Date Night / Evening
563,NISHANE,HUNDRED SILENT WAYS,"Tuberose, Peach","Jasmine, Gardenia","Vanilla, Sandalwood, Vetiver","Hundred Silent Ways by Nishane is a captivating fragrance that opens with tuberose, peach, creating a fresh and inviting first impression. The heart reveals jasmine, gardenia, adding depth and sophistication, while the base of vanilla, sandalwood leaves a smooth and long-lasting trail. An ideal scent for both everyday elegance and special occasions.",Office / Daily
564,NISHANE,UNUTAMAM,"Oregano, Mint","Labdanum, Jasmine","Amber, Musk, Sandalwood","Unutamam by Nishane is a captivating fragrance that opens with oregano, mint, creating a fresh and inviting first impression. The heart reveals labdanum, jasmine, adding depth and sophistication, while the base of amber, musk leaves a smooth and long-lasting trail. An ideal scent for both everyday elegance and special occasions.",Office / Daily
565,NISHANE,FAN YOUR FLAMES EXTRAIT DE PARFUM,"Coconut, Rum","Tobacco, Tonka Bean","Cedarwood, Amber, Musk","Fan Your Flames Extrait De Parfum by Nishane is a captivating fragrance that opens with coconut, rum, creating a fresh and inviting first impression. The heart reveals tobacco, tonka bean, adding depth and sophistication, while the base of cedarwood, amber leaves a smooth and long-lasting trail. An ideal scent for both everyday elegance and special occasions.",Office / Daily
566,ORMONDE JAYNE,MON TABACCO,"Cardamom, Orange","Tobacco, Leather","Suede, Amber, Sandalwood","Mon Tabacco by Ormonde Jayne is a captivating fragrance that opens with cardamom, orange, creating a fresh and inviting first impression. The heart reveals tobacco, leather, adding depth and sophistication, while the base of suede, amber leaves a smooth and long-lasting trail. An ideal scent for both everyday elegance and special occasions.",Office / Daily
567,ORMONDE JAYNE,MONTABACO INTENSIVO,"Citrus, Spices","Tobacco, Leather","Amber, Tonka Bean, Sandalwood","Montabaco Intensivo by Ormonde Jayne is a captivating fragrance that opens with citrus, spices, creating a fresh and inviting first impression. The heart reveals tobacco, leather, adding depth and sophistication, while the base of amber, tonka bean leaves a smooth and long-lasting trail. An ideal scent for both everyday elegance and special occasions.",Office / Daily
568,PACO RABBANE,INVICTUS AQUA,"Grapefruit, Marine Notes","Violet Leaf, Jasmine","Ambergris, Musk, Wood","Invictus Aqua by Paco Rabbane is a captivating fragrance that opens with grapefruit, marine notes, creating a fresh and inviting first impression. The heart reveals violet leaf, jasmine, adding depth and sophistication, while the base of ambergris, musk leaves a smooth and long-lasting trail. An ideal scent for both everyday elegance and special occasions.",Gym / Casual
569,PACO RABBANE,1 MILLION,"Blood Orange, Mint","Cinnamon, Rose","Leather, Amber, Patchouli","1 Million by Paco Rabbane is a captivating fragrance that opens with blood orange, mint, creating a fresh and inviting first impression. The heart reveals cinnamon, rose, adding depth and sophistication, while the base of leather, amber leaves a smooth and long-lasting trail. An ideal scent for both everyday elegance and special occasions.",Date Night / Evening
570,PACO RABBANE,1 MILLION LUCKY,"Plum, Grapefruit","Hazelnut, Honey","Cedarwood, Patchouli, Amber","1 Million Lucky by Paco Rabbane is a captivating fragrance that opens with plum, grapefruit, creating a fresh and inviting first impression. The heart reveals hazelnut, honey, adding depth and sophistication, while the base of cedarwood, patchouli leaves a smooth and long-lasting trail. An ideal scent for both everyday elegance and special occasions.",Office / Daily
571,PACO RABBANE,LADY MILLION,"Raspberry, Neroli","Jasmine, Orange Blossom","Honey, Patchouli, Amber","Lady Million by Paco Rabbane is a captivating fragrance that opens with raspberry, neroli, creating a fresh and inviting first impression. The heart reveals jasmine, orange blossom, adding depth and sophistication, while the base of honey, patchouli leaves a smooth and long-lasting trail. An ideal scent for both everyday elegance and special occasions.",Office / Daily
572,PACO RABBANE,BLACK XS MEN,"Lemon, Sage","Praline, Cinnamon","Patchouli, Amber, Wood","Black Xs Men by Paco Rabbane is a captivating fragrance that opens with lemon, sage, creating a fresh and inviting first impression. The heart reveals praline, cinnamon, adding depth and sophistication, while the base of patchouli, amber leaves a smooth and long-lasting trail. An ideal scent for both everyday elegance and special occasions.",Date Night / Evening
573,PACO RABBANE,OLYMPIA,"Ginger, Jasmine","Salted Vanilla, Floral Notes","Cashmere Wood, Amber, Sandalwood","Olympia by Paco Rabbane is a captivating fragrance that opens with ginger, jasmine, creating a fresh and inviting first impression. The heart reveals salted vanilla, floral notes, adding depth and sophistication, while the base of cashmere wood, amber leaves a smooth and long-lasting trail. An ideal scent for both everyday elegance and special occasions.",Date Night / Evening
574,PACO RABBANE,INVICTUS PLATINUM,"Grapefruit, Absinthe","Lavender, Mint","Cypress, Patchouli, Amber","Invictus Platinum by Paco Rabbane is a captivating fragrance that opens with grapefruit, absinthe, creating a fresh and inviting first impression. The heart reveals lavender, mint, adding depth and sophistication, while the base of cypress, patchouli leaves a smooth and long-lasting trail. An ideal scent for both everyday elegance and special occasions.",Office / Daily
575,PACO RABBANE,1 MILLION ELIXIR,"Apple, Davana","Rose, Osmanthus","Vanilla, Tonka Bean, Patchouli","1 Million Elixir by Paco Rabbane is a captivating fragrance that opens with apple, davana, creating a fresh and inviting first impression. The heart reveals rose, osmanthus, adding depth and sophistication, while the base of vanilla, tonka bean leaves a smooth and long-lasting trail. An ideal scent for both everyday elegance and special occasions.",Date Night / Evening
576,PACO RABBANE,ONE MILION GOLDEN DUD,"Lemon, Pink Pepper","Lavender, Incense","Vanilla, Tonka Bean, Amber","One Milion Golden Dud by Paco Rabbane is a captivating fragrance that opens with lemon, pink pepper, creating a fresh and inviting first impression. The heart reveals lavender, incense, adding depth and sophistication, while the base of vanilla, tonka bean leaves a smooth and long-lasting trail. An ideal scent for both everyday elegance and special occasions.",Date Night / Evening
577,PACO RABBANE,INVICTUS VICTORY,"Lemon, Pink Pepper, Incense","Lavender, Vanilla, Tonka Bean","Amber, Patchouli, Musk","Invictus Victory by Paco Rabbane is a captivating fragrance that opens with lemon, pink pepper, creating a fresh and inviting first impression. The heart reveals lavender, vanilla, adding depth and sophistication, while the base of amber, patchouli leaves a smooth and long-lasting trail. An ideal scent for both everyday elegance and special occasions.",Office / Daily
578,PARFUMS DE MARLY,DELINA EXCLUSIF -,"Pear, Lychee, Grapefruit","Turkish Rose, Incense, Vetiver","Vanilla, Amber, Musk","Delina Exclusif - by Parfums De Marly is a captivating fragrance that opens with pear, lychee, creating a fresh and inviting first impression. The heart reveals turkish rose, incense, adding depth and sophistication, while the base of vanilla, amber leaves a smooth and long-lasting trail. An ideal scent for both everyday elegance and special occasions.",Date Night / Evening
579,PARFUMS DE MARLY,DELINA -,"Lychee, Rhubarb, Bergamot","Turkish Rose, Peony, Vanilla","Cashmeran, Musk, Vetiver","Delina - by Parfums De Marly is a captivating fragrance that opens with lychee, rhubarb, creating a fresh and inviting first impression. The heart reveals turkish rose, peony, adding depth and sophistication, while the base of cashmeran, musk leaves a smooth and long-lasting trail. An ideal scent for both everyday elegance and special occasions.",Office / Daily
580,PARFUMS DE MARLY,ORIANA -,"Mandarin, Bergamot, Grapefruit","Orange Blossom, Raspberry, Blackcurrant","Marshmallow, Musk, Ambrette","Oriana - by Parfums De Marly is a captivating fragrance that opens with mandarin, bergamot, creating a fresh and inviting first impression. The heart reveals orange blossom, raspberry, adding depth and sophistication, while the base of marshmallow, musk leaves a smooth and long-lasting trail. An ideal scent for both everyday elegance and special occasions.",Date Night / Evening
581,PARFUMS DE MARLY,GREENLEY -,"Green Apple, Bergamot, Mandarin","Cedarwood, Petitgrain, Violet","Oakmoss, Musk, Amberwood","Greenley - by Parfums De Marly is a captivating fragrance that opens with green apple, bergamot, creating a fresh and inviting first impression. The heart reveals cedarwood, petitgrain, adding depth and sophistication, while the base of oakmoss, musk leaves a smooth and long-lasting trail. An ideal scent for both everyday elegance and special occasions.",Formal / Special Occasions
582,PARFUMS DE MARLY,DELINA EXCLUSIF,"Pear, Lychee, Grapefruit","Turkish Rose, Incense, Vetiver","Vanilla, Amber, Musk","Delina Exclusif by Parfums De Marly is a captivating fragrance that opens with pear, lychee, creating a fresh and inviting first impression. The heart reveals turkish rose, incense, adding depth and sophistication, while the base of vanilla, amber leaves a smooth and long-lasting trail. An ideal scent for both everyday elegance and special occasions.",Date Night / Evening
583,PARFUMS DE MARLY,ALTHAIR,"Cinnamon, Orange Blossom, Cardamom","Bourbon Vanilla, Elemi, Guaiac Wood","Praline, Musk, Ambroxan","Althair by Parfums De Marly is a captivating fragrance that opens with cinnamon, orange blossom, creating a fresh and inviting first impression. The heart reveals bourbon vanilla, elemi, adding depth and sophistication, while the base of praline, musk leaves a smooth and long-lasting trail. An ideal scent for both everyday elegance and special occasions.",Office / Daily
584,PARFUMS DE MARLY,HABDAN,"Apple, Saffron, Incense","Rose, Amber, Woody Notes","Caramel, Myrrh, Musk","Habdan by Parfums De Marly is a captivating fragrance that opens with apple, saffron, creating a fresh and inviting first impression. The heart reveals rose, amber, adding depth and sophistication, while the base of caramel, myrrh leaves a smooth and long-lasting trail. An ideal scent for both everyday elegance and special occasions.",Office / Daily
585,PARFUMS DE MARLY,VALAYA,"Bergamot, Mandarin, Peach","Orange Blossom, Nympheal, Vetiver","Musk, Ambroxan, Akigalawood","Valaya by Parfums De Marly is a captivating fragrance that opens with bergamot, mandarin, creating a fresh and inviting first impression. The heart reveals orange blossom, nympheal, adding depth and sophistication, while the base of musk, ambroxan leaves a smooth and long-lasting trail. An ideal scent for both everyday elegance and special occasions.",Office / Daily
586,PARFUMS DE MARLY,DELINA,"Lychee, Rhubarb, Bergamot","Turkish Rose, Peony, Vanilla","Cashmeran, Musk, Vetiver","Delina by Parfums De Marly is a captivating fragrance that opens with lychee, rhubarb, creating a fresh and inviting first impression. The heart reveals turkish rose, peony, adding depth and sophistication, while the base of cashmeran, musk leaves a smooth and long-lasting trail. An ideal scent for both everyday elegance and special occasions.",Date Night / Evening
587,PARFUMS DE MARLY,ORIANA,"Mandarin, Bergamot, Grapefruit","Orange Blossom, Raspberry, Blackcurrant","Marshmallow, Musk, Ambrette","Oriana by Parfums De Marly is a captivating fragrance that opens with mandarin, bergamot, creating a fresh and inviting first impression. The heart reveals orange blossom, raspberry, adding depth and sophistication, while the base of marshmallow, musk leaves a smooth and long-lasting trail. An ideal scent for both everyday elegance and special occasions.",Office / Daily
588,PARFUMS DE MARLY,GREENLEY,"Green Apple, Bergamot, Mandarin","Cedarwood, Petitgrain, Violet","Oakmoss, Musk, Amberwood","Greenley by Parfums De Marly is a captivating fragrance that opens with green apple, bergamot, creating a fresh and inviting first impression. The heart reveals cedarwood, petitgrain, adding depth and sophistication, while the base of oakmoss, musk leaves a smooth and long-lasting trail. An ideal scent for both everyday elegance and special occasions.",Office / Daily
589,PARFUMS DE MARLY,HEROD,"Cinnamon, Pepperwood, Tobacco","Osmanthus, Labdanum, Incense","Vanilla, Cedarwood, Musk","Herod by Parfums De Marly is a captivating fragrance that opens with cinnamon, pepperwood, creating a fresh and inviting first impression. The heart reveals osmanthus, labdanum, adding depth and sophistication, while the base of vanilla, cedarwood leaves a smooth and long-lasting trail. An ideal scent for both everyday elegance and special occasions.",Office / Daily
590,PARFUMS DE MARLY,GALLOWAY,"Citrus, Pepper, Bergamot","Orange Blossom, Iris","Musk, Amber","Galloway by Parfums De Marly is a captivating fragrance that opens with citrus, pepper, creating a fresh and inviting first impression. The heart reveals orange blossom, iris, adding depth and sophistication, while the base of musk, amber leaves a smooth and long-lasting trail. An ideal scent for both everyday elegance and special occasions.",Date Night / Evening
591,PARFUMS DE MARLY,LAYTON,"Apple, Lavender, Bergamot","Jasmine, Violet, Geranium","Vanilla, Pepper, Guaiac Wood","Layton by Parfums De Marly is a captivating fragrance that opens with apple, lavender, creating a fresh and inviting first impression. The heart reveals jasmine, violet, adding depth and sophistication, while the base of vanilla, pepper leaves a smooth and long-lasting trail. An ideal scent for both everyday elegance and special occasions.",Office / Daily
592,PARFUMS DE MARLY,KALAN,"Blood Orange, Black Pepper, Spices","Lavender, Orange Blossom","Sandalwood, Moss, Amber","Kalan by Parfums De Marly is a captivating fragrance that opens with blood orange, black pepper, creating a fresh and inviting first impression. The heart reveals lavender, orange blossom, adding depth and sophistication, while the base of sandalwood, moss leaves a smooth and long-lasting trail. An ideal scent for both everyday elegance and special occasions.",Office / Daily
593,PARFUMS DE MARLY,PEGASUS,"Heliotrope, Cumin, Bergamot","Almond, Lavender, Jasmine","Vanilla, Sandalwood, Amber","Pegasus by Parfums De Marly is a captivating fragrance that opens with heliotrope, cumin, creating a fresh and inviting first impression. The heart reveals almond, lavender, adding depth and sophistication, while the base of vanilla, sandalwood leaves a smooth and long-lasting trail. An ideal scent for both everyday elegance and special occasions.",Office / Daily
594,PARFUMS DE MARLY,CARIOS,"Citrus Notes, Spices, Bergamot","Floral Notes, Woody Notes, Amber","Musk, Patchouli, Vanilla","Carios by Parfums De Marly is a captivating fragrance that opens with citrus notes, spices, creating a fresh and inviting first impression. The heart reveals floral notes, woody notes, adding depth and sophistication, while the base of musk, patchouli leaves a smooth and long-lasting trail. An ideal scent for both everyday elegance and special occasions.",Office / Daily
595,PARFUMS DE MARLY,ERAGON,"Fresh Notes, Citrus, Pepper","Aromatic Notes, Lavender, Woods","Amber, Musk, Vetiver","Eragon by Parfums De Marly is a captivating fragrance that opens with fresh notes, citrus, creating a fresh and inviting first impression. The heart reveals aromatic notes, lavender, adding depth and sophistication, while the base of amber, musk leaves a smooth and long-lasting trail. An ideal scent for both everyday elegance and special occasions.",Office / Daily
596,PARFUMS DE MARLY,VALERO,"Fruity Notes, Bergamot, Apple","Floral Notes, Spice, Woods","Amber, Musk, Vanilla","Valero by Parfums De Marly is a captivating fragrance that opens with fruity notes, bergamot, creating a fresh and inviting first impression. The heart reveals floral notes, spice, adding depth and sophistication, while the base of amber, musk leaves a smooth and long-lasting trail. An ideal scent for both everyday elegance and special occasions.",Date Night / Evening
597,PENHALIGONâ€™S,TERRIBLE TEDDY,"Incense, Leather",Vetiver,Ambroxan,"Terrible Teddy by Penhaligonâ€™S is a captivating fragrance that opens with incense, leather, creating a fresh and inviting first impression. The heart reveals vetiver, adding depth and sophistication, while the base of ambroxan leaves a smooth and long-lasting trail. An ideal scent for both everyday elegance and special occasions.",Office / Daily
598,PENHALIGONâ€™S,FORTUITOUS FINLEY,"Pistachio, Violet Leaf","Matcha Tea, Jasmine","Leather, Patchouli","Fortuitous Finley by Penhaligonâ€™S is a captivating fragrance that opens with pistachio, violet leaf, creating a fresh and inviting first impression. The heart reveals matcha tea, jasmine, adding depth and sophistication, while the base of leather, patchouli leaves a smooth and long-lasting trail. An ideal scent for both everyday elegance and special occasions.",Formal / Special Occasions
599,PENHALIGON'S,THE WORLD ACCORDING TO ARTHUR,"Grapefruit, Incense","Vanilla, Ambrette","Tonka Bean, Sandalwood","The World According To Arthur by Penhaligon'S is a captivating fragrance that opens with grapefruit, incense, creating a fresh and inviting first impression. The heart reveals vanilla, ambrette, adding depth and sophistication, while the base of tonka bean, sandalwood leaves a smooth and long-lasting trail. An ideal scent for both everyday elegance and special occasions.",Date Night / Evening
600,PENHALIGON'S,SARTORIAL -,"Aldehydes, Lavender, Metallic Notes","Beeswax, Honey, Leather","Oakmoss, Tonka Bean, Vanilla","Sartorial - by Penhaligon'S is a captivating fragrance that opens with aldehydes, lavender, creating a fresh and inviting first impression. The heart reveals beeswax, honey, adding depth and sophistication, while the base of oakmoss, tonka bean leaves a smooth and long-lasting trail. An ideal scent for both everyday elegance and special occasions.",Formal / Special Occasions
601,PENHALIGON'S,THE UNCOMPROMISING SOHAN,"Rose, Pink Pepper, Saffron","Oud, Labdanum","Sandalwood, Amber, Vanilla","The Uncompromising Sohan by Penhaligon'S is a captivating fragrance that opens with rose, pink pepper, creating a fresh and inviting first impression. The heart reveals oud, labdanum, adding depth and sophistication, while the base of sandalwood, amber leaves a smooth and long-lasting trail. An ideal scent for both everyday elegance and special occasions.",Formal / Special Occasions
602,PENHALIGON'S,HALFETI,"Bergamot, Grapefruit, Green Notes","Rose, Nutmeg, Jasmine","Oud, Leather, Amber","Halfeti by Penhaligon'S is a captivating fragrance that opens with bergamot, grapefruit, creating a fresh and inviting first impression. The heart reveals rose, nutmeg, adding depth and sophistication, while the base of oud, leather leaves a smooth and long-lasting trail. An ideal scent for both everyday elegance and special occasions.",Office / Daily
603,PENHALIGON'S,HALFETI LEATHER,"Plum, Bergamot, Citrus","Rose, Spices, Leather","Oud, Patchouli, Amber","Halfeti Leather by Penhaligon'S is a captivating fragrance that opens with plum, bergamot, creating a fresh and inviting first impression. The heart reveals rose, spices, adding depth and sophistication, while the base of oud, patchouli leaves a smooth and long-lasting trail. An ideal scent for both everyday elegance and special occasions.",Office / Daily
604,PENHALIGON'S,THE COVETED DUCHESS ROSE,"Mandarin, Pink Pepper","Rose, Magnolia","Musk, Woody Notes","The Coveted Duchess Rose by Penhaligon'S is a captivating fragrance that opens with mandarin, pink pepper, creating a fresh and inviting first impression. The heart reveals rose, magnolia, adding depth and sophistication, while the base of musk, woody notes leaves a smooth and long-lasting trail. An ideal scent for both everyday elegance and special occasions.",Office / Daily
605,PENHALIGON'S,JUNIPER SLANG,"Juniper Berry, Angelica, Cinnamon","Black Pepper, Cardamom","Vetiver, Sugar, Leather","Juniper Slang by Penhaligon'S is a captivating fragrance that opens with juniper berry, angelica, creating a fresh and inviting first impression. The heart reveals black pepper, cardamom, adding depth and sophistication, while the base of vetiver, sugar leaves a smooth and long-lasting trail. An ideal scent for both everyday elegance and special occasions.",Office / Daily
606,PENHALIGON'S,MALABAH,"Lemon, Cardamom, Tea","Rose, Iris, Ginger","Sandalwood, Musk, Amber","Malabah by Penhaligon'S is a captivating fragrance that opens with lemon, cardamom, creating a fresh and inviting first impression. The heart reveals rose, iris, adding depth and sophistication, while the base of sandalwood, musk leaves a smooth and long-lasting trail. An ideal scent for both everyday elegance and special occasions.",Date Night / Evening
607,PENHALIGON'S,THE INIMITABLE WILLIAM,"Bergamot, Incense","Cedarwood, Vetiver","Sandalwood, Ambroxan","The Inimitable William by Penhaligon'S is a captivating fragrance that opens with bergamot, incense, creating a fresh and inviting first impression. The heart reveals cedarwood, vetiver, adding depth and sophistication, while the base of sandalwood, ambroxan leaves a smooth and long-lasting trail. An ideal scent for both everyday elegance and special occasions.",Formal / Special Occasions
608,PENHALIGON'S,BLUE BELL,"Citrus, Hyacinth","Bluebell, Jasmine, Rose","Musk, Clove, Cinnamon","Blue Bell by Penhaligon'S is a captivating fragrance that opens with citrus, hyacinth, creating a fresh and inviting first impression. The heart reveals bluebell, jasmine, adding depth and sophistication, while the base of musk, clove leaves a smooth and long-lasting trail. An ideal scent for both everyday elegance and special occasions.",Gym / Casual
609,PRADA,PARADIGME,"Citrus, Bergamot, Neroli","Floral Notes, Jasmine, Orange Blossom","Amber, Musk, Woods","Paradigme by Prada is a captivating fragrance that opens with citrus, bergamot, creating a fresh and inviting first impression. The heart reveals floral notes, jasmine, adding depth and sophistication, while the base of amber, musk leaves a smooth and long-lasting trail. An ideal scent for both everyday elegance and special occasions.",Formal / Special Occasions
610,PRADA,PARADOXE RADICAL ESSENCE,"Citrus, Neroli","Jasmine, Orange Blossom","Amber, Musk, Woody Notes","Paradoxe Radical Essence by Prada is a captivating fragrance that opens with citrus, neroli, creating a fresh and inviting first impression. The heart reveals jasmine, orange blossom, adding depth and sophistication, while the base of amber, musk leaves a smooth and long-lasting trail. An ideal scent for both everyday elegance and special occasions.",Office / Daily
611,PRADA,CANDY,Caramel,"Powdery Notes, Musk","Vanilla, Benzoin","Candy by Prada is a captivating fragrance that opens with caramel, creating a fresh and inviting first impression. The heart reveals powdery notes, musk, adding depth and sophistication, while the base of vanilla, benzoin leaves a smooth and long-lasting trail. An ideal scent for both everyday elegance and special occasions.",Formal / Special Occasions
612,PRADA,AMBER POUR HOMME,"Bergamot, Mandarin, Neroli","Myrrh, Cardamom, Musk","Amber, Leather, Tonka Bean","Amber Pour Homme by Prada is a captivating fragrance that opens with bergamot, mandarin, creating a fresh and inviting first impression. The heart reveals myrrh, cardamom, adding depth and sophistication, while the base of amber, leather leaves a smooth and long-lasting trail. An ideal scent for both everyday elegance and special occasions.",Office / Daily
613,PRADA,LUNA ROSSA BLACK,Bergamot,"Angelica, Patchouli","Coumarin, Amber, Musk","Luna Rossa Black by Prada is a captivating fragrance that opens with bergamot, creating a fresh and inviting first impression. The heart reveals angelica, patchouli, adding depth and sophistication, while the base of coumarin, amber leaves a smooth and long-lasting trail. An ideal scent for both everyday elegance and special occasions.",Date Night / Evening
614,PRADA,PARADOXE,"Neroli, Bergamot, Pear","Orange Blossom, Jasmine","Amber, Musk, Vanilla","Paradoxe by Prada is a captivating fragrance that opens with neroli, bergamot, creating a fresh and inviting first impression. The heart reveals orange blossom, jasmine, adding depth and sophistication, while the base of amber, musk leaves a smooth and long-lasting trail. An ideal scent for both everyday elegance and special occasions.",Office / Daily
615,PRADA,LUNA ROSSA,"Lavender, Mint",Sage,"Ambroxan, Musk","Luna Rossa by Prada is a captivating fragrance that opens with lavender, mint, creating a fresh and inviting first impression. The heart reveals sage, adding depth and sophistication, while the base of ambroxan, musk leaves a smooth and long-lasting trail. An ideal scent for both everyday elegance and special occasions.",Formal / Special Occasions
616,PRADA,L'HOMME,"Neroli, Black Pepper","Iris, Amber","Patchouli, Sandalwood","L'Homme by Prada is a captivating fragrance that opens with neroli, black pepper, creating a fresh and inviting first impression. The heart reveals iris, amber, adding depth and sophistication, while the base of patchouli, sandalwood leaves a smooth and long-lasting trail. An ideal scent for both everyday elegance and special occasions.",Date Night / Evening
617,RALPH LAUREN,POLO BLUE,"Melon, Cucumber, Bergamot","Basil, Sage, Geranium","Suede, Musk, Wood","Polo Blue by Ralph Lauren is a captivating fragrance that opens with melon, cucumber, creating a fresh and inviting first impression. The heart reveals basil, sage, adding depth and sophistication, while the base of suede, musk leaves a smooth and long-lasting trail. An ideal scent for both everyday elegance and special occasions.",Gym / Casual
618,RALPH LAUREN,POLO SPORT,"Mint, Citrus, Aldehydes","Ginger, Lavender, Sea Notes","Musk, Sandalwood, Oakmoss","Polo Sport by Ralph Lauren is a captivating fragrance that opens with mint, citrus, creating a fresh and inviting first impression. The heart reveals ginger, lavender, adding depth and sophistication, while the base of musk, sandalwood leaves a smooth and long-lasting trail. An ideal scent for both everyday elegance and special occasions.",Gym / Casual
619,RALPH LAUREN,POLO SUPREME OUDH,"Cinnamon, Pink Pepper","Oud, Guaiac Wood","Vetiver, Honey, Amber","Polo Supreme Oudh by Ralph Lauren is a captivating fragrance that opens with cinnamon, pink pepper, creating a fresh and inviting first impression. The heart reveals oud, guaiac wood, adding depth and sophistication, while the base of vetiver, honey leaves a smooth and long-lasting trail. An ideal scent for both everyday elegance and special occasions.",Date Night / Evening
620,RASASI,ROMANCE (W),"Lemon, Green Notes, Bergamot","Rose, Jasmine, Lily","Musk, Sandalwood, Amber","Romance (W) by Rasasi is a captivating fragrance that opens with lemon, green notes, creating a fresh and inviting first impression. The heart reveals rose, jasmine, adding depth and sophistication, while the base of musk, sandalwood leaves a smooth and long-lasting trail. An ideal scent for both everyday elegance and special occasions.",Office / Daily
621,RASASI,ARBA WARDAT,"Rose, Floral Notes, Citrus","Jasmine, Rose, Spices","Musk, Amber, Woods","Arba Wardat by Rasasi is a captivating fragrance that opens with rose, floral notes, creating a fresh and inviting first impression. The heart reveals jasmine, rose, adding depth and sophistication, while the base of musk, amber leaves a smooth and long-lasting trail. An ideal scent for both everyday elegance and special occasions.",Date Night / Evening
622,RASASI,FAQAT LIL RIJAAL,"Citrus, Fresh Notes, Spices","Floral Notes, Herbs","Musk, Amber, Woods","Faqat Lil Rijaal by Rasasi is a captivating fragrance that opens with citrus, fresh notes, creating a fresh and inviting first impression. The heart reveals floral notes, herbs, adding depth and sophistication, while the base of musk, amber leaves a smooth and long-lasting trail. An ideal scent for both everyday elegance and special occasions.",Date Night / Evening
623,RASASI,BLUE LADY,"Citrus, Ylang-Ylang, Tuberose","Jasmine, Rose, Peach","Sandalwood, Vetiver, Musk","Blue Lady by Rasasi is a captivating fragrance that opens with citrus, ylang-ylang, creating a fresh and inviting first impression. The heart reveals jasmine, rose, adding depth and sophistication, while the base of sandalwood, vetiver leaves a smooth and long-lasting trail. An ideal scent for both everyday elegance and special occasions.",Gym / Casual
624,RASASI,DEHN AL OUDH AL NOKHBA,"Oud, Spices, Woody Notes","Rose, Amber, Oud","Musk, Leather, Oud","Dehn Al Oudh Al Nokhba by Rasasi is a captivating fragrance that opens with oud, spices, creating a fresh and inviting first impression. The heart reveals rose, amber, adding depth and sophistication, while the base of musk, leather leaves a smooth and long-lasting trail. An ideal scent for both everyday elegance and special occasions.",Date Night / Evening
625,RASASI,HAWAS,"Apple, Bergamot, Cinnamon","Watery Notes, Plum, Orange Blossom","Ambergris, Musk, Driftwood","Hawas by Rasasi is a captivating fragrance that opens with apple, bergamot, creating a fresh and inviting first impression. The heart reveals watery notes, plum, adding depth and sophistication, while the base of ambergris, musk leaves a smooth and long-lasting trail. An ideal scent for both everyday elegance and special occasions.",Office / Daily
626,RASASI,NEBRAS AL ISHQ NOOR,"Citrus, Fruity Notes, Saffron","Rose, Jasmine, Amber","Musk, Oud, Vanilla","Nebras Al Ishq Noor by Rasasi is a captivating fragrance that opens with citrus, fruity notes, creating a fresh and inviting first impression. The heart reveals rose, jasmine, adding depth and sophistication, while the base of musk, oud leaves a smooth and long-lasting trail. An ideal scent for both everyday elegance and special occasions.",Office / Daily
627,RASASI,AFSHAAN,"Green Notes, Citrus, Spices","Floral Notes, Rose","Musk, Sandalwood, Amber","Afshaan by Rasasi is a captivating fragrance that opens with green notes, citrus, creating a fresh and inviting first impression. The heart reveals floral notes, rose, adding depth and sophistication, while the base of musk, sandalwood leaves a smooth and long-lasting trail. An ideal scent for both everyday elegance and special occasions.",Date Night / Evening
628,RASASI,RASASI HAWAS ICE,"Citrus, Apple, Mint","Aquatic Notes, Orange Blossom","Musk, Amber, Woods","Rasasi Hawas Ice by Rasasi is a captivating fragrance that opens with citrus, apple, creating a fresh and inviting first impression. The heart reveals aquatic notes, orange blossom, adding depth and sophistication, while the base of musk, amber leaves a smooth and long-lasting trail. An ideal scent for both everyday elegance and special occasions.",Gym / Casual
629,ROBERTO CAVALLI,JUST CAVALLI MEN,"Pepper, Bergamot, Clary Sage","Vetiver, Leather","Tonka Bean, Amber","Just Cavalli Men by Roberto Cavalli is a captivating fragrance that opens with pepper, bergamot, creating a fresh and inviting first impression. The heart reveals vetiver, leather, adding depth and sophistication, while the base of tonka bean, amber leaves a smooth and long-lasting trail. An ideal scent for both everyday elegance and special occasions.",Office / Daily
630,ROBERTO CAVALLI,FLORENCE AMBER,"Citrus, Mandarin, Peach","Orange Blossom, Jasmine","Amber, Patchouli, Vanilla","Florence Amber by Roberto Cavalli is a captivating fragrance that opens with citrus, mandarin, creating a fresh and inviting first impression. The heart reveals orange blossom, jasmine, adding depth and sophistication, while the base of amber, patchouli leaves a smooth and long-lasting trail. An ideal scent for both everyday elegance and special occasions.",Formal / Special Occasions
631,ROBERTO CAVALLI,SERPENTINE,"Mango Blossom, Mandarin","Tiare Flower, Frangipani","Amber, Sandalwood, Musk","Serpentine by Roberto Cavalli is a captivating fragrance that opens with mango blossom, mandarin, creating a fresh and inviting first impression. The heart reveals tiare flower, frangipani, adding depth and sophistication, while the base of amber, sandalwood leaves a smooth and long-lasting trail. An ideal scent for both everyday elegance and special occasions.",Formal / Special Occasions
632,ROBERTO CAVALLI,JUST CAVALI MEN,"Pepper, Bergamot, Clary Sage","Vetiver, Leather","Tonka Bean, Amber","Just Cavali Men by Roberto Cavalli is a captivating fragrance that opens with pepper, bergamot, creating a fresh and inviting first impression. The heart reveals vetiver, leather, adding depth and sophistication, while the base of tonka bean, amber leaves a smooth and long-lasting trail. An ideal scent for both everyday elegance and special occasions.",Formal / Special Occasions
633,ROBERTO CAVALLI,PARADISO,"Bergamot, Mandarin, Citrus","Jasmine, Floral Notes","Cypress, Pine, Laurels","Paradiso by Roberto Cavalli is a captivating fragrance that opens with bergamot, mandarin, creating a fresh and inviting first impression. The heart reveals jasmine, floral notes, adding depth and sophistication, while the base of cypress, pine leaves a smooth and long-lasting trail. An ideal scent for both everyday elegance and special occasions.",Office / Daily
634,ROJA,ELYSIUM,"Grapefruit, Lemon, Bergamot","Vetiver, Juniper, Blackcurrant","Ambergris, Leather, Musk","Elysium by Roja is a captivating fragrance that opens with grapefruit, lemon, creating a fresh and inviting first impression. The heart reveals vetiver, juniper, adding depth and sophistication, while the base of ambergris, leather leaves a smooth and long-lasting trail. An ideal scent for both everyday elegance and special occasions.",Date Night / Evening
635,ROJA,AMBER AOUD,"Bergamot, Lemon","Rose, Fig, Jasmine","Oud, Ambergris, Musk","Amber Aoud by Roja is a captivating fragrance that opens with bergamot, lemon, creating a fresh and inviting first impression. The heart reveals rose, fig, adding depth and sophistication, while the base of oud, ambergris leaves a smooth and long-lasting trail. An ideal scent for both everyday elegance and special occasions.",Date Night / Evening
636,ROJA,ENIGMA,"Bergamot, Peach, Neroli","Tobacco, Jasmine, Ginger","Vanilla, Cognac, Amber","Enigma by Roja is a captivating fragrance that opens with bergamot, peach, creating a fresh and inviting first impression. The heart reveals tobacco, jasmine, adding depth and sophistication, while the base of vanilla, cognac leaves a smooth and long-lasting trail. An ideal scent for both everyday elegance and special occasions.",Date Night / Evening
637,ROJA,DOVE HAUTE LUXE,"Citrus, Bergamot","Floral Notes, Rose, Jasmine","Ambergris, Oud, Musk","Dove Haute Luxe by Roja is a captivating fragrance that opens with citrus, bergamot, creating a fresh and inviting first impression. The heart reveals floral notes, rose, adding depth and sophistication, while the base of ambergris, oud leaves a smooth and long-lasting trail. An ideal scent for both everyday elegance and special occasions.",Formal / Special Occasions
638,ROJA,FRUITY AOUD,"Fruity Notes, Citrus","Rose, Spices","Oud, Amber, Musk","Fruity Aoud by Roja is a captivating fragrance that opens with fruity notes, citrus, creating a fresh and inviting first impression. The heart reveals rose, spices, adding depth and sophistication, while the base of oud, amber leaves a smooth and long-lasting trail. An ideal scent for both everyday elegance and special occasions.",Date Night / Evening
639,ROJA,MUSK OUD -,"Bergamot, Lemon","Rose, Jasmine, Spices","Oud, Musk, Amber","Musk Oud - by Roja is a captivating fragrance that opens with bergamot, lemon, creating a fresh and inviting first impression. The heart reveals rose, jasmine, adding depth and sophistication, while the base of oud, musk leaves a smooth and long-lasting trail. An ideal scent for both everyday elegance and special occasions.",Date Night / Evening
640,ROJA,OLIGARCH,"Citrus, Bergamot, Lime","Jasmine, Blackcurrant, Apple","Leather, Ambergris, Patchouli","Oligarch by Roja is a captivating fragrance that opens with citrus, bergamot, creating a fresh and inviting first impression. The heart reveals jasmine, blackcurrant, adding depth and sophistication, while the base of leather, ambergris leaves a smooth and long-lasting trail. An ideal scent for both everyday elegance and special occasions.",Formal / Special Occasions
641,ROJA,ENSLAVED,"Bergamot, Lemon","Jasmine, Rose","Leather, Amber, Musk","Enslaved by Roja is a captivating fragrance that opens with bergamot, lemon, creating a fresh and inviting first impression. The heart reveals jasmine, rose, adding depth and sophistication, while the base of leather, amber leaves a smooth and long-lasting trail. An ideal scent for both everyday elegance and special occasions.",Date Night / Evening
642,ROJA,UNSPOKEN,"Citrus, Bergamot","Floral Notes, Jasmine","Woody Notes, Musk, Amber","Unspoken by Roja is a captivating fragrance that opens with citrus, bergamot, creating a fresh and inviting first impression. The heart reveals floral notes, jasmine, adding depth and sophistication, while the base of woody notes, musk leaves a smooth and long-lasting trail. An ideal scent for both everyday elegance and special occasions.",Office / Daily
643,ROJA,LOST IN PARIS,"Citrus, Fruity Notes","Rose, Jasmine","Vanilla, Musk, Woods","Lost In Paris by Roja is a captivating fragrance that opens with citrus, fruity notes, creating a fresh and inviting first impression. The heart reveals rose, jasmine, adding depth and sophistication, while the base of vanilla, musk leaves a smooth and long-lasting trail. An ideal scent for both everyday elegance and special occasions.",Office / Daily
644,SOL DE JANEIRO,CHEIROSA 40,"Plum, Black Amber, Cassis","Jasmine, Orchid","Vanilla, Musk, Amber","Cheirosa 40 by Sol De Janeiro is a captivating fragrance that opens with plum, black amber, creating a fresh and inviting first impression. The heart reveals jasmine, orchid, adding depth and sophistication, while the base of vanilla, musk leaves a smooth and long-lasting trail. An ideal scent for both everyday elegance and special occasions.",Date Night / Evening
645,SOL DE JANEIRO,CHEIROSA 71,"Caramel, Macadamia, Sea Salt","White Chocolate, Coconut","Vanilla, Tonka Bean, Sugar","Cheirosa 71 by Sol De Janeiro is a captivating fragrance that opens with caramel, macadamia, creating a fresh and inviting first impression. The heart reveals white chocolate, coconut, adding depth and sophistication, while the base of vanilla, tonka bean leaves a smooth and long-lasting trail. An ideal scent for both everyday elegance and special occasions.",Date Night / Evening
646,SOL DE JANEIRO,CHEIROSA 59,"Vanilla Orchid, Sugar, Violet","Sandalwood, Jasmine","Amber, Musk, Vanilla","Cheirosa 59 by Sol De Janeiro is a captivating fragrance that opens with vanilla orchid, sugar, creating a fresh and inviting first impression. The heart reveals sandalwood, jasmine, adding depth and sophistication, while the base of amber, musk leaves a smooth and long-lasting trail. An ideal scent for both everyday elegance and special occasions.",Office / Daily
647,SOL DE JANEIRO,CHEIROSA 68,"Pitaya, Lychee, Mango","Hibiscus, Jasmine","Musk, Vanilla, Woods","Cheirosa 68 by Sol De Janeiro is a captivating fragrance that opens with pitaya, lychee, creating a fresh and inviting first impression. The heart reveals hibiscus, jasmine, adding depth and sophistication, while the base of musk, vanilla leaves a smooth and long-lasting trail. An ideal scent for both everyday elegance and special occasions.",Office / Daily
648,SOL DE JANEIRO,CHEIROSA 62,"Pistachio, Almond","Heliotrope, Jasmine","Caramel, Vanilla, Salt","Cheirosa 62 by Sol De Janeiro is a captivating fragrance that opens with pistachio, almond, creating a fresh and inviting first impression. The heart reveals heliotrope, jasmine, adding depth and sophistication, while the base of caramel, vanilla leaves a smooth and long-lasting trail. An ideal scent for both everyday elegance and special occasions.",Formal / Special Occasions
649,SOL DE JANEIRO,CARIOCA CRUSH,"Citrus, Mango, Pineapple","Coconut, Floral Notes","Musk, Vanilla, Woods","Carioca Crush by Sol De Janeiro is a captivating fragrance that opens with citrus, mango, creating a fresh and inviting first impression. The heart reveals coconut, floral notes, adding depth and sophistication, while the base of musk, vanilla leaves a smooth and long-lasting trail. An ideal scent for both everyday elegance and special occasions.",Office / Daily
650,SORA DORA,JANY,"Apple, Cinnamon, Bergamot","Caramel, Pastry Notes","Vanilla, Musk, Woods","Jany by Sora Dora is a captivating fragrance that opens with apple, cinnamon, creating a fresh and inviting first impression. The heart reveals caramel, pastry notes, adding depth and sophistication, while the base of vanilla, musk leaves a smooth and long-lasting trail. An ideal scent for both everyday elegance and special occasions.",Formal / Special Occasions
651,SOSPIRO,VIBRATO,"Grapefruit, Bergamot, Ginger","Jasmine, Herbal Notes","Musk, Cedarwood, Amber","Vibrato by Sospiro is a captivating fragrance that opens with grapefruit, bergamot, creating a fresh and inviting first impression. The heart reveals jasmine, herbal notes, adding depth and sophistication, while the base of musk, cedarwood leaves a smooth and long-lasting trail. An ideal scent for both everyday elegance and special occasions.",Office / Daily
652,SOSPIRO,MUSE,"Plum, White Flowers, Citrus","Jasmine, Leather","Amber, Musk, Vanilla","Muse by Sospiro is a captivating fragrance that opens with plum, white flowers, creating a fresh and inviting first impression. The heart reveals jasmine, leather, adding depth and sophistication, while the base of amber, musk leaves a smooth and long-lasting trail. An ideal scent for both everyday elegance and special occasions.",Formal / Special Occasions
653,SOSPIRO,ERBA PURA,"Orange, Lemon, Bergamot",Fruity Notes,"White Musk, Amber, Vanilla","Erba Pura by Sospiro is a captivating fragrance that opens with orange, lemon, creating a fresh and inviting first impression. The heart reveals fruity notes, adding depth and sophistication, while the base of white musk, amber leaves a smooth and long-lasting trail. An ideal scent for both everyday elegance and special occasions.",Office / Daily
654,SPIRIT OF DUBAI,DUSRA -,"Citrus, Saffron, Spices","Rose, Oud, Amber","Musk, Leather, Woody Notes","Dusra - by Spirit Of Dubai is a captivating fragrance that opens with citrus, saffron, creating a fresh and inviting first impression. The heart reveals rose, oud, adding depth and sophistication, while the base of musk, leather leaves a smooth and long-lasting trail. An ideal scent for both everyday elegance and special occasions.",Date Night / Evening
655,SPIRIT OF DUBAI,MEYDAN -,"Bergamot, Lemon, Spices","Floral Notes, Oud","Amber, Musk, Woods","Meydan - by Spirit Of Dubai is a captivating fragrance that opens with bergamot, lemon, creating a fresh and inviting first impression. The heart reveals floral notes, oud, adding depth and sophistication, while the base of amber, musk leaves a smooth and long-lasting trail. An ideal scent for both everyday elegance and special occasions.",Date Night / Evening
656,SPIRIT OF DUBAI,AJBAR -,"Citrus, Fruity Notes, Saffron","Rose, Jasmine, Oud","Amber, Musk, Leather","Ajbar - by Spirit Of Dubai is a captivating fragrance that opens with citrus, fruity notes, creating a fresh and inviting first impression. The heart reveals rose, jasmine, adding depth and sophistication, while the base of amber, musk leaves a smooth and long-lasting trail. An ideal scent for both everyday elegance and special occasions.",Date Night / Evening
657,STEPHANE HUMBERT LUCAS 777,MANGO KISS SOLEIL DE JEDDAH,"Mango, Citrus, Blackcurrant","Jasmine, Ylang-Ylang","Vanilla, Musk, Amber","Mango Kiss Soleil De Jeddah by Stephane Humbert Lucas 777 is a captivating fragrance that opens with mango, citrus, creating a fresh and inviting first impression. The heart reveals jasmine, ylang-ylang, adding depth and sophistication, while the base of vanilla, musk leaves a smooth and long-lasting trail. An ideal scent for both everyday elegance and special occasions.",Date Night / Evening
658,STEPHANE HUMBERT LUCAS 777,PINK BOA,"Blackcurrant, Bergamot, Rosemary","Raspberry, Vodka Accord","Amber, Musk, Woods","Pink Boa by Stephane Humbert Lucas 777 is a captivating fragrance that opens with blackcurrant, bergamot, creating a fresh and inviting first impression. The heart reveals raspberry, vodka accord, adding depth and sophistication, while the base of amber, musk leaves a smooth and long-lasting trail. An ideal scent for both everyday elegance and special occasions.",Office / Daily
659,SURRATI,MUKHALLAT FARIS,"Citrus, Saffron","Rose, Oud","Amber, Musk, Woods","Mukhallat Faris by Surrati is a captivating fragrance that opens with citrus, saffron, creating a fresh and inviting first impression. The heart reveals rose, oud, adding depth and sophistication, while the base of amber, musk leaves a smooth and long-lasting trail. An ideal scent for both everyday elegance and special occasions.",Office / Daily
660,SWISS ARABIAN,SOUL OF BALI,"Tropical Fruits, Coconut, Citrus","White Flowers, Marine Notes","Musk, Vanilla, Sandalwood","Soul Of Bali by Swiss Arabian is a captivating fragrance that opens with tropical fruits, coconut, creating a fresh and inviting first impression. The heart reveals white flowers, marine notes, adding depth and sophistication, while the base of musk, vanilla leaves a smooth and long-lasting trail. An ideal scent for both everyday elegance and special occasions.",Office / Daily
661,THAMEEM,CARVED OUD,"Saffron, Spices, Citrus","Rose, Oud","Amber, Musk, Woods","Carved Oud by Thameem is a captivating fragrance that opens with saffron, spices, creating a fresh and inviting first impression. The heart reveals rose, oud, adding depth and sophistication, while the base of amber, musk leaves a smooth and long-lasting trail. An ideal scent for both everyday elegance and special occasions.",Date Night / Evening
662,THOMAS KHOSALA,APRES L'AMOUR NO. 4,"Citrus, Orange Blossom",Aromatic Notes,"Amber, Musk, Woods","Apres L'Amour No. 4 by Thomas Khosala is a captivating fragrance that opens with citrus, orange blossom, creating a fresh and inviting first impression. The heart reveals aromatic notes, adding depth and sophistication, while the base of amber, musk leaves a smooth and long-lasting trail. An ideal scent for both everyday elegance and special occasions.",Office / Daily
663,TIZIANA TERENZI,NERO OUDH,"Saffron, Bergamot, Spices","Rose, Oud, Jasmine","Amber, Musk, Sandalwood","Nero Oudh by Tiziana Terenzi is a captivating fragrance that opens with saffron, bergamot, creating a fresh and inviting first impression. The heart reveals rose, oud, adding depth and sophistication, while the base of amber, musk leaves a smooth and long-lasting trail. An ideal scent for both everyday elegance and special occasions.",Date Night / Evening
664,TOM FORD,ROSE EXPOSED,"Rose, Pink Pepper","Floral Notes, Jasmine","Patchouli, Musk, Amber","Rose Exposed by Tom Ford is a captivating fragrance that opens with rose, pink pepper, creating a fresh and inviting first impression. The heart reveals floral notes, jasmine, adding depth and sophistication, while the base of patchouli, musk leaves a smooth and long-lasting trail. An ideal scent for both everyday elegance and special occasions.",Office / Daily
665,TOM FORD,BLACK ORCHID RESERVE,"Truffle, Blackcurrant, Citrus","Orchid, Spices, Floral Notes","Patchouli, Vanilla, Incense","Black Orchid Reserve by Tom Ford is a captivating fragrance that opens with truffle, blackcurrant, creating a fresh and inviting first impression. The heart reveals orchid, spices, adding depth and sophistication, while the base of patchouli, vanilla leaves a smooth and long-lasting trail. An ideal scent for both everyday elegance and special occasions.",Date Night / Evening
666,TOM FORD,BLACK ORCHID,"Truffle, Ylang-Ylang, Bergamot","Orchid, Spices, Fruity Notes","Patchouli, Vanilla, Incense","Black Orchid by Tom Ford is a captivating fragrance that opens with truffle, ylang-ylang, creating a fresh and inviting first impression. The heart reveals orchid, spices, adding depth and sophistication, while the base of patchouli, vanilla leaves a smooth and long-lasting trail. An ideal scent for both everyday elegance and special occasions.",Date Night / Evening
667,TOM FORD,FKING FABULOUS,"Lavender, Clary Sage","Leather, Bitter Almond","Tonka Bean, Cashmeran, Amber","Fking Fabulous by Tom Ford is a captivating fragrance that opens with lavender, clary sage, creating a fresh and inviting first impression. The heart reveals leather, bitter almond, adding depth and sophistication, while the base of tonka bean, cashmeran leaves a smooth and long-lasting trail. An ideal scent for both everyday elegance and special occasions.",Office / Daily
668,TOM FORD,GREY VETIVER,"Grapefruit, Orange Blossom","Nutmeg, Orris","Vetiver, Amber, Woods","Grey Vetiver by Tom Ford is a captivating fragrance that opens with grapefruit, orange blossom, creating a fresh and inviting first impression. The heart reveals nutmeg, orris, adding depth and sophistication, while the base of vetiver, amber leaves a smooth and long-lasting trail. An ideal scent for both everyday elegance and special occasions.",Office / Daily
669,TOM FORD,ITALIAN CYPRESS,"Cypress, Mint, Basil","Woody Notes, Spices","Amber, Musk, Woods","Italian Cypress by Tom Ford is a captivating fragrance that opens with cypress, mint, creating a fresh and inviting first impression. The heart reveals woody notes, spices, adding depth and sophistication, while the base of amber, musk leaves a smooth and long-lasting trail. An ideal scent for both everyday elegance and special occasions.",Office / Daily
670,TOM FORD,LOST CHERRY,"Cherry, Almond, Liquor","Rose, Jasmine","Tonka Bean, Vanilla, Sandalwood","Lost Cherry by Tom Ford is a captivating fragrance that opens with cherry, almond, creating a fresh and inviting first impression. The heart reveals rose, jasmine, adding depth and sophistication, while the base of tonka bean, vanilla leaves a smooth and long-lasting trail. An ideal scent for both everyday elegance and special occasions.",Office / Daily
671,TOM FORD,NEROLI PORTOFINO,"Neroli, Bergamot, Lemon","Orange Blossom, Jasmine","Amber, Musk, Angelica","Neroli Portofino by Tom Ford is a captivating fragrance that opens with neroli, bergamot, creating a fresh and inviting first impression. The heart reveals orange blossom, jasmine, adding depth and sophistication, while the base of amber, musk leaves a smooth and long-lasting trail. An ideal scent for both everyday elegance and special occasions.",Office / Daily
672,TOM FORD,ANTHRACITE,"Bergamot, Ginger, Spices","Floral Notes, Cedarwood","Amber, Patchouli, Sandalwood","Anthracite by Tom Ford is a captivating fragrance that opens with bergamot, ginger, creating a fresh and inviting first impression. The heart reveals floral notes, cedarwood, adding depth and sophistication, while the base of amber, patchouli leaves a smooth and long-lasting trail. An ideal scent for both everyday elegance and special occasions.",Formal / Special Occasions
673,TOM FORD,NOIR MEN,"Bergamot, Verbena, Caraway","Violet, Pepper, Tuscan Iris","Vanilla, Amber, Leather","Noir Men by Tom Ford is a captivating fragrance that opens with bergamot, verbena, creating a fresh and inviting first impression. The heart reveals violet, pepper, adding depth and sophistication, while the base of vanilla, amber leaves a smooth and long-lasting trail. An ideal scent for both everyday elegance and special occasions.",Date Night / Evening
674,TOM FORD,NOIR WOMEN,"Bitter Orange, Ginger","Rose, Jasmine, Orange Blossom","Vanilla, Amber, Sandalwood","Noir Women by Tom Ford is a captivating fragrance that opens with bitter orange, ginger, creating a fresh and inviting first impression. The heart reveals rose, jasmine, adding depth and sophistication, while the base of vanilla, amber leaves a smooth and long-lasting trail. An ideal scent for both everyday elegance and special occasions.",Date Night / Evening
675,TOM FORD,NOIR DE NOIR,"Saffron, Rose","Truffle, Floral Notes","Patchouli, Oud, Vanilla","Noir De Noir by Tom Ford is a captivating fragrance that opens with saffron, rose, creating a fresh and inviting first impression. The heart reveals truffle, floral notes, adding depth and sophistication, while the base of patchouli, oud leaves a smooth and long-lasting trail. An ideal scent for both everyday elegance and special occasions.",Date Night / Evening
676,TOM FORD,ORCHID SOLEIL,"Bitter Orange, Pink Pepper, Cypress","Tuberose, Red Spider Lily","Vanilla, Patchouli, Chestnut Cream","Orchid Soleil by Tom Ford is a captivating fragrance that opens with bitter orange, pink pepper, creating a fresh and inviting first impression. The heart reveals tuberose, red spider lily, adding depth and sophistication, while the base of vanilla, patchouli leaves a smooth and long-lasting trail. An ideal scent for both everyday elegance and special occasions.",Formal / Special Occasions
677,TOM FORD,JASMINE ROUGE,"Cinnamon, Ginger, Bergamot","Jasmine, Ylang-Ylang, Neroli","Amber, Vanilla, Woody Notes","Jasmine Rouge by Tom Ford is a captivating fragrance that opens with cinnamon, ginger, creating a fresh and inviting first impression. The heart reveals jasmine, ylang-ylang, adding depth and sophistication, while the base of amber, vanilla leaves a smooth and long-lasting trail. An ideal scent for both everyday elegance and special occasions.",Office / Daily
678,TOM FORD,NOIR EXTREME,"Cardamom, Nutmeg, Saffron","Kulfi Accord, Rose, Jasmine","Vanilla, Amber, Sandalwood","Noir Extreme by Tom Ford is a captivating fragrance that opens with cardamom, nutmeg, creating a fresh and inviting first impression. The heart reveals kulfi accord, rose, adding depth and sophistication, while the base of vanilla, amber leaves a smooth and long-lasting trail. An ideal scent for both everyday elegance and special occasions.",Date Night / Evening
679,TOM FORD,OMBRE LEATHER,Cardamom,"Leather, Jasmine Sambac","Amber, Moss, Patchouli","Ombre Leather by Tom Ford is a captivating fragrance that opens with cardamom, creating a fresh and inviting first impression. The heart reveals leather, jasmine sambac, adding depth and sophistication, while the base of amber, moss leaves a smooth and long-lasting trail. An ideal scent for both everyday elegance and special occasions.",Office / Daily
680,TOM FORD,SANTAL BLUSH,"Spices, Carrot Seeds, Fenugreek","Ylang-Ylang, Jasmine","Sandalwood, Benzoin, Musk","Santal Blush by Tom Ford is a captivating fragrance that opens with spices, carrot seeds, creating a fresh and inviting first impression. The heart reveals ylang-ylang, jasmine, adding depth and sophistication, while the base of sandalwood, benzoin leaves a smooth and long-lasting trail. An ideal scent for both everyday elegance and special occasions.",Office / Daily
681,TOM FORD,OUDH MINERAL,"Sea Notes, Pink Pepper","Oud, Marine Notes","Ambergris, Musk, Woods","Oudh Mineral by Tom Ford is a captivating fragrance that opens with sea notes, pink pepper, creating a fresh and inviting first impression. The heart reveals oud, marine notes, adding depth and sophistication, while the base of ambergris, musk leaves a smooth and long-lasting trail. An ideal scent for both everyday elegance and special occasions.",Date Night / Evening
682,TOM FORD,OUDH WOOD,"Rosewood, Cardamom, Pepper","Oud, Sandalwood, Vetiver","Tonka Bean, Vanilla, Amber","Oudh Wood by Tom Ford is a captivating fragrance that opens with rosewood, cardamom, creating a fresh and inviting first impression. The heart reveals oud, sandalwood, adding depth and sophistication, while the base of tonka bean, vanilla leaves a smooth and long-lasting trail. An ideal scent for both everyday elegance and special occasions.",Date Night / Evening
683,TOM FORD,TOBACCO OUDH,"Whiskey, Spices","Tobacco, Oud","Amber, Sandalwood, Patchouli","Tobacco Oudh by Tom Ford is a captivating fragrance that opens with whiskey, spices, creating a fresh and inviting first impression. The heart reveals tobacco, oud, adding depth and sophistication, while the base of amber, sandalwood leaves a smooth and long-lasting trail. An ideal scent for both everyday elegance and special occasions.",Date Night / Evening
684,TOM FORD,TOBACCO VANILLA,"Tobacco Leaf, Spices","Vanilla, Tonka Bean, Cocoa","Dried Fruits, Woody Notes","Tobacco Vanilla by Tom Ford is a captivating fragrance that opens with tobacco leaf, spices, creating a fresh and inviting first impression. The heart reveals vanilla, tonka bean, adding depth and sophistication, while the base of dried fruits, woody notes leaves a smooth and long-lasting trail. An ideal scent for both everyday elegance and special occasions.",Date Night / Evening
685,TOM FORD,TUSCAN LEATHER,"Raspberry, Saffron, Thyme","Leather, Jasmine","Amber, Suede, Woody Notes","Tuscan Leather by Tom Ford is a captivating fragrance that opens with raspberry, saffron, creating a fresh and inviting first impression. The heart reveals leather, jasmine, adding depth and sophistication, while the base of amber, suede leaves a smooth and long-lasting trail. An ideal scent for both everyday elegance and special occasions.",Date Night / Evening
686,TOM FORD,VELVET ORCHID,"Honey, Rum, Mandarin","Orchid, Jasmine, Rose","Vanilla, Myrrh, Sandalwood","Velvet Orchid by Tom Ford is a captivating fragrance that opens with honey, rum, creating a fresh and inviting first impression. The heart reveals orchid, jasmine, adding depth and sophistication, while the base of vanilla, myrrh leaves a smooth and long-lasting trail. An ideal scent for both everyday elegance and special occasions.",Formal / Special Occasions
687,TOM FORD,WHITE PATCHOULI,"Bergamot, Peony, Coriander","Rose, Jasmine, Ambrette","Patchouli, Incense, Woods","White Patchouli by Tom Ford is a captivating fragrance that opens with bergamot, peony, creating a fresh and inviting first impression. The heart reveals rose, jasmine, adding depth and sophistication, while the base of patchouli, incense leaves a smooth and long-lasting trail. An ideal scent for both everyday elegance and special occasions.",Office / Daily
688,TOM FORD,AMBER ABSOLU,"Incense, Olibanum","Amber, Labdanum","Vanilla, Woody Notes, Musk","Amber Absolu by Tom Ford is a captivating fragrance that opens with incense, olibanum, creating a fresh and inviting first impression. The heart reveals amber, labdanum, adding depth and sophistication, while the base of vanilla, woody notes leaves a smooth and long-lasting trail. An ideal scent for both everyday elegance and special occasions.",Date Night / Evening
689,TOM FORD,METALLIC,"Aldehydes, Bergamot","Heliotrope, Hawthorn","Vanilla, Ambrette, Sandalwood","Metallic by Tom Ford is a captivating fragrance that opens with aldehydes, bergamot, creating a fresh and inviting first impression. The heart reveals heliotrope, hawthorn, adding depth and sophistication, while the base of vanilla, ambrette leaves a smooth and long-lasting trail. An ideal scent for both everyday elegance and special occasions.",Office / Daily
690,TOM FORD,BITTER PEACH,"Peach, Blood Orange, Cardamom","Rum, Cognac, Jasmine","Vanilla, Tonka Bean, Sandalwood","Bitter Peach by Tom Ford is a captivating fragrance that opens with peach, blood orange, creating a fresh and inviting first impression. The heart reveals rum, cognac, adding depth and sophistication, while the base of vanilla, tonka bean leaves a smooth and long-lasting trail. An ideal scent for both everyday elegance and special occasions.",Office / Daily
691,TOM FORD,SAHARA NOIR,"Labdanum, Bitter Orange, Cypress","Incense, Papyrus, Cinnamon","Amber, Olibanum, Woody Notes","Sahara Noir by Tom Ford is a captivating fragrance that opens with labdanum, bitter orange, creating a fresh and inviting first impression. The heart reveals incense, papyrus, adding depth and sophistication, while the base of amber, olibanum leaves a smooth and long-lasting trail. An ideal scent for both everyday elegance and special occasions.",Date Night / Evening
692,TOM FORD,SHANGHAI LILY,"Clove, Pepper, Bergamot","Lily, Rose, Jasmine","Incense, Vanilla, Vetiver","Shanghai Lily by Tom Ford is a captivating fragrance that opens with clove, pepper, creating a fresh and inviting first impression. The heart reveals lily, rose, adding depth and sophistication, while the base of incense, vanilla leaves a smooth and long-lasting trail. An ideal scent for both everyday elegance and special occasions.",Formal / Special Occasions
693,TOM FORD,CHERRY SMOKE,"Cherry, Saffron","Leather, Olive, Osmanthus","Smoke, Woody Notes, Cypriol","Cherry Smoke by Tom Ford is a captivating fragrance that opens with cherry, saffron, creating a fresh and inviting first impression. The heart reveals leather, olive, adding depth and sophistication, while the base of smoke, woody notes leaves a smooth and long-lasting trail. An ideal scent for both everyday elegance and special occasions.",Formal / Special Occasions
694,TOM FORD,OUD VOYAGER (H),"Citrus, Spices","Oud, Floral Notes","Amber, Musk, Woods","Oud Voyager (H) by Tom Ford is a captivating fragrance that opens with citrus, spices, creating a fresh and inviting first impression. The heart reveals oud, floral notes, adding depth and sophistication, while the base of amber, musk leaves a smooth and long-lasting trail. An ideal scent for both everyday elegance and special occasions.",Date Night / Evening
695,TOM FORD,OUD VOYAGER (L),"Citrus, Fresh Notes","Oud, Rose","Amber, Musk, Woods","Oud Voyager (L) by Tom Ford is a captivating fragrance that opens with citrus, fresh notes, creating a fresh and inviting first impression. The heart reveals oud, rose, adding depth and sophistication, while the base of amber, musk leaves a smooth and long-lasting trail. An ideal scent for both everyday elegance and special occasions.",Date Night / Evening
696,TOM FORD,OUD VOYAGER,"Citrus, Spices","Oud, Floral Notes","Amber, Musk, Woods","Oud Voyager by Tom Ford is a captivating fragrance that opens with citrus, spices, creating a fresh and inviting first impression. The heart reveals oud, floral notes, adding depth and sophistication, while the base of amber, musk leaves a smooth and long-lasting trail. An ideal scent for both everyday elegance and special occasions.",Date Night / Evening
697,TOMFORD,SOLIEL BLANC -,"Bergamot, Cardamom, Pistachio","Ylang-Ylang, Tuberose, Coconut","Tonka Bean, Amber, Benzoin","Soliel Blanc - by Tomford is a captivating fragrance that opens with bergamot, cardamom, creating a fresh and inviting first impression. The heart reveals ylang-ylang, tuberose, adding depth and sophistication, while the base of tonka bean, amber leaves a smooth and long-lasting trail. An ideal scent for both everyday elegance and special occasions.",Office / Daily
698,TOMFORD,ROSE D AMALFI-,"Pink Pepper, Bergamot","Rose, Heliotrope","Almond, Vanilla, Musk","Rose D Amalfi- by Tomford is a captivating fragrance that opens with pink pepper, bergamot, creating a fresh and inviting first impression. The heart reveals rose, heliotrope, adding depth and sophistication, while the base of almond, vanilla leaves a smooth and long-lasting trail. An ideal scent for both everyday elegance and special occasions.",Office / Daily
699,TOMFORD,MANDARINO DI AMALFI -,"Mandarin, Lemon, Mint","Orange Blossom, Jasmine","Musk, Amber, Vetiver","Mandarino Di Amalfi - by Tomford is a captivating fragrance that opens with mandarin, lemon, creating a fresh and inviting first impression. The heart reveals orange blossom, jasmine, adding depth and sophistication, while the base of musk, amber leaves a smooth and long-lasting trail. An ideal scent for both everyday elegance and special occasions.",Date Night / Evening
700,TOMFORD,BLACK VIOLET -,"Violet, Citrus","Floral Notes, Spices","Woody Notes, Amber, Musk","Black Violet - by Tomford is a captivating fragrance that opens with violet, citrus, creating a fresh and inviting first impression. The heart reveals floral notes, spices, adding depth and sophistication, while the base of woody notes, amber leaves a smooth and long-lasting trail. An ideal scent for both everyday elegance and special occasions.",Date Night / Evening
701,TOMFORD,ROSE PRICK,"Sichuan Pepper, Turmeric","Rose, May Rose, Turkish Rose","Patchouli, Tonka Bean","Rose Prick by Tomford is a captivating fragrance that opens with sichuan pepper, turmeric, creating a fresh and inviting first impression. The heart reveals rose, may rose, adding depth and sophistication, while the base of patchouli, tonka bean leaves a smooth and long-lasting trail. An ideal scent for both everyday elegance and special occasions.",Office / Daily
702,TOMFORD,VANILLA FATALE -,"Saffron, Coriander","Coffee, Plum, Barley","Vanilla, Mahogany, Tobacco","Vanilla Fatale - by Tomford is a captivating fragrance that opens with saffron, coriander, creating a fresh and inviting first impression. The heart reveals coffee, plum, adding depth and sophistication, while the base of vanilla, mahogany leaves a smooth and long-lasting trail. An ideal scent for both everyday elegance and special occasions.",Date Night / Evening
703,TOMFORD,BEAU DE JOUR,"Lavender, Mint","Rosemary, Oakmoss","Patchouli, Amber","Beau De Jour by Tomford is a captivating fragrance that opens with lavender, mint, creating a fresh and inviting first impression. The heart reveals rosemary, oakmoss, adding depth and sophistication, while the base of patchouli, amber leaves a smooth and long-lasting trail. An ideal scent for both everyday elegance and special occasions.",Office / Daily
704,TOMFORD,PLUM JAPONAIS,"Plum, Cinnamon, Saffron","Immortelle, Cypress","Amber, Vanilla, Oud","Plum Japonais by Tomford is a captivating fragrance that opens with plum, cinnamon, creating a fresh and inviting first impression. The heart reveals immortelle, cypress, adding depth and sophistication, while the base of amber, vanilla leaves a smooth and long-lasting trail. An ideal scent for both everyday elegance and special occasions.",Formal / Special Occasions
705,TOMFORD,WHITE SUEDE,"Thyme, Tea","Rose, Saffron","Suede, Musk, Amber","White Suede by Tomford is a captivating fragrance that opens with thyme, tea, creating a fresh and inviting first impression. The heart reveals rose, saffron, adding depth and sophistication, while the base of suede, musk leaves a smooth and long-lasting trail. An ideal scent for both everyday elegance and special occasions.",Formal / Special Occasions
706,TOMFORD,PATCHOLI ABSOLU,"Patchouli, Bay Leaf","Guaiac Wood, Moss","Amber, Leather","Patcholi Absolu by Tomford is a captivating fragrance that opens with patchouli, bay leaf, creating a fresh and inviting first impression. The heart reveals guaiac wood, moss, adding depth and sophistication, while the base of amber, leather leaves a smooth and long-lasting trail. An ideal scent for both everyday elegance and special occasions.",Date Night / Evening
707,TOMMY HILFIGER,TOMY GIRL,"Apple Blossom, Mandarin, Blackcurrant","Honeysuckle, Lily, Rose","Sandalwood, Cedarwood, Musk","Tomy Girl by Tommy Hilfiger is a captivating fragrance that opens with apple blossom, mandarin, creating a fresh and inviting first impression. The heart reveals honeysuckle, lily, adding depth and sophistication, while the base of sandalwood, cedarwood leaves a smooth and long-lasting trail. An ideal scent for both everyday elegance and special occasions.",Date Night / Evening
708,VALENTINO,VALENTINO OUDH ABSOLUTE,"Saffron, Cardamom","Oud, Rose","Amber, Leather, Vanilla","Valentino Oudh Absolute by Valentino is a captivating fragrance that opens with saffron, cardamom, creating a fresh and inviting first impression. The heart reveals oud, rose, adding depth and sophistication, while the base of amber, leather leaves a smooth and long-lasting trail. An ideal scent for both everyday elegance and special occasions.",Date Night / Evening
709,VALENTINO,UOMO,"Bergamot, Myrtle","Coffee, Hazelnut, Chocolate","Leather, Cedarwood","Uomo by Valentino is a captivating fragrance that opens with bergamot, myrtle, creating a fresh and inviting first impression. The heart reveals coffee, hazelnut, adding depth and sophistication, while the base of leather, cedarwood leaves a smooth and long-lasting trail. An ideal scent for both everyday elegance and special occasions.",Office / Daily
710,VALENTINO,UOMO BORN IN ROMA MEN,"Mineral Notes, Violet Leaf, Salt","Ginger, Sage","Vetiver, Woody Notes","Uomo Born In Roma Men by Valentino is a captivating fragrance that opens with mineral notes, violet leaf, creating a fresh and inviting first impression. The heart reveals ginger, sage, adding depth and sophistication, while the base of vetiver, woody notes leaves a smooth and long-lasting trail. An ideal scent for both everyday elegance and special occasions.",Date Night / Evening
711,VALENTINO,UOMO INTENSE,"Clary Sage, Mandarin","Iris, Tonka Bean","Vanilla, Leather","Uomo Intense by Valentino is a captivating fragrance that opens with clary sage, mandarin, creating a fresh and inviting first impression. The heart reveals iris, tonka bean, adding depth and sophistication, while the base of vanilla, leather leaves a smooth and long-lasting trail. An ideal scent for both everyday elegance and special occasions.",Date Night / Evening
712,VALENTINO,VALENTINO UOMO,"Bergamot, Myrtle","Coffee, Hazelnut, Chocolate","Leather, Cedarwood","Valentino Uomo by Valentino is a captivating fragrance that opens with bergamot, myrtle, creating a fresh and inviting first impression. The heart reveals coffee, hazelnut, adding depth and sophistication, while the base of leather, cedarwood leaves a smooth and long-lasting trail. An ideal scent for both everyday elegance and special occasions.",Formal / Special Occasions
713,VALENTINO,VALENTINO UOMO BORN IN ROMA,"Mineral Notes, Violet Leaf, Salt","Ginger, Sage","Vetiver, Woody Notes","Valentino Uomo Born In Roma by Valentino is a captivating fragrance that opens with mineral notes, violet leaf, creating a fresh and inviting first impression. The heart reveals ginger, sage, adding depth and sophistication, while the base of vetiver, woody notes leaves a smooth and long-lasting trail. An ideal scent for both everyday elegance and special occasions.",Date Night / Evening
714,VERSACE,EROS FLAME -,"Mandarin, Black Pepper, Lemon","Pepperwood, Geranium","Tonka Bean, Vanilla, Woods","Eros Flame - by Versace is a captivating fragrance that opens with mandarin, black pepper, creating a fresh and inviting first impression. The heart reveals pepperwood, geranium, adding depth and sophistication, while the base of tonka bean, vanilla leaves a smooth and long-lasting trail. An ideal scent for both everyday elegance and special occasions.",Office / Daily
715,VERSACE,BRIGHT CRYSTAL,"Yuzu, Pomegranate","Peony, Magnolia, Lotus","Musk, Amber, Mahogany","Bright Crystal by Versace is a captivating fragrance that opens with yuzu, pomegranate, creating a fresh and inviting first impression. The heart reveals peony, magnolia, adding depth and sophistication, while the base of musk, amber leaves a smooth and long-lasting trail. An ideal scent for both everyday elegance and special occasions.",Office / Daily
716,VERSACE,CRYSTAL NOIR,"Ginger, Cardamom, Pepper","Gardenia, Orange Blossom, Peony","Sandalwood, Musk, Amber","Crystal Noir by Versace is a captivating fragrance that opens with ginger, cardamom, creating a fresh and inviting first impression. The heart reveals gardenia, orange blossom, adding depth and sophistication, while the base of sandalwood, musk leaves a smooth and long-lasting trail. An ideal scent for both everyday elegance and special occasions.",Date Night / Evening
717,VERSACE,DYLAN BLUE MEN,"Bergamot, Grapefruit, Fig Leaf","Violet Leaf, Patchouli, Black Pepper","Musk, Tonka Bean, Incense","Dylan Blue Men by Versace is a captivating fragrance that opens with bergamot, grapefruit, creating a fresh and inviting first impression. The heart reveals violet leaf, patchouli, adding depth and sophistication, while the base of musk, tonka bean leaves a smooth and long-lasting trail. An ideal scent for both everyday elegance and special occasions.",Gym / Casual
718,VERSACE,DYLAN BLUE WOMEN,"Blackcurrant, Apple, Clover","Rose, Jasmine, Peach","Musk, Patchouli, Woods","Dylan Blue Women by Versace is a captivating fragrance that opens with blackcurrant, apple, creating a fresh and inviting first impression. The heart reveals rose, jasmine, adding depth and sophistication, while the base of musk, patchouli leaves a smooth and long-lasting trail. An ideal scent for both everyday elegance and special occasions.",Gym / Casual
719,VERSACE,EROS WOMEN,"Lemon, Pomegranate, Bergamot","Jasmine, Peony, Lemon Blossom","Musk, Ambroxan, Woods","Eros Women by Versace is a captivating fragrance that opens with lemon, pomegranate, creating a fresh and inviting first impression. The heart reveals jasmine, peony, adding depth and sophistication, while the base of musk, ambroxan leaves a smooth and long-lasting trail. An ideal scent for both everyday elegance and special occasions.",Date Night / Evening
720,VERSACE,EROS,"Mint, Green Apple, Lemon","Tonka Bean, Ambroxan, Geranium","Vanilla, Cedarwood, Vetiver","Eros by Versace is a captivating fragrance that opens with mint, green apple, creating a fresh and inviting first impression. The heart reveals tonka bean, ambroxan, adding depth and sophistication, while the base of vanilla, cedarwood leaves a smooth and long-lasting trail. An ideal scent for both everyday elegance and special occasions.",Office / Daily
721,VERSACE,EAU FRACHIE,"Lemon, Bergamot, Starfruit","Tarragon, Sage, Cedar","Musk, Amber, Woods","Eau Frachie by Versace is a captivating fragrance that opens with lemon, bergamot, creating a fresh and inviting first impression. The heart reveals tarragon, sage, adding depth and sophistication, while the base of musk, amber leaves a smooth and long-lasting trail. An ideal scent for both everyday elegance and special occasions.",Office / Daily
722,VERSACE,OUDH NOIR,"Bitter Orange, Neroli","Cardamom, Saffron, Resin","Oud, Patchouli, Leather","Oudh Noir by Versace is a captivating fragrance that opens with bitter orange, neroli, creating a fresh and inviting first impression. The heart reveals cardamom, saffron, adding depth and sophistication, while the base of oud, patchouli leaves a smooth and long-lasting trail. An ideal scent for both everyday elegance and special occasions.",Date Night / Evening
723,VERSACE,VANITAS,"Lime, Freesia","Tiare Flower, Osmanthus","Cedarwood, Tonka Bean","Vanitas by Versace is a captivating fragrance that opens with lime, freesia, creating a fresh and inviting first impression. The heart reveals tiare flower, osmanthus, adding depth and sophistication, while the base of cedarwood, tonka bean leaves a smooth and long-lasting trail. An ideal scent for both everyday elegance and special occasions.",Office / Daily
724,VICTOR & ROLF,FLOWERBOMB,"Tea, Bergamot, Osmanthus","Jasmine, Orange Blossom, Orchid","Patchouli, Musk, Vanilla","Flowerbomb by Victor & Rolf is a captivating fragrance that opens with tea, bergamot, creating a fresh and inviting first impression. The heart reveals jasmine, orange blossom, adding depth and sophistication, while the base of patchouli, musk leaves a smooth and long-lasting trail. An ideal scent for both everyday elegance and special occasions.",Date Night / Evening
725,VICTOR & ROLF,SPICEBOMB,"Pink Pepper, Bergamot, Grapefruit","Cinnamon, Saffron, Paprika","Tobacco, Leather, Vetiver","Spicebomb by Victor & Rolf is a captivating fragrance that opens with pink pepper, bergamot, creating a fresh and inviting first impression. The heart reveals cinnamon, saffron, adding depth and sophistication, while the base of tobacco, leather leaves a smooth and long-lasting trail. An ideal scent for both everyday elegance and special occasions.",Gym / Casual
726,VICTOR & ROLF,SPICEBOMB EXTREME,"Lavender, Black Pepper","Cumin, Cinnamon","Tobacco, Vanilla","Spicebomb Extreme by Victor & Rolf is a captivating fragrance that opens with lavender, black pepper, creating a fresh and inviting first impression. The heart reveals cumin, cinnamon, adding depth and sophistication, while the base of tobacco, vanilla leaves a smooth and long-lasting trail. An ideal scent for both everyday elegance and special occasions.",Gym / Casual
727,VICTORIA'S SECRET,AMBER ROMANCE,"Cherry, Cream","Custard, Sugar","Vanilla, Sandalwood","Amber Romance by Victoria'S Secret is a captivating fragrance that opens with cherry, cream, creating a fresh and inviting first impression. The heart reveals custard, sugar, adding depth and sophistication, while the base of vanilla, sandalwood leaves a smooth and long-lasting trail. An ideal scent for both everyday elegance and special occasions.",Office / Daily
728,VICTORIA'S SECRET,BOMBSHELL,"Passionfruit, Grapefruit, Pineapple","Peony, Jasmine, Vanilla Orchid","Musk, Woods","Bombshell by Victoria'S Secret is a captivating fragrance that opens with passionfruit, grapefruit, creating a fresh and inviting first impression. The heart reveals peony, jasmine, adding depth and sophistication, while the base of musk, woods leaves a smooth and long-lasting trail. An ideal scent for both everyday elegance and special occasions.",Office / Daily
729,VICTORIA'S SECRET,BOMBSHELL BEACH,"Citrus, Pineapple","Coconut, Floral Notes","Musk, Woods","Bombshell Beach by Victoria'S Secret is a captivating fragrance that opens with citrus, pineapple, creating a fresh and inviting first impression. The heart reveals coconut, floral notes, adding depth and sophistication, while the base of musk, woods leaves a smooth and long-lasting trail. An ideal scent for both everyday elegance and special occasions.",Office / Daily
730,VICTORIA'S SECRET,PEAR GLACE,"Pear, Melon",Floral Notes,"Musk, Woods","Pear Glace by Victoria'S Secret is a captivating fragrance that opens with pear, melon, creating a fresh and inviting first impression. The heart reveals floral notes, adding depth and sophistication, while the base of musk, woods leaves a smooth and long-lasting trail. An ideal scent for both everyday elegance and special occasions.",Office / Daily
731,VICTORIA'S SECRET,LOVE SPELL,"Peach, Cherry Blossom","Jasmine, Lilac","Musk, White Woods","Love Spell by Victoria'S Secret is a captivating fragrance that opens with peach, cherry blossom, creating a fresh and inviting first impression. The heart reveals jasmine, lilac, adding depth and sophistication, while the base of musk, white woods leaves a smooth and long-lasting trail. An ideal scent for both everyday elegance and special occasions.",Office / Daily
732,VICTORIA'S SECRET,BOMBSHELL OUD,"Saffron, Citrus","Peony, Oud","Amber, Musk","Bombshell Oud by Victoria'S Secret is a captivating fragrance that opens with saffron, citrus, creating a fresh and inviting first impression. The heart reveals peony, oud, adding depth and sophistication, while the base of amber, musk leaves a smooth and long-lasting trail. An ideal scent for both everyday elegance and special occasions.",Date Night / Evening
733,VICTORIA'S SECRET,BOMBSHELL WILD FLOWER,"Citrus, Fresh Notes","Floral Notes, Rose","Musk, Woods","Bombshell Wild Flower by Victoria'S Secret is a captivating fragrance that opens with citrus, fresh notes, creating a fresh and inviting first impression. The heart reveals floral notes, rose, adding depth and sophistication, while the base of musk, woods leaves a smooth and long-lasting trail. An ideal scent for both everyday elegance and special occasions.",Formal / Special Occasions
734,VICTORIA'S SECRET,PURE SEDUCTION,"Plum, Red Apple","Jasmine, Freesia","Musk, Amber","Pure Seduction by Victoria'S Secret is a captivating fragrance that opens with plum, red apple, creating a fresh and inviting first impression. The heart reveals jasmine, freesia, adding depth and sophistication, while the base of musk, amber leaves a smooth and long-lasting trail. An ideal scent for both everyday elegance and special occasions.",Formal / Special Occasions
735,VICTORIA'S SECRET,SHEER LOVE,"White Cotton, Lily","Aloe Vera, Floral Notes","Musk, Woods","Sheer Love by Victoria'S Secret is a captivating fragrance that opens with white cotton, lily, creating a fresh and inviting first impression. The heart reveals aloe vera, floral notes, adding depth and sophistication, while the base of musk, woods leaves a smooth and long-lasting trail. An ideal scent for both everyday elegance and special occasions.",Office / Daily
736,VILHELM PARFUMERIE,DEAR POLLY,"Bergamot, Apple","Black Tea, Ceylon Tea","Musk, Amber","Dear Polly by Vilhelm Parfumerie is a captivating fragrance that opens with bergamot, apple, creating a fresh and inviting first impression. The heart reveals black tea, ceylon tea, adding depth and sophistication, while the base of musk, amber leaves a smooth and long-lasting trail. An ideal scent for both everyday elegance and special occasions.",Office / Daily
737,VILHELM PARFUMERIE,MANGO SKIN,"Mango, Orange, Violet","Ylang-Ylang, Frangipani","Musk, Patchouli, Woods","Mango Skin by Vilhelm Parfumerie is a captivating fragrance that opens with mango, orange, creating a fresh and inviting first impression. The heart reveals ylang-ylang, frangipani, adding depth and sophistication, while the base of musk, patchouli leaves a smooth and long-lasting trail. An ideal scent for both everyday elegance and special occasions.",Office / Daily
738,VILHELM PARFUMERIE,FACES OF FRANCIS,"Saffron, Bergamot","Leather, Violet","Amber, Musk, Woods","Faces Of Francis by Vilhelm Parfumerie is a captivating fragrance that opens with saffron, bergamot, creating a fresh and inviting first impression. The heart reveals leather, violet, adding depth and sophistication, while the base of amber, musk leaves a smooth and long-lasting trail. An ideal scent for both everyday elegance and special occasions.",Office / Daily
739,XERJOFF,ITALICA,"Almond, Milk, Saffron","Toffee, Vanilla","Sandalwood, Musk","Italica by Xerjoff is a captivating fragrance that opens with almond, milk, creating a fresh and inviting first impression. The heart reveals toffee, vanilla, adding depth and sophistication, while the base of sandalwood, musk leaves a smooth and long-lasting trail. An ideal scent for both everyday elegance and special occasions.",Date Night / Evening
740,XERJOFF,LA TOSCA CASAMORATI,"Lemon, Mandarin","Rose, Eucalyptus","Musk, Vanilla","La Tosca Casamorati by Xerjoff is a captivating fragrance that opens with lemon, mandarin, creating a fresh and inviting first impression. The heart reveals rose, eucalyptus, adding depth and sophistication, while the base of musk, vanilla leaves a smooth and long-lasting trail. An ideal scent for both everyday elegance and special occasions.",Formal / Special Occasions
741,XERJOFF,AMBERSTAR,"Citrus, Ylang-Ylang","Amber, Vanilla","Sandalwood, Resin","Amberstar by Xerjoff is a captivating fragrance that opens with citrus, ylang-ylang, creating a fresh and inviting first impression. The heart reveals amber, vanilla, adding depth and sophistication, while the base of sandalwood, resin leaves a smooth and long-lasting trail. An ideal scent for both everyday elegance and special occasions.",Date Night / Evening
742,XERJOFF,ALEXANDRIA III,"Lavender, Rosewood","Rose, Cedarwood","Oud, Amber, Sandalwood","Alexandria Iii by Xerjoff is a captivating fragrance that opens with lavender, rosewood, creating a fresh and inviting first impression. The heart reveals rose, cedarwood, adding depth and sophistication, while the base of oud, amber leaves a smooth and long-lasting trail. An ideal scent for both everyday elegance and special occasions.",Office / Daily
743,XERJOFF,ALEXANDRIA II,"Apple, Lavender, Cinnamon","Rose, Cedarwood","Oud, Amber, Vanilla","Alexandria Ii by Xerjoff is a captivating fragrance that opens with apple, lavender, creating a fresh and inviting first impression. The heart reveals rose, cedarwood, adding depth and sophistication, while the base of oud, amber leaves a smooth and long-lasting trail. An ideal scent for both everyday elegance and special occasions.",Formal / Special Occasions
744,XERJOFF,LA TOSCA CASAMORATI -,"Lemon, Mandarin","Rose, Eucalyptus","Musk, Vanilla","La Tosca Casamorati - by Xerjoff is a captivating fragrance that opens with lemon, mandarin, creating a fresh and inviting first impression. The heart reveals rose, eucalyptus, adding depth and sophistication, while the base of musk, vanilla leaves a smooth and long-lasting trail. An ideal scent for both everyday elegance and special occasions.",Formal / Special Occasions
745,XERJOFF,MAFISTO,"Grapefruit, Bergamot, Lemon","Lavender, Iris","Musk, Cedarwood, Amber","Mafisto by Xerjoff is a captivating fragrance that opens with grapefruit, bergamot, creating a fresh and inviting first impression. The heart reveals lavender, iris, adding depth and sophistication, while the base of musk, cedarwood leaves a smooth and long-lasting trail. An ideal scent for both everyday elegance and special occasions.",Office / Daily
746,XERJOFF,40KNOTS,"Sea Notes, Green Notes",Woody Notes,"Amber, Musk, Salt","40Knots by Xerjoff is a captivating fragrance that opens with sea notes, green notes, creating a fresh and inviting first impression. The heart reveals woody notes, adding depth and sophistication, while the base of amber, musk leaves a smooth and long-lasting trail. An ideal scent for both everyday elegance and special occasions.",Date Night / Evening
747,XERJOFF,ACCENTO,"Pineapple, Hyacinth","Jasmine, Iris, Pink Pepper","Musk, Amber, Vetiver","Accento by Xerjoff is a captivating fragrance that opens with pineapple, hyacinth, creating a fresh and inviting first impression. The heart reveals jasmine, iris, adding depth and sophistication, while the base of musk, amber leaves a smooth and long-lasting trail. An ideal scent for both everyday elegance and special occasions.",Office / Daily
748,XERJOFF,MEFISTO,"Grapefruit, Bergamot, Lemon","Lavender, Iris","Musk, Cedarwood, Amber","Mefisto by Xerjoff is a captivating fragrance that opens with grapefruit, bergamot, creating a fresh and inviting first impression. The heart reveals lavender, iris, adding depth and sophistication, while the base of musk, cedarwood leaves a smooth and long-lasting trail. An ideal scent for both everyday elegance and special occasions.",Office / Daily
749,XERJOFF,NAXOS,"Bergamot, Lemon, Lavender","Honey, Cinnamon, Cashmeran","Tobacco, Vanilla, Tonka Bean","Naxos by Xerjoff is a captivating fragrance that opens with bergamot, lemon, creating a fresh and inviting first impression. The heart reveals honey, cinnamon, adding depth and sophistication, while the base of tobacco, vanilla leaves a smooth and long-lasting trail. An ideal scent for both everyday elegance and special occasions.",Formal / Special Occasions
750,XERJOFF,ACCENTO OVERDOSE,"Fruity Notes, Green Notes","Jasmine, Lily","Musk, Amber, Woods","Accento Overdose by Xerjoff is a captivating fragrance that opens with fruity notes, green notes, creating a fresh and inviting first impression. The heart reveals jasmine, lily, adding depth and sophistication, while the base of musk, amber leaves a smooth and long-lasting trail. An ideal scent for both everyday elegance and special occasions.",Office / Daily
751,YSL,YSL BLACK OPIUM W,"Coffee, Pink Pepper, Orange Blossom","Jasmine, Vanilla","Patchouli, Cedarwood","Ysl Black Opium W by Ysl is a captivating fragrance that opens with coffee, pink pepper, creating a fresh and inviting first impression. The heart reveals jasmine, vanilla, adding depth and sophistication, while the base of patchouli, cedarwood leaves a smooth and long-lasting trail. An ideal scent for both everyday elegance and special occasions.",Date Night / Evening
752,YSL,BLACK OPIUM W,"Coffee, Pink Pepper, Orange Blossom","Jasmine, Vanilla","Patchouli, Cedarwood","Black Opium W by Ysl is a captivating fragrance that opens with coffee, pink pepper, creating a fresh and inviting first impression. The heart reveals jasmine, vanilla, adding depth and sophistication, while the base of patchouli, cedarwood leaves a smooth and long-lasting trail. An ideal scent for both everyday elegance and special occasions.",Date Night / Evening
753,YSL,LA NUIT,Cardamom,"Lavender, Cedarwood","Vetiver, Coumarin","La Nuit by Ysl is a captivating fragrance that opens with cardamom, creating a fresh and inviting first impression. The heart reveals lavender, cedarwood, adding depth and sophistication, while the base of vetiver, coumarin leaves a smooth and long-lasting trail. An ideal scent for both everyday elegance and special occasions.",Office / Daily
754,YSL,LA NUIT BLEU ELETRIQUE,"Cardamom, Ginger, Bergamot","Lavender, Geranium","Vetiver, Cedarwood","La Nuit Bleu Eletrique by Ysl is a captivating fragrance that opens with cardamom, ginger, creating a fresh and inviting first impression. The heart reveals lavender, geranium, adding depth and sophistication, while the base of vetiver, cedarwood leaves a smooth and long-lasting trail. An ideal scent for both everyday elegance and special occasions.",Office / Daily
755,YSL,TUXEDO,"Violet Leaf, Bergamot","Rose, Black Pepper","Patchouli, Ambergris, Vanilla","Tuxedo by Ysl is a captivating fragrance that opens with violet leaf, bergamot, creating a fresh and inviting first impression. The heart reveals rose, black pepper, adding depth and sophistication, while the base of patchouli, ambergris leaves a smooth and long-lasting trail. An ideal scent for both everyday elegance and special occasions.",Date Night / Evening
756,YSL,KOURUS SILVER,"Apple, Aldehydes","Sage, Geranium","Woods, Amber","Kourus Silver by Ysl is a captivating fragrance that opens with apple, aldehydes, creating a fresh and inviting first impression. The heart reveals sage, geranium, adding depth and sophistication, while the base of woods, amber leaves a smooth and long-lasting trail. An ideal scent for both everyday elegance and special occasions.",Office / Daily
757,YSL,KOURUS BLACK,"Citrus, Spices",Floral Notes,"Woods, Musk","Kourus Black by Ysl is a captivating fragrance that opens with citrus, spices, creating a fresh and inviting first impression. The heart reveals floral notes, adding depth and sophistication, while the base of woods, musk leaves a smooth and long-lasting trail. An ideal scent for both everyday elegance and special occasions.",Date Night / Evening
758,YSL,OPIUM W,"Spices, Mandarin","Jasmine, Carnation","Amber, Vanilla, Myrrh","Opium W by Ysl is a captivating fragrance that opens with spices, mandarin, creating a fresh and inviting first impression. The heart reveals jasmine, carnation, adding depth and sophistication, while the base of amber, vanilla leaves a smooth and long-lasting trail. An ideal scent for both everyday elegance and special occasions.",Office / Daily
759,YSL,PARIS,"Rose, Violet","Iris, Jasmine","Sandalwood, Musk","Paris by Ysl is a captivating fragrance that opens with rose, violet, creating a fresh and inviting first impression. The heart reveals iris, jasmine, adding depth and sophistication, while the base of sandalwood, musk leaves a smooth and long-lasting trail. An ideal scent for both everyday elegance and special occasions.",Formal / Special Occasions
760,YSL,Y EDP BLACK,"Apple, Bergamot, Ginger","Sage, Juniper","Tonka Bean, Amberwood, Vetiver","Y Edp Black by Ysl is a captivating fragrance that opens with apple, bergamot, creating a fresh and inviting first impression. The heart reveals sage, juniper, adding depth and sophistication, while the base of tonka bean, amberwood leaves a smooth and long-lasting trail. An ideal scent for both everyday elegance and special occasions.",Date Night / Evening
761,YSL,LIBRE -,"Lavender, Mandarin, Blackcurrant","Orange Blossom, Jasmine","Vanilla, Musk, Ambergris","Libre - by Ysl is a captivating fragrance that opens with lavender, mandarin, creating a fresh and inviting first impression. The heart reveals orange blossom, jasmine, adding depth and sophistication, while the base of vanilla, musk leaves a smooth and long-lasting trail. An ideal scent for both everyday elegance and special occasions.",Office / Daily
762,YSL,LIBRE VANILLE COUTURE,"Lavender, Citrus, Bergamot","Orange Blossom, Jasmine","Vanilla, Tonka Bean, Amber","Libre Vanille Couture by Ysl is a captivating fragrance that opens with lavender, citrus, creating a fresh and inviting first impression. The heart reveals orange blossom, jasmine, adding depth and sophistication, while the base of vanilla, tonka bean leaves a smooth and long-lasting trail. An ideal scent for both everyday elegance and special occasions.",Office / Daily
763,ZARA,ORCHID,"Bergamot, Rose","Lily of the Valley, Peach","Musk, Woods","Orchid by Zara is a captivating fragrance that opens with bergamot, rose, creating a fresh and inviting first impression. The heart reveals lily of the valley, peach, adding depth and sophistication, while the base of musk, woods leaves a smooth and long-lasting trail. An ideal scent for both everyday elegance and special occasions.",Office / Daily
764,ZARA,VIOLET BLOSSOM,"Apple, Bergamot","Violet, Rose","Musk, Vanilla","Violet Blossom by Zara is a captivating fragrance that opens with apple, bergamot, creating a fresh and inviting first impression. The heart reveals violet, rose, adding depth and sophistication, while the base of musk, vanilla leaves a smooth and long-lasting trail. An ideal scent for both everyday elegance and special occasions.",Office / Daily
765,ZARA,ROSE EDP,"Rose, Pink Pepper","Peony, Floral Notes","Musk, Woods","Rose Edp by Zara is a captivating fragrance that opens with rose, pink pepper, creating a fresh and inviting first impression. The heart reveals peony, floral notes, adding depth and sophistication, while the base of musk, woods leaves a smooth and long-lasting trail. An ideal scent for both everyday elegance and special occasions.",Office / Daily
766,ZARA,RED TEMPTATION,"Saffron, Bitter Orange","Jasmine, Amberwood","Moss, Musk","Red Temptation by Zara is a captivating fragrance that opens with saffron, bitter orange, creating a fresh and inviting first impression. The heart reveals jasmine, amberwood, adding depth and sophistication, while the base of moss, musk leaves a smooth and long-lasting trail. An ideal scent for both everyday elegance and special occasions.",Date Night / Evening
767,ZARA,RED VANILLA,"Blackcurrant, Pear","Iris, Vanilla","Praline, Patchouli","Red Vanilla by Zara is a captivating fragrance that opens with blackcurrant, pear, creating a fresh and inviting first impression. The heart reveals iris, vanilla, adding depth and sophistication, while the base of praline, patchouli leaves a smooth and long-lasting trail. An ideal scent for both everyday elegance and special occasions.",Date Night / Evening
768,ZARA,DEEP GARDEN,"Pear, Tuberose","Gardenia, Jasmine","Patchouli, Woods","Deep Garden by Zara is a captivating fragrance that opens with pear, tuberose, creating a fresh and inviting first impression. The heart reveals gardenia, jasmine, adding depth and sophistication, while the base of patchouli, woods leaves a smooth and long-lasting trail. An ideal scent for both everyday elegance and special occasions.",Office / Daily
769,ZARA,GARDENIA,"Orange Blossom, Peach","Gardenia, Coconut","Vanilla, Musk","Gardenia by Zara is a captivating fragrance that opens with orange blossom, peach, creating a fresh and inviting first impression. The heart reveals gardenia, coconut, adding depth and sophistication, while the base of vanilla, musk leaves a smooth and long-lasting trail. An ideal scent for both everyday elegance and special occasions.",Formal / Special Occasions
770,ZARA,SUBLIME EUROPE,"Citrus, Bergamot",Floral Notes,"Musk, Woods","Sublime Europe by Zara is a captivating fragrance that opens with citrus, bergamot, creating a fresh and inviting first impression. The heart reveals floral notes, adding depth and sophistication, while the base of musk, woods leaves a smooth and long-lasting trail. An ideal scent for both everyday elegance and special occasions.",Formal / Special Occasions
771,ZARA,MEN SILVER,"Lemon, Bergamot","Lavender, Cardamom","Musk, Woods","Men Silver by Zara is a captivating fragrance that opens with lemon, bergamot, creating a fresh and inviting first impression. The heart reveals lavender, cardamom, adding depth and sophistication, while the base of musk, woods leaves a smooth and long-lasting trail. An ideal scent for both everyday elegance and special occasions.",Office / Daily
772,ZARA,MAN GOLD,"Lemon, Spices","Lavender, Amber","Musk, Woods","Man Gold by Zara is a captivating fragrance that opens with lemon, spices, creating a fresh and inviting first impression. The heart reveals lavender, amber, adding depth and sophistication, while the base of musk, woods leaves a smooth and long-lasting trail. An ideal scent for both everyday elegance and special occasions.",Date Night / Evening
773,ZARA,MAN UOMO,"Bergamot, Black Pepper","Lavender, Iris","Leather, Woods","Man Uomo by Zara is a captivating fragrance that opens with bergamot, black pepper, creating a fresh and inviting first impression. The heart reveals lavender, iris, adding depth and sophistication, while the base of leather, woods leaves a smooth and long-lasting trail. An ideal scent for both everyday elegance and special occasions.",Date Night / Evening
774,ZARA,9.O,"Bergamot, Pepper","Lavender, Violet","Amber, Musk","9.O by Zara is a captivating fragrance that opens with bergamot, pepper, creating a fresh and inviting first impression. The heart reveals lavender, violet, adding depth and sophistication, while the base of amber, musk leaves a smooth and long-lasting trail. An ideal scent for both everyday elegance and special occasions.",Office / Daily
775,ZARA,VIBRANT LEATHER,"Bergamot, Lemon","Leather, Bamboo","Musk, Patchouli","Vibrant Leather by Zara is a captivating fragrance that opens with bergamot, lemon, creating a fresh and inviting first impression. The heart reveals leather, bamboo, adding depth and sophistication, while the base of musk, patchouli leaves a smooth and long-lasting trail. An ideal scent for both everyday elegance and special occasions.",Date Night / Evening
776,ZARA,SEOUL,"Citrus, Apple","Lavender, Geranium","Woods, Musk","Seoul by Zara is a captivating fragrance that opens with citrus, apple, creating a fresh and inviting first impression. The heart reveals lavender, geranium, adding depth and sophistication, while the base of woods, musk leaves a smooth and long-lasting trail. An ideal scent for both everyday elegance and special occasions.",Formal / Special Occasions
777,ZARA,LISBOA,"Lemon, Orange","Lavender, Neroli","Musk, Amber","Lisboa by Zara is a captivating fragrance that opens with lemon, orange, creating a fresh and inviting first impression. The heart reveals lavender, neroli, adding depth and sophistication, while the base of musk, amber leaves a smooth and long-lasting trail. An ideal scent for both everyday elegance and special occasions.",Office / Daily
778,ZARA,NIGHT POUR HOMME V,"Citrus, Apple","Spices, Lavender","Woods, Amber","Night Pour Homme V by Zara is a captivating fragrance that opens with citrus, apple, creating a fresh and inviting first impression. The heart reveals spices, lavender, adding depth and sophistication, while the base of woods, amber leaves a smooth and long-lasting trail. An ideal scent for both everyday elegance and special occasions.",Date Night / Evening
779,ZARA,APPLE JUICE,"Apple, Citrus",Floral Notes,"Musk, Woods","Apple Juice by Zara is a captivating fragrance that opens with apple, citrus, creating a fresh and inviting first impression. The heart reveals floral notes, adding depth and sophistication, while the base of musk, woods leaves a smooth and long-lasting trail. An ideal scent for both everyday elegance and special occasions.",Gym / Casual
780,ZARA,NIGHT POUR HOMME II,"Bergamot, Lemon","Lavender, Spices","Woods, Musk","Night Pour Homme Ii by Zara is a captivating fragrance that opens with bergamot, lemon, creating a fresh and inviting first impression. The heart reveals lavender, spices, adding depth and sophistication, while the base of woods, musk leaves a smooth and long-lasting trail. An ideal scent for both everyday elegance and special occasions.",Date Night / Evening
781,ZARA,NAVY BLACK,"Citrus, Pepper","Lavender, Sage","Amber, Woods","Navy Black by Zara is a captivating fragrance that opens with citrus, pepper, creating a fresh and inviting first impression. The heart reveals lavender, sage, adding depth and sophistication, while the base of amber, woods leaves a smooth and long-lasting trail. An ideal scent for both everyday elegance and special occasions.",Date Night / Evening
782,ZARA,8.O,"Apple, Bergamot","Lavender, Floral Notes","Amber, Musk","8.O by Zara is a captivating fragrance that opens with apple, bergamot, creating a fresh and inviting first impression. The heart reveals lavender, floral notes, adding depth and sophistication, while the base of amber, musk leaves a smooth and long-lasting trail. An ideal scent for both everyday elegance and special occasions.",Office / Daily
783,ZARA,TOBACCO INTENSE DARK,"Tobacco, Spices","Vanilla, Tonka Bean","Amber, Woods","Tobacco Intense Dark by Zara is a captivating fragrance that opens with tobacco, spices, creating a fresh and inviting first impression. The heart reveals vanilla, tonka bean, adding depth and sophistication, while the base of amber, woods leaves a smooth and long-lasting trail. An ideal scent for both everyday elegance and special occasions.",Date Night / Evening
784,ZARA,CHERRY SMOOTHIE,"Cherry, Almond",Floral Notes,"Vanilla, Musk","Cherry Smoothie by Zara is a captivating fragrance that opens with cherry, almond, creating a fresh and inviting first impression. The heart reveals floral notes, adding depth and sophistication, while the base of vanilla, musk leaves a smooth and long-lasting trail. An ideal scent for both everyday elegance and special occasions.",Date Night / Evening
785,ZARA,MARSHMELLOW CANDY,"Sugar, Marshmallow","Vanilla, Floral Notes","Musk, Woods","Marshmellow Candy by Zara is a captivating fragrance that opens with sugar, marshmallow, creating a fresh and inviting first impression. The heart reveals vanilla, floral notes, adding depth and sophistication, while the base of musk, woods leaves a smooth and long-lasting trail. An ideal scent for both everyday elegance and special occasions.",Date Night / Evening
786,ZOOLOGIST,BAT,"Fig, Soil Notes, Fruit","Leather, Incense","Vetiver, Musk","Bat by Zoologist is a captivating fragrance that opens with fig, soil notes, creating a fresh and inviting first impression. The heart reveals leather, incense, adding depth and sophistication, while the base of vetiver, musk leaves a smooth and long-lasting trail. An ideal scent for both everyday elegance and special occasions.",Office / Daily
787,ZOOLOGIST,BEE,"Orange, Ginger, Honey","Beeswax, Mimosa","Vanilla, Benzoin","Bee by Zoologist is a captivating fragrance that opens with orange, ginger, creating a fresh and inviting first impression. The heart reveals beeswax, mimosa, adding depth and sophistication, while the base of vanilla, benzoin leaves a smooth and long-lasting trail. An ideal scent for both everyday elegance and special occasions.",Formal / Special Occasions
788,ZOOLOGIST,MACAQUE,"Apple, Bergamot","Tea, Jasmine","Musk, Woods","Macaque by Zoologist is a captivating fragrance that opens with apple, bergamot, creating a fresh and inviting first impression. The heart reveals tea, jasmine, adding depth and sophistication, while the base of musk, woods leaves a smooth and long-lasting trail. An ideal scent for both everyday elegance and special occasions.",Office / Daily
789,ZOOLOGIST,RABBIT,"Carrot, Cinnamon",Floral Notes,"Vanilla, Musk","Rabbit by Zoologist is a captivating fragrance that opens with carrot, cinnamon, creating a fresh and inviting first impression. The heart reveals floral notes, adding depth and sophistication, while the base of vanilla, musk leaves a smooth and long-lasting trail. An ideal scent for both everyday elegance and special occasions.",Date Night / Evening
